{
  "type": "FeatureCollection",
  "features": [
{"type":"Feature","properties":{"Village":"Nandamuru"},"geometry":{"type":"Polygon","coordinates":[[[80.8531028281227,16.455375690618716],[80.85314227926385,16.455487719993414],[80.85328694184172,16.45589705906609],[80.85347543736832,16.456431353444128],[80.85343526500728,16.456448494890054],[80.85342635917347,16.456448476817723],[80.85375081820175,16.457353340448375],[80.85409678891723,16.458396030775795],[80.854153908338,16.458534049774848],[80.85417174420914,16.458529780167805],[80.85418926792195,16.458581484542567],[80.85425165746405,16.458572999437404],[80.85504978231499,16.458385042298076],[80.85524594013867,16.458342381360737],[80.8554242024698,16.45831690705404],[80.85583416250327,16.458266065816474],[80.85613711912706,16.458236536740305],[80.85618169664644,16.458228015142012],[80.85707682468014,16.458212595024587],[80.85750852222257,16.45825652052572],[80.85765982709033,16.458274047534744],[80.85789122503547,16.45830034676076],[80.85792684871689,16.4583004182916],[80.85792670513935,16.45832625244483],[80.8579352042609,16.458399467093795],[80.85793932221254,16.45845975572482],[80.85794336771401,16.458533081034368],[80.85795227364501,16.45853309891551],[80.8587497253668,16.45846568703995],[80.85883883246878,16.458457254106644],[80.85938232068705,16.458415284890464],[80.859462521815,16.458406833871205],[80.85961380309406,16.45842866516416],[80.85963606791151,16.458428709688757],[80.86074534296141,16.458331892959542],[80.86102156974614,16.458306609247106],[80.86115077719127,16.458293949509372],[80.86115961153801,16.458306884333524],[80.86117725637709,16.458337059673802],[80.86140659141093,16.458738069946833],[80.8614372613098,16.458828551567542],[80.8620833714933,16.458752333735042],[80.86239524631301,16.4587228133418],[80.8627338865106,16.458684734131943],[80.86395480942531,16.458540758851274],[80.86399936289097,16.45853654128209],[80.86399926770825,16.458553764057395],[80.86401260281475,16.458558096186778],[80.86441825166948,16.458481275567078],[80.8644316343528,16.458476996281917],[80.86511812797487,16.458344874270473],[80.865336513281,16.458310859223722],[80.86538999635543,16.458302353230774],[80.86550589217602,16.45828105306952],[80.86551925106022,16.458281079408906],[80.86565298245749,16.45825550858952],[80.867075114238,16.457961210631925],[80.86707956719243,16.45796121937842],[80.86782006175987,16.457725856750717],[80.86789130380237,16.457704467710712],[80.86791361596426,16.4576958999648],[80.86793147517584,16.457687323488244],[80.86923848603635,16.457272224335963],[80.86934556967284,16.457233681857378],[80.86941248212696,16.45721228384017],[80.86954185405472,16.457169479047263],[80.86956861902087,16.45716091981772],[80.86958645443966,16.457156648894756],[80.86934526025897,16.456480176360834],[80.86927173904185,16.456083904429008],[80.86922424882766,16.455812549859218],[80.86922488817625,16.455696296056114],[80.86923350863606,16.45493850215624],[80.86923926386672,16.45470169753243],[80.86924021102314,16.45452946965709],[80.86916742547253,16.453999601409137],[80.86916309101014,16.453978064222056],[80.86914996922516,16.453934981145753],[80.86915001658653,16.453926369751468],[80.86914130030793,16.453891906770515],[80.8691413239888,16.453887601073355],[80.86913715529835,16.45383592400535],[80.86895856705871,16.453112209999308],[80.86875468449387,16.452130101679472],[80.86873298892954,16.452026721381877],[80.86873301261886,16.452022415684073],[80.86890674362901,16.452009838221905],[80.8688277061856,16.451807313686345],[80.86880136830318,16.451738370267954],[80.86860807447866,16.45126003058964],[80.86853780107785,16.451083357549198],[80.86826968796152,16.45044557050478],[80.86802793769743,16.449872408960303],[80.86771608792216,16.4491139745831],[80.86770318024217,16.44903212815192],[80.86769027250686,16.448950293679662],[80.86767295945853,16.448859839076125],[80.8674997292088,16.448781995864955],[80.8674511759118,16.44870439718467],[80.86729234786367,16.448437117302653],[80.86713885074302,16.448010535177655],[80.86713004018205,16.447993294894296],[80.86693355072356,16.448096246853975],[80.86674796000591,16.447837537422327],[80.86614702004393,16.446996711077663],[80.86576684292983,16.44649648392385],[80.86535552281842,16.445991876946593],[80.86502363967121,16.445616622257695],[80.86462075302283,16.44519815735203],[80.86460746636922,16.44518521386356],[80.86455427221351,16.44514205130023],[80.86444793160229,16.445047102773803],[80.8643372097238,16.444939240252655],[80.86431063649115,16.44491335323886],[80.86423977457187,16.444844321185535],[80.86413788686215,16.44474939326634],[80.86409357444262,16.444710553898776],[80.86401828388084,16.444637195302896],[80.8639518272283,16.44457678336029],[80.86392523030293,16.444555201997073],[80.86373998014507,16.44423619811544],[80.86326790442652,16.44344729936336],[80.86315775560264,16.44323608745758],[80.86315335060436,16.44322746723051],[80.86312692062278,16.443175745866064],[80.86310927683208,16.4431455706544],[80.86294153017862,16.442882575456927],[80.86290621889736,16.44282653070001],[80.86289298014901,16.442804975702103],[80.86288414637988,16.442792040936347],[80.86281773833815,16.44272301723114],[80.8627119953015,16.442520437278176],[80.86267244599809,16.442425620383375],[80.86236847784834,16.442640316178068],[80.86172475181786,16.44309976349592],[80.86107721424287,16.44344294604541],[80.86099156469555,16.443632228233202],[80.8609870882116,16.443636525058952],[80.86096444334956,16.44370537187613],[80.8609266510901,16.444097131449567],[80.86087552459544,16.444484558674343],[80.86072418236849,16.444475645440967],[80.86052383719034,16.444470940085587],[80.86003416560371,16.444448433848667],[80.85974494885278,16.444422021486414],[80.85941566822804,16.444382611348832],[80.85900191941678,16.444321502847806],[80.85869047359192,16.444277821537415],[80.85846356875496,16.444247214556043],[80.85799194780124,16.444181682283492],[80.85758705729202,16.44412920026684],[80.85709762639239,16.44406363020363],[80.85662929763144,16.444209083042292],[80.8563124893303,16.444329017707137],[80.85625000858056,16.4443547262639],[80.85637812889487,16.444535825766348],[80.85657512014542,16.44514335663174],[80.85658819066423,16.4451950519],[80.85659673666305,16.44525965529197],[80.85660892087299,16.44547066135251],[80.85661732309627,16.44556111088481],[80.85662144040337,16.4456213996101],[80.85662550980409,16.445690299729034],[80.85678786118727,16.44692210555231],[80.85686539922979,16.447391599750784],[80.85686532738092,16.447404516839946],[80.85675271618061,16.447636800371264],[80.85673021307032,16.447679812512412],[80.8565823869508,16.447838839350492],[80.85647451538831,16.448019463333573],[80.85635088917778,16.44863065384172],[80.85591778729837,16.448845067845596],[80.85459226264082,16.449393536980878],[80.85437358584561,16.44948351498349],[80.85434686929612,16.449483460892573],[80.85431569998843,16.44948339778219],[80.85380207157256,16.449762242413783],[80.85279671434031,16.450388864242314],[80.85277844645316,16.45047063623257],[80.8531441935948,16.451156004233443],[80.8533249560023,16.451479313838018],[80.85340871831976,16.45163018481217],[80.85341755185281,16.451643119964423],[80.85352336207609,16.45183279927096],[80.8536820654588,16.452117312122095],[80.85368647023455,16.452125932539133],[80.85389349513156,16.452531092030995],[80.85427214086197,16.453302575037302],[80.85429849781283,16.453367214539966],[80.85432928362185,16.453436168748805],[80.85434678292376,16.453492178825307],[80.85431101607928,16.453517940851757],[80.85425738980396,16.45355227818662],[80.85380195001166,16.453775253882643],[80.85379297224155,16.453788152905478],[80.85309904181197,16.454458560093688],[80.8528572885834,16.454690579024607],[80.85287924044917,16.45474659826242],[80.85302828271531,16.4551688636574],[80.85305037890011,16.455199048723184],[80.85306787798778,16.455255058895357],[80.85308985401161,16.45530677241707],[80.85309856751181,16.455341236039562],[80.8531028281227,16.455375690618716]]]}},
{"type":"Feature","properties":{"Village":"Neppalle"},"geometry":{"type":"Polygon","coordinates":[[[80.8159341996828,16.411238638461597],[80.81594143269623,16.411183591283162],[80.81594860781439,16.411162953924926],[80.81594861939261,16.411156071960775],[80.81595582924282,16.41111478870971],[80.81595584082076,16.411107906745528],[80.81596306224525,16.411059741529765],[80.81599970185033,16.410502325960074],[80.81595728806884,16.41024764207072],[80.81590772247503,16.40999983159776],[80.81580922874566,16.409125664278633],[80.81579499445984,16.409098119340385],[80.81556750141759,16.408505996948175],[80.8154396488106,16.40810666994736],[80.81537595465343,16.40776935753413],[80.81507712004904,16.407142739200424],[80.81508430671204,16.407115219896767],[80.81512735704757,16.40699137675043],[80.81512027484477,16.406956958357178],[80.81511315782726,16.406943185863316],[80.81497127052843,16.406399320113024],[80.81481513843984,16.4058348103213],[80.81482227862777,16.40583481889177],[80.81480096260971,16.405772855475053],[80.81482259227592,16.40564898666008],[80.814829860223,16.405573293589757],[80.81465930941037,16.405091350120284],[80.81432483860877,16.404430258786892],[80.81432485024108,16.404423376819018],[80.81394058723441,16.403652113252914],[80.81386229069122,16.403507478194275],[80.81347800795032,16.402749977689922],[80.81340684047741,16.402612252156423],[80.81304387626618,16.40191671440126],[80.81305816803052,16.401909849690362],[80.81285183112314,16.401482898155333],[80.81277355957637,16.40132451785667],[80.81275939639023,16.401255680886905],[80.81256010724097,16.400883812563794],[80.81241784523735,16.40056704989484],[80.81239649544273,16.40052573212593],[80.81237518075417,16.400463768445835],[80.81235383097963,16.40042245067241],[80.8123467143901,16.40040867808077],[80.81234672609011,16.400401796111076],[80.81193378992981,16.399706195803724],[80.81196225607724,16.399761286226124],[80.81178365147025,16.3998230072486],[80.81144074532997,16.39993270226102],[80.81077634006328,16.400159017796256],[80.81066201808139,16.400207052258782],[80.81057627949906,16.400241357572092],[80.80993308008905,16.40059155286942],[80.8096972244017,16.400728903868597],[80.80946136835269,16.400866273714474],[80.80905402180673,16.401079115543403],[80.80892537156366,16.401154659388784],[80.80801787852793,16.40156648093431],[80.80718185347737,16.40193707588658],[80.80713898945467,16.40195078684469],[80.80682463724791,16.402060509556268],[80.80663887701618,16.402129099280458],[80.80637452841118,16.4022251384185],[80.80631023219806,16.402245704602944],[80.80532423578707,16.402629869931083],[80.80550134024962,16.403435301176103],[80.80540847121526,16.403462713495564],[80.80542265585235,16.403517786991223],[80.80446542734715,16.40377812747307],[80.80424395213623,16.403853552397013],[80.80370110273157,16.40402492231217],[80.80365823801472,16.404038632550222],[80.80282948663712,16.404333536399278],[80.80230074347187,16.404546212267473],[80.80229954998286,16.405227545664328],[80.80236974625709,16.40591585092524],[80.8023339971119,16.405943333802067],[80.80234105291916,16.405991516528783],[80.80196913563259,16.406348910484887],[80.80191191743447,16.40640391322618],[80.80190478930108,16.40639702225561],[80.8017184151278,16.406823469538317],[80.80171840305131,16.40683035149922],[80.80170411053719,16.406837215427764],[80.80085338328637,16.407428008460396],[80.80084621883155,16.40744176333495],[80.80005910112388,16.408411142252074],[80.79934348044803,16.409311808543453],[80.79930056562408,16.409353045702495],[80.79923615685932,16.409435547298223],[80.79920752261351,16.409476802639404],[80.79871353275443,16.410226326521254],[80.79856318335344,16.410453239547937],[80.79837627806747,16.411161862894055],[80.7983762292833,16.41118939072032],[80.79826706175277,16.412352342542906],[80.79825141435204,16.41312312240269],[80.79823631589115,16.41358421423638],[80.798243407547,16.413611751192914],[80.7982711397019,16.414079779778906],[80.79844823707661,16.41487833393395],[80.79845529222189,16.41492651674326],[80.79846188396364,16.415236213805365],[80.79727585490146,16.415640749270747],[80.79714008674723,16.4156956306128],[80.79658995865779,16.415866972229608],[80.79614684724318,16.416100388151023],[80.79630267554134,16.41680939353166],[80.79631680944718,16.416891995362263],[80.79632393775938,16.416898886517608],[80.79640228788548,16.417009098969835],[80.79665158789568,16.417346636461613],[80.79737147907471,16.41808412366469],[80.79740718221065,16.418084169502663],[80.7975567318504,16.41831146635867],[80.79773534551667,16.41825663971969],[80.79797831485575,16.418139957674146],[80.79873588002096,16.41776910936608],[80.79930772998709,16.417418858706984],[80.80007974067044,16.41695186748761],[80.80008688125753,16.41695187656316],[80.80016547625927,16.416924448563794],[80.80017262898102,16.41691757568281],[80.80116607026066,16.41639580586893],[80.8016305937638,16.41617620854331],[80.80180924492684,16.416086968595273],[80.80220936941978,16.415942952083086],[80.8027881153739,16.415737221855014],[80.80308809041868,16.415696307197603],[80.80316667670142,16.41566199608118],[80.80352390806668,16.415545451037374],[80.80368823651595,16.415490601359128],[80.80372396324628,16.415476863089403],[80.80382342642399,16.415766049653993],[80.80389437571763,16.416027653446257],[80.80427069950011,16.417191139366277],[80.80428488476636,16.417246212874193],[80.80439126252493,16.417666146101606],[80.8047402062745,16.418210448956568],[80.80504639211208,16.418706332936317],[80.80543094760304,16.41930554363448],[80.8057941311017,16.419877199156527],[80.80647075758182,16.420882807202627],[80.8065919356388,16.42100683295459],[80.80709835713046,16.42133779489376],[80.80714817588938,16.42143420411156],[80.80746852367223,16.42200580368954],[80.80747556939792,16.422060868143536],[80.80751116636286,16.42212284985252],[80.80801615694283,16.42328652591741],[80.80868057304558,16.423101531302883],[80.8092164533543,16.422916376796543],[80.8092306876927,16.422943922145247],[80.80926620264458,16.42305407723408],[80.80950775024104,16.42377698023733],[80.80954326549544,16.423887135273816],[80.80955037091286,16.42390778988968],[80.80957169898221,16.42396287178258],[80.80960721430534,16.424073026807033],[80.80964987052307,16.42418319057795],[80.80983468321669,16.424678918684922],[80.80996256989046,16.425057774653506],[80.8099768634596,16.425050910186044],[80.81214111519726,16.424723023016618],[80.81215540866698,16.42471615839957],[80.81219848824479,16.42457857132851],[80.81224826348108,16.424702507156553],[80.8122625452317,16.424702524485888],[80.81242045236033,16.42422786022061],[80.81252808022094,16.423925184088606],[80.81254957298289,16.423883918326474],[80.81257106573568,16.423842652561888],[80.81259972272518,16.423787631538616],[80.8127430659113,16.423478116583087],[80.81299446761032,16.4226112927535],[80.81319473703523,16.422418839787234],[80.81375259337455,16.421903365631255],[80.81375262835526,16.42188271976262],[80.81380264874166,16.421862134176774],[80.8138813371048,16.421779645407145],[80.81374595399859,16.421607432897606],[80.81373941958161,16.421249562546176],[80.81373944290243,16.42123579863291],[80.8138686174597,16.420857446000976],[80.81388288727574,16.420864345174163],[80.81389727363953,16.420802424776753],[80.81411269528421,16.420093841285933],[80.81426348832746,16.41959852086875],[80.81439992943359,16.419144474883115],[80.81484482451029,16.417857889498183],[80.81490936897423,16.417692799629517],[80.81501698929084,16.41739012195739],[80.81529699315314,16.416488919153302],[80.81534727883464,16.41631004808234],[80.81536882815507,16.41623437218425],[80.81538411844343,16.415635696939532],[80.81539168821165,16.41538105381811],[80.81540761636418,16.41440381327988],[80.81540117182536,16.413990867893567],[80.81543798762694,16.41333022316172],[80.81548198997429,16.412642059078113],[80.81563997197897,16.412112335961243],[80.8159055339229,16.411300541997914],[80.8159341996828,16.411238638461597]]]}},
{"type":"Feature","properties":{"Village":"Penamaluru"},"geometry":{"type":"Polygon","coordinates":[[[80.70466571555302,16.45281044615603],[80.7046567828775,16.45284454819692],[80.70461194761833,16.453074777322477],[80.70462912596281,16.45324535420714],[80.70469855112414,16.45368035287072],[80.70469852658947,16.453688880761796],[80.70471570498626,16.45385948132009],[80.70479371982452,16.454379768364166],[80.7047935481064,16.454439463598078],[80.70480235818201,16.45444800101009],[80.7048021619352,16.45451622413415],[80.70486400420464,16.454516290774492],[80.70540338097527,16.454346312878034],[80.70588093920101,16.454176267281635],[80.70607552057477,16.45409972462901],[80.7076318244093,16.453598215698896],[80.70766721150137,16.453581197514435],[80.70782479419762,16.454084536059106],[80.70802645327174,16.4546220092901],[80.70823682610116,16.45520215484709],[80.70839436276023,16.45572254871544],[80.70841191022355,16.45576520691859],[80.7085778924195,16.45641352836126],[80.70870921916237,16.456831535480102],[80.70870919480015,16.45684006337191],[80.70871788334705,16.4568912400808],[80.70889255626379,16.457599265860118],[80.70899679563718,16.458221937791087],[80.70899677128628,16.458230465681993],[80.70914452822983,16.459083366222],[80.70917933194805,16.45927101717177],[80.70929235928588,16.459910730317127],[80.70935330282418,16.460226327578862],[80.70935327848713,16.460234855468435],[80.7095794326583,16.46148040673306],[80.70957940833003,16.461488934621787],[80.70970988915158,16.46220541709305],[80.71016738696538,16.462871076498065],[80.7106682862106,16.46381820164338],[80.71081768069936,16.46409977965815],[80.71117790403422,16.46480797427998],[80.71150288648958,16.465482019743757],[80.71209081772932,16.466889739763346],[80.71216154757619,16.46687275776272],[80.71224111258552,16.466855784954824],[80.71247808887837,16.467410346290112],[80.71287417311724,16.467939489184797],[80.71315549797936,16.468434400495244],[80.71354236387404,16.469091451217583],[80.71371824817126,16.469381582526502],[80.71364754169471,16.469390037150937],[80.71363868224678,16.469398555877184],[80.71370907471653,16.46950096376849],[80.71384075893104,16.4697995770695],[80.71399870741405,16.47018373345999],[80.7140250926862,16.470226400319124],[80.71413913131178,16.470516467253383],[80.71457218365153,16.470474275199845],[80.71656073509675,16.470246064966503],[80.71692305572843,16.47022085150173],[80.71794828681485,16.470059865489702],[80.71805435863195,16.470042917424003],[80.71889414507508,16.469890266236494],[80.71892065102575,16.46989029304933],[80.7198221645892,16.469780103232022],[80.71983983521437,16.469780121029164],[80.71999891860195,16.469763225355692],[80.72004309516177,16.469763269808407],[80.7200961309094,16.469754795248953],[80.72115758363613,16.469320936586843],[80.72163530845958,16.46909968833333],[80.72198917184083,16.468938010957036],[80.72196285635877,16.46886976139392],[80.72191896553545,16.468767382637893],[80.72193670745477,16.468741816578703],[80.72198102654417,16.468690693262708],[80.72237089563187,16.468290269433364],[80.72237973087884,16.468290278223577],[80.72319487627045,16.467463879574606],[80.72321259416552,16.467446841294542],[80.72330123106124,16.467344594080878],[80.72368223583894,16.46695268682216],[80.72366475520165,16.46688444618895],[80.72365601488745,16.46685032587169],[80.72366492122141,16.46682475091995],[80.72370945285549,16.46669687615411],[80.72389643765483,16.466176857800114],[80.72411897521906,16.4655801230284],[80.72432386488528,16.464974842657362],[80.7246347030866,16.464395250060214],[80.7246437275367,16.4643270355654],[80.72465277565188,16.464250293171194],[80.7246707061634,16.464156503669614],[80.72472400055419,16.464054221022693],[80.72490150615246,16.463764446149465],[80.72534410942838,16.463457875329112],[80.72534425127343,16.463406707931163],[80.72537077999694,16.463398206014705],[80.72613942742161,16.4633989580696],[80.72661644819689,16.463425007145926],[80.7275437025466,16.463579411156015],[80.72819740126447,16.46361415584941],[80.72890411049661,16.46364894958335],[80.7289924139487,16.463666090486154],[80.72919552603321,16.46370039768068],[80.72968114859503,16.463811727321367],[80.72978693471875,16.463897108070114],[80.73030906956957,16.463582075005693],[80.73034447999463,16.463556525102156],[80.73115863658613,16.463071210467298],[80.7314064144464,16.462926471596628],[80.731415272832,16.462917952097403],[80.73153917330146,16.462841318591533],[80.73154803167743,16.462832799086488],[80.73161050761406,16.46260260443905],[80.73180702640789,16.46181822176534],[80.73228738192674,16.46062453034431],[80.7322874052618,16.46061600243706],[80.73241200380427,16.46028353114668],[80.7325193753231,16.459789012799924],[80.73253797799403,16.45944791318236],[80.73254807213604,16.458987461851383],[80.73264642119408,16.458561158281878],[80.73265530264246,16.45854411081376],[80.73274497969032,16.458058079767127],[80.73310014192832,16.45741029213331],[80.73360571238535,16.45659206297918],[80.73398718714198,16.456012498203496],[80.73420045204966,16.455560717742102],[80.73456443953498,16.454912911929338],[80.7349373056296,16.45424805783171],[80.73496390234186,16.454213970925412],[80.73516909415585,16.453480736203204],[80.73516911735923,16.453472208287984],[80.735507683817,16.45242356382392],[80.73552549201463,16.45237241277662],[80.73583752792956,16.451332270857158],[80.73587325985363,16.45118730541196],[80.73590008767447,16.451067939191585],[80.73583799144146,16.451161688817745],[80.73583796826915,16.45117021673535],[80.73574946115681,16.451229853717088],[80.7356255929264,16.451297962011537],[80.7352991344977,16.451144131414754],[80.73484029872887,16.450939032748032],[80.73288964089404,16.450382885453724],[80.73282784639395,16.45036577126899],[80.73203400685081,16.449904488265418],[80.73172531581966,16.449716580925003],[80.73145191627833,16.44954576254901],[80.73042806170679,16.44920364595672],[80.73023417346546,16.449032901935478],[80.72997889005252,16.448700068163706],[80.72990814484018,16.44872558424661],[80.7297135543963,16.448810677200864],[80.7287935355658,16.44926177400301],[80.72835104057245,16.449542793035825],[80.7283156324637,16.44956834267063],[80.72807677442663,16.44968750308815],[80.72777600463259,16.449832187125594],[80.72744875467117,16.449968317120973],[80.72707733212489,16.450104403703985],[80.72671486135289,16.45019785865724],[80.72656460529723,16.450223296224838],[80.72638796382635,16.45020606830374],[80.72553912613874,16.450469629071634],[80.72548576512509,16.450597495851287],[80.72521156633024,16.45071661835698],[80.72502663391279,16.450503238699092],[80.72449024164335,16.449598727231912],[80.72413890225315,16.44886495543436],[80.72412132824408,16.44883082638634],[80.72395475455197,16.44837013009479],[80.72379685002093,16.447969161445155],[80.72364768569543,16.44760228934993],[80.7233845059757,16.44693685043283],[80.72334942977392,16.446842984782204],[80.72320031449465,16.44645908022037],[80.72320936223342,16.446382337754024],[80.72321829136726,16.446348234846223],[80.72299930965403,16.445674287504183],[80.7229118692411,16.445350139333442],[80.72266690944453,16.44448855127342],[80.7225528252046,16.44421552043773],[80.72254406228868,16.444189927932072],[80.72214887797706,16.443345245972587],[80.72174488673691,16.442492026540307],[80.72149886483808,16.442014216846196],[80.72126163062782,16.441553447819],[80.72097175056392,16.44096473051547],[80.72057631726867,16.440213852602447],[80.72049731198905,16.44003468675666],[80.72047971555676,16.440009085311644],[80.72042666409133,16.440026088031654],[80.71990510220847,16.440153483787913],[80.71981669090366,16.440178978764095],[80.7197724255809,16.440213046023544],[80.71964841575868,16.440332312457713],[80.7196395817791,16.44033230357179],[80.719604150372,16.440366379680174],[80.71952459679112,16.440383355504224],[80.71917099861318,16.44046827870263],[80.71892347971125,16.440527724583642],[80.7188085900553,16.440544664465328],[80.71836665137216,16.440629497065547],[80.71809263005255,16.440688915136747],[80.71808379605802,16.440688906185056],[80.71788049444683,16.440731339755],[80.71765964744877,16.440773755312094],[80.71765967140624,16.440765227400018],[80.71765093323985,16.44073110678172],[80.71765112490203,16.44066288348474],[80.717642290909,16.440662874514484],[80.71764241069951,16.440620234953677],[80.71758169890953,16.440219360273936],[80.71747720108111,16.43968197039305],[80.7174684150623,16.439664905590536],[80.71730313509906,16.43875222457354],[80.71726777550074,16.43876071655041],[80.71562363547247,16.439134290766532],[80.71561477750477,16.439142809623732],[80.7149164406495,16.43931265138509],[80.71447445501906,16.43941453163397],[80.71383800168196,16.439558849727124],[80.71320154782315,16.439711693807332],[80.7128126124955,16.439796569639046],[80.71227340286171,16.439915400099526],[80.71207194012263,16.439309706986705],[80.71162509158265,16.43802147549342],[80.71147484313487,16.438046902394465],[80.71021849117811,16.438727844557324],[80.70938608645642,16.439443338319887],[80.70916470297091,16.43963071920949],[80.70919103450773,16.439690442531095],[80.70846484885038,16.440329293188203],[80.70856070714133,16.440781398712723],[80.70884896690389,16.441924470051312],[80.70905704169256,16.443306238224512],[80.70949385920093,16.445020860284785],[80.70956329255324,16.44545588149397],[80.7097604752413,16.447562534559836],[80.70939766081425,16.447775373829593],[80.70891985346834,16.448039234732413],[80.70870751318003,16.448149873076307],[80.70776089874731,16.448626456263586],[80.7074689503867,16.448771120368626],[80.70684969059143,16.449077465430378],[80.70539008478599,16.449749631636553],[80.70539003578402,16.449766687426216],[80.70546692399112,16.450679281251347],[80.7054841274074,16.450841330219504],[80.70548388242862,16.45092660915947],[80.70548300042985,16.451233637026178],[80.70548204499228,16.451566224875634],[80.70546432703976,16.451583261680653],[80.705260594872,16.451770656932066],[80.70497710660595,16.452051796916397],[80.70487070021247,16.452188129023302],[80.70479057643644,16.45240124066435],[80.70476368040217,16.452537658375608],[80.70474586417191,16.45258880668395],[80.70470132355454,16.452716677446418],[80.70466571555302,16.45281044615603]]]}},
{"type":"Feature","properties":{"Village":"Poranki"},"geometry":{"type":"Polygon","coordinates":[[[80.69910120853811,16.485756625206758],[80.69929084604243,16.486354808796502],[80.69948061476936,16.486838046686206],[80.69961102768406,16.487217678872092],[80.69978877331127,16.48781584319747],[80.699824366741,16.487896383711576],[80.70010897832698,16.488632721439348],[80.70080916997911,16.49005957876172],[80.70129506769983,16.491658595530645],[80.7016269940683,16.49267095169566],[80.70198275276645,16.49364881943466],[80.7020657413849,16.493867343103727],[80.70229111967399,16.494431086505898],[80.7025519666687,16.495190347083877],[80.70255195382849,16.49520184482309],[80.70287203567722,16.496179655102193],[80.70289576218849,16.4962371809965],[80.70318034018682,16.49705428600966],[80.70340567408276,16.497664019101787],[80.70345314057295,16.49776757302397],[80.70348869891284,16.497882606104426],[80.70377333314147,16.49865339993404],[80.70393938462051,16.499090573598767],[80.70398676241217,16.49927461154968],[80.70402233408677,16.499378146796353],[80.70441355369708,16.50055152723766],[80.70456766165428,16.501034672794294],[80.70463867903639,16.501356720415608],[80.70493446862434,16.502805897357156],[80.70494621185351,16.502943888646442],[80.70498149245323,16.50331187157004],[80.7050285800206,16.503760357090364],[80.70508739848361,16.50435833158202],[80.70528853600167,16.505347450608777],[80.70537127432925,16.50583048459371],[80.70541870574165,16.505968531229176],[80.7056320718873,16.506658727325377],[80.70578621278399,16.50711887637057],[80.70608260067779,16.50803915566417],[80.70640268696002,16.509017279300203],[80.70647389943308,16.509166860232373],[80.70668744921839,16.509696086973833],[80.70672303675698,16.509788123984563],[80.7066516598917,16.50978801359617],[80.7066278676034,16.509787976794627],[80.70701964703738,16.510512940495868],[80.70682924499549,16.51057013496498],[80.70690048354749,16.510696720290845],[80.70700757453592,16.510673890291365],[80.70717417165548,16.51062815664712],[80.70791197410574,16.510410837529907],[80.70881640067698,16.510090292112125],[80.70900681416845,16.51002159808358],[80.7094590425698,16.509861323492586],[80.70950665206702,16.509838400988322],[80.70957804141013,16.509827012671696],[80.70989936167614,16.50971252742461],[80.70998265951155,16.50968965945254],[80.71133918148203,16.509323803551794],[80.71144713429642,16.508496129934432],[80.71149521195993,16.508035973695634],[80.71153115887986,16.50779457564026],[80.71159115643916,16.50731176137385],[80.71163928234384,16.50680593347902],[80.71149778775484,16.505632946984626],[80.71149781240084,16.505609951511044],[80.71148600277255,16.505529449232625],[80.71148602741972,16.505506453758837],[80.71148603974329,16.505494956021924],[80.71143855480679,16.50540290163802],[80.7116769279751,16.504977847684987],[80.71168888538548,16.504920377105456],[80.71176074045033,16.504472073960635],[80.71190453561256,16.503494983347263],[80.71204809579056,16.502736349592993],[80.71211990000712,16.502334037169668],[80.71216778977829,16.502046665960286],[80.71227541542633,16.50151793251896],[80.71229921898664,16.501506470919566],[80.71307280625834,16.501128218511155],[80.71309660972517,16.501116756819055],[80.71389405470394,16.50070404417366],[80.7145723025863,16.500360135274526],[80.71458421029753,16.500348655468805],[80.71642863797285,16.49976504283501],[80.71645244108039,16.49975358075369],[80.71660717923402,16.49966183053517],[80.71667850440542,16.49970792845953],[80.71667849239479,16.499719426207914],[80.71882029574405,16.499136237522865],[80.72010532924716,16.498827705580855],[80.72183091259781,16.49810589540515],[80.72185471519283,16.498094432699062],[80.72305667866573,16.497578800109476],[80.72354459953887,16.497372555561444],[80.7235684019458,16.497361092656597],[80.72429433357308,16.49705171488627],[80.72530587850558,16.496615955835935],[80.72535348292924,16.496593029614978],[80.7265078925237,16.49603131649138],[80.72722195349681,16.495687417829018],[80.7272576507892,16.495675971712078],[80.72738854461744,16.495630169976184],[80.72741233521796,16.495630204388466],[80.72736483364334,16.495549651219306],[80.72734109993539,16.49549212798587],[80.727329227398,16.49546911524971],[80.72732923877517,16.49545761748648],[80.72729360980249,16.495400077037147],[80.72703250601744,16.494801814514986],[80.726700169494,16.494065475031714],[80.72668828570366,16.494053960022672],[80.72772354299684,16.493676095415108],[80.72783064501103,16.493630258998827],[80.72841372368532,16.49341264243841],[80.72925860705804,16.493080422878272],[80.72927050220439,16.49308043997609],[80.72927051346451,16.493068942208424],[80.7296869671601,16.492943064755924],[80.73090063976892,16.492565344418686],[80.73131709137996,16.492439463683237],[80.73173353135044,16.492325079880025],[80.73256639879523,16.49210780753295],[80.7327567755063,16.49205058913338],[80.73316132978997,16.491924687787847],[80.73323272231774,16.49190179348161],[80.73399423793077,16.491661418605176],[80.73444638182063,16.491524084276712],[80.73445828782927,16.491512603303985],[80.73461308773017,16.491340323106588],[80.73461309867311,16.491328825332086],[80.73543422718652,16.490939058011886],[80.73558892777784,16.490870288985587],[80.73657633856753,16.49038876866264],[80.73658824438202,16.490377287564616],[80.73788546462843,16.489666207324156],[80.73807585892757,16.489585988454426],[80.7384447628446,16.48941403583427],[80.73845665777597,16.4894140524065],[80.73852805949423,16.489379658485177],[80.73852810233372,16.489333667364317],[80.73851627167029,16.48926466411461],[80.73850438745917,16.489253149765602],[80.7382433213411,16.488585881879363],[80.73817209154875,16.48843631121671],[80.7377567497053,16.487389400231166],[80.7377448871608,16.487354890275856],[80.73728188463612,16.486399894121355],[80.73723440270152,16.48629634753066],[80.73667658295317,16.48498478561056],[80.7366765937681,16.48497328782721],[80.73637987726681,16.484282971940257],[80.73616624047796,16.483788266784273],[80.73603569302574,16.483477642900223],[80.73592894596574,16.483155522630142],[80.73568025190063,16.482350327092146],[80.73547866579426,16.481694636983097],[80.73538373878343,16.48145304958242],[80.73515836575628,16.48079732565751],[80.73502776731084,16.48054419004243],[80.73499213870126,16.480486650828905],[80.73452906713473,16.4796351284773],[80.73433910816692,16.479266930613637],[80.73416100036415,16.478944740533056],[80.73412538325735,16.478875703383522],[80.73411349993378,16.478864188786698],[80.73331737551509,16.47803518840358],[80.73328172584536,16.478000644475102],[80.73287770817005,16.477597648411795],[80.73221226380083,16.476941296316863],[80.73214095419112,16.476883705870062],[80.73128554255565,16.475882146417405],[80.73065603709559,16.474972888980183],[80.73064415421439,16.474961374188673],[80.73063227133458,16.474949859396496],[80.72986052593964,16.4735459905493],[80.72930258899542,16.47244136887724],[80.72926697477422,16.47237233090135],[80.72885134220785,16.471704860885463],[80.72855449256957,16.47119849839679],[80.72848325384135,16.47107191997382],[80.72845950009503,16.4710373923548],[80.72755693198559,16.469656322156062],[80.72746191838695,16.46951821124514],[80.72742629399455,16.469460670746564],[80.72682062564512,16.46853993836695],[80.72679688387882,16.468493912767762],[80.72678501299983,16.46847089996714],[80.72669005745502,16.46827529974524],[80.72634573541943,16.46767688289122],[80.72588272002511,16.46683683918406],[80.72584713088689,16.46674480503663],[80.72581151890643,16.46667576646962],[80.72571658807604,16.466457170213808],[80.72555041095414,16.466123492282865],[80.72545548067708,16.465904895905688],[80.72543173954617,16.465858870149905],[80.72539611640931,16.46580132930506],[80.72515880916583,16.465237559470044],[80.7246841066773,16.46420203965153],[80.72466025090061,16.464270991756575],[80.72464828849117,16.4643399643862],[80.72433847275896,16.46492591695257],[80.72413568474565,16.465523513514913],[80.72392100194187,16.466121118002317],[80.72374207934122,16.466638257903043],[80.72369436648411,16.466776161844024],[80.72368244982235,16.466799140035913],[80.72369430867123,16.46683365080016],[80.72370613283834,16.46690265493713],[80.72332514556018,16.467293054938466],[80.72324178628747,16.46739641315198],[80.723217987551,16.467407876107725],[80.72240838652829,16.46823456286929],[80.7223964929054,16.468234545404346],[80.72201547710459,16.468647906531412],[80.72196785584886,16.468693827726927],[80.72194404521258,16.46871678832042],[80.72199151483522,16.468820338367777],[80.72202712583204,16.46888937755556],[80.72167015238736,16.469049821662523],[80.7211822893041,16.469267561234783],[80.72013519761964,16.469702963286526],[80.72007571729036,16.46971437308736],[80.72002814244748,16.46971430268815],[80.71987351241877,16.469725571600485],[80.7198497132041,16.469737034163582],[80.7189456845281,16.46983917380447],[80.71892189709374,16.46983913847764],[80.71808918227377,16.46998737150834],[80.71798211494091,16.470010207641806],[80.71695908701777,16.47016965036499],[80.71659034527552,16.47020359233067],[80.7146038614476,16.470419068633877],[80.71417580317389,16.47046444674099],[80.71366431113206,16.470521163833098],[80.71310524378882,16.47057780769595],[80.71222502872433,16.47067995424168],[80.71120210377424,16.47073588873106],[80.71097610994836,16.47074704242018],[80.7101435300622,16.470791763777417],[80.7099413236635,16.470802952673537],[80.70992942989697,16.470802934498188],[80.70990571664208,16.470733911504837],[80.7098938228798,16.470733893327537],[80.70989384764047,16.470710897780577],[80.70912080291693,16.470663723717838],[80.70846664193881,16.47069721388242],[80.70843096066336,16.47069715910342],[80.70756280395648,16.47061533987573],[80.7074795602116,16.470603713918692],[80.70722980396533,16.470591831391864],[80.70712277275273,16.470580168634562],[80.70646870460273,16.470498674804258],[80.70621894382118,16.47052128443611],[80.70560043118158,16.470554820752444],[80.70497004995379,16.470565341244438],[80.70489868747386,16.470565230489715],[80.70483920606277,16.470576635944088],[80.70425623448725,16.47073669912105],[80.70310229204274,16.470987852570453],[80.70217396185804,16.471538295279505],[80.70209073092008,16.47151516941561],[80.70209071807875,16.47152666718031],[80.70207882427657,16.471526648558395],[80.70206686626052,16.471584118758997],[80.7019237880534,16.47192886015264],[80.70167325856077,16.47260683678685],[80.70156590474998,16.47288264718814],[80.7015658790024,16.472905642713446],[80.70150608763674,16.473192993501783],[80.70148229983036,16.47319295618756],[80.70143472421775,16.473192881551007],[80.7014346726902,16.473238872599673],[80.70137453310053,16.47383666289961],[80.70143400281238,16.473836756213927],[80.7014928413963,16.474400271750156],[80.70145714658395,16.47441171353282],[80.70138576983305,16.474423099318862],[80.70138573117467,16.47445759260118],[80.70134936613768,16.475066917904847],[80.70142071735735,16.475078527656066],[80.70140878464694,16.475113034211017],[80.70136098946269,16.47530842146844],[80.70120577373937,16.47583707567303],[80.70120574794278,16.475860071191114],[80.70076429744047,16.477078173987337],[80.70068088329633,16.477216016138524],[80.70056167008678,16.47745731386133],[80.70022815410125,16.4778822065681],[80.69940655165887,16.478708782647185],[80.6994421173212,16.47881231877412],[80.69943022307739,16.478812299994466],[80.69944210431555,16.478823816528084],[80.69925156209918,16.479030475537996],[80.69907292677512,16.479225655411664],[80.69906101947791,16.479237134363732],[80.69879924120359,16.479328702591744],[80.69860882836811,16.47942038346334],[80.69810900691883,16.479649547157603],[80.69726415106665,16.479993171193573],[80.69722845498872,16.48000461222813],[80.69773827823036,16.481408181975386],[80.69784501336463,16.481684297840363],[80.69784500026155,16.481695795589516],[80.69788056560643,16.481799331947602],[80.6982598792265,16.482949742297688],[80.69854435423656,16.483824055307153],[80.698591749571,16.48398509910837],[80.6988642285232,16.484951374785773],[80.69910120853811,16.485756625206758]]]}},
{"type":"Feature","properties":{"Village":"Prodduturu"},"geometry":{"type":"Polygon","coordinates":[[[80.76699419204635,16.40687707575941],[80.7666589849693,16.40775260638323],[80.76656626761577,16.407993888946933],[80.76644502254277,16.408283446732987],[80.76624529520289,16.409455418574236],[80.76615972024472,16.409875961296986],[80.76600993018113,16.41057225673628],[80.76579591289672,16.412240605902127],[80.76575311610226,16.412412970335527],[80.76556766285019,16.41315062706216],[80.7651539580926,16.41471555836761],[80.7651325596291,16.41479139009873],[80.76501130179055,16.415211930496774],[80.76471887544591,16.416197761008647],[80.76466181239712,16.416390786955805],[80.76421243524405,16.41794184972115],[80.76393423282117,16.419141561988994],[80.76427654645833,16.419369076828165],[80.76431933898913,16.41933460952301],[80.76446909666389,16.419527645258334],[80.7649682703329,16.420189480608887],[80.76511089846277,16.42036183393576],[80.76518221245743,16.420451457501034],[80.76576698954638,16.421189127376124],[80.76586682944858,16.421327009026154],[80.7667725110697,16.42246453387325],[80.76677964297357,16.42246453413661],[80.76751419716602,16.42335386989606],[80.76775665315591,16.423643420627936],[80.76851261042741,16.42458790459888],[80.76890483528145,16.425084274512546],[80.7689404940939,16.42512563871871],[80.7691972393459,16.425374016424858],[80.76920437135702,16.42537401660721],[80.76968933762207,16.425794554793107],[80.76972499707166,16.425822131117954],[80.77037398245896,16.42625645921101],[80.77038111435476,16.426263353228318],[80.77038824625106,16.426270247245395],[80.77117278098967,16.42570496369143],[80.77186457792156,16.42495334979738],[80.77218552231079,16.424581084356312],[80.77209994006725,16.424456993595903],[80.77218552531934,16.424332904801812],[80.77236372856063,16.42407093942019],[80.77311972465614,16.42300239491849],[80.77344779572563,16.42256118867374],[80.77348345553652,16.422512931706272],[80.77416098810471,16.421858015498472],[80.7743178898217,16.421623623815425],[80.77433215354225,16.421658093225094],[80.775145185294,16.420927341106314],[80.77518797626063,16.420885977691402],[80.77597960687035,16.420251736611565],[80.7760010022469,16.420237948697853],[80.77588689223376,16.42012764738739],[80.77585123283335,16.420086284334253],[80.77616502696685,16.419383106179552],[80.77617215870339,16.419376212240913],[80.77623634381645,16.419259015728333],[80.77625060721273,16.4192383339639],[80.77653587537013,16.41890742504055],[80.77697091010184,16.41861098339526],[80.77729897024354,16.418528252654163],[80.77805493308118,16.418293657616594],[80.77809772336778,16.41827986911638],[80.77896065991804,16.418017884877113],[80.77900345008267,16.418004096190497],[80.77923879605021,16.417935152140473],[80.77958111726531,16.41783862971112],[80.78205580726609,16.417211211320048],[80.78211999759768,16.41733529892824],[80.78214852476395,16.417342191771574],[80.78246232119176,16.41735596782358],[80.7827618431037,16.417107776310537],[80.78297579067856,16.417018147224947],[80.7831326856067,16.416956095827643],[80.78374600322518,16.416756146888364],[80.78450908346616,16.416521757885437],[80.78463032013357,16.416480388722004],[80.78467310957592,16.416466598869448],[80.78483000463476,16.416425227851008],[80.78482287148093,16.416397652654478],[80.78483713449661,16.416390758062292],[80.78486566089204,16.41638386276222],[80.78473726943629,16.415984023624276],[80.78464454039607,16.415653102396217],[80.78455181415882,16.415370457484844],[80.78433782581645,16.414605226968312],[80.78393126351648,16.413378095318063],[80.78382427355376,16.41304028043427],[80.78358177275085,16.4124543105938],[80.7833749348041,16.411951046460988],[80.78297552686023,16.41098589945693],[80.78293273368317,16.410889367593967],[80.78279008877868,16.410537784959857],[80.78269023697214,16.410275821107252],[80.78242634515311,16.40960710487079],[80.78229796660412,16.409296865528724],[80.78214105866287,16.40888323794849],[80.78211966222506,16.408828068462864],[80.7820483394072,16.40860746657354],[80.78172025470796,16.407545799922943],[80.78159900841202,16.407194196520525],[80.78159187629035,16.407173515091518],[80.7814991598542,16.406932232058455],[80.78128520063156,16.40640139041364],[80.78093573490695,16.40549138876147],[80.78087867994105,16.40535349354945],[80.7808002284632,16.405132891419054],[80.7807574376071,16.40503637823751],[80.78072177896921,16.40496744040092],[80.78065759012294,16.404739943883378],[80.7806219293438,16.404602047947705],[80.78056487286304,16.404402126754963],[80.78045789626263,16.404153949762474],[80.78038657910753,16.40400228618943],[80.78030813146584,16.403871285326847],[80.78027960526872,16.403829922781664],[80.78015836896115,16.403650684974508],[80.78016549997832,16.40364379088128],[80.78014410527328,16.403609322011334],[80.78009418466522,16.403540384462342],[80.78011557770974,16.403519702188152],[80.77996580847118,16.403050902369387],[80.78052202399833,16.402478674181545],[80.78042218896954,16.402526934392053],[80.7804721059436,16.40248556955659],[80.78035086534285,16.402147772269284],[80.7799800162895,16.401182618264393],[80.77993009434516,16.40104472256715],[80.77991583048896,16.400989571790667],[80.77958776829978,16.399879644067376],[80.77953071363048,16.399659021696316],[80.77945226237685,16.399307433048804],[80.7794522621927,16.399300539152648],[80.77944513002355,16.399259174038065],[80.77930250891865,16.399266071430734],[80.77785490342055,16.3992936789423],[80.77754113633995,16.399279894427384],[80.77634311708823,16.39923165267638],[80.77605074400684,16.399279912689803],[80.77560148745273,16.399341965002588],[80.77480993963506,16.39948674048686],[80.7746673182897,16.399514316412738],[80.77433215797724,16.39958325579172],[80.77339085545141,16.399776302330594],[80.77319831581315,16.399865922087365],[80.77309848048547,16.39989349714689],[80.77309848052522,16.39988660325389],[80.77262069715499,16.399976220750094],[80.772192929463,16.400120988784646],[80.77119458846055,16.400631143881508],[80.77100204563163,16.400803488294326],[80.77071679910868,16.40090689207674],[80.77052425742349,16.4009827215631],[80.77021761701513,16.401086124280276],[80.77009640665092,16.401134379159874],[80.76958295688824,16.401492869857176],[80.76936901904958,16.401637636694417],[80.76878426812311,16.402237409857246],[80.76842768302278,16.40313362499899],[80.76821373272102,16.40359552862482],[80.76762178844847,16.405160461504227],[80.76742924765726,16.40562236486969],[80.76740785135762,16.40569130303555],[80.7673864557735,16.40573955953875],[80.76712970109949,16.40650479145278],[80.76709404092686,16.406601304633757],[80.76699419204635,16.40687707575941]]]}},
{"type":"Feature","properties":{"Village":"Punadipadu"},"geometry":{"type":"Polygon","coordinates":[[[80.76049737020647,16.441082633538944],[80.7604969352659,16.441362324891962],[80.76049679856885,16.441450227887078],[80.76039697079003,16.441650001587785],[80.75937650698589,16.44192965261214],[80.75887883335744,16.441985558578995],[80.75853043341215,16.442057455889152],[80.75833123611343,16.442161327643],[80.75798259961151,16.442369074079988],[80.75750943989617,16.442656744906213],[80.75672910321268,16.443168122202955],[80.75667925619783,16.44322405663848],[80.75635524356996,16.443591647950345],[80.75622927054576,16.444590557473717],[80.75621952779957,16.445509564259016],[80.75630988407333,16.446060984754936],[80.75643391793142,16.446292738581167],[80.75649178202693,16.446412610731457],[80.75651662412288,16.446436586190405],[80.75689739863401,16.446892134652423],[80.75739434646546,16.447291730572324],[80.75742746955825,16.447323697709],[80.7578002806435,16.447571473386812],[80.75793298664713,16.447563491672003],[80.75828901182642,16.447939101915587],[80.75891040326398,16.44831475153663],[80.75896008854134,16.448362701884218],[80.75917536672047,16.448586468939215],[80.75920850280978,16.448610444622293],[80.75971371389276,16.449049991516834],[80.76004506412009,16.449297760645013],[80.76065807049247,16.449737311836895],[80.76118020956649,16.449961116664646],[80.76122990822462,16.450001075304492],[80.76177659480986,16.450440619572788],[80.76270453892575,16.451024044611597],[80.76326792961734,16.451391665254523],[80.76336734245291,16.451447608015236],[80.76371531306839,16.451679389800887],[80.76429525781094,16.452070981960166],[80.76517341919171,16.452678367661132],[80.76556280092942,16.452950081611487],[80.76607635559783,16.453373653461867],[80.76622533526235,16.45357343765365],[80.76624186146677,16.4536133940584],[80.76658126682999,16.4540129855526],[80.76693711352118,16.45452443122932],[80.76745849509278,16.45525965578406],[80.7676322493498,16.455531360197416],[80.76764054303511,16.45553136040662],[80.7679462823752,16.456258587014627],[80.76797933593863,16.456338499545822],[80.76807011823952,16.456634130738607],[80.76809489030533,16.456706051883145],[80.76810313553918,16.456738016771475],[80.76834245444081,16.45752914841211],[80.76843321353061,16.457840806170676],[80.76863948050612,16.45855224694964],[80.76864772590332,16.458584211813054],[80.768829125308,16.45928743871017],[80.7689191482279,16.460086557736126],[80.76893568761342,16.46011852274571],[80.7692166163421,16.460821751140063],[80.76954725146635,16.461548953476917],[80.76957204881477,16.46160489208538],[80.76977048840985,16.46201244498768],[80.76978702809473,16.46204440992803],[80.77007650959352,16.46257982265564],[80.77008475538811,16.462611787455394],[80.77009296504254,16.46266772576725],[80.77010123493794,16.462683708224557],[80.77010943255284,16.46274763770625],[80.77015078206658,16.462827549985878],[80.77048141606036,16.46349881260292],[80.77086171551831,16.46431391626943],[80.77122582601478,16.464865310478398],[80.7712340840921,16.464889284059765],[80.77132512705099,16.465017143546795],[80.77163134916405,16.465456660185517],[80.77208655579076,16.466103947528943],[80.77279008857221,16.467087085445442],[80.77285631069826,16.46717498838522],[80.7735450613592,16.466951235242853],[80.77411768027478,16.46673547159249],[80.77458240271454,16.466567654185134],[80.77483967607121,16.466463544977884],[80.77606794280565,16.46596807837667],[80.77604324929872,16.465840219984322],[80.776001967578,16.46571236182153],[80.77553921149993,16.464553647884163],[80.77561392909305,16.464505699946653],[80.77608695081886,16.46432988780948],[80.77679227593464,16.46410612351808],[80.7770412152151,16.464026207174907],[80.77707434437085,16.464058171233155],[80.77702476828597,16.46393031340625],[80.77741487047626,16.463738517443854],[80.7778130899587,16.463666588170156],[80.77784627783541,16.46365859623605],[80.77782979534457,16.4635866760463],[80.77782980707582,16.4635786848718],[80.77927376253778,16.46303524691269],[80.77948952343944,16.462955328610416],[80.78081722631379,16.46249978637152],[80.78129020385002,16.462347935868948],[80.78157232659767,16.46226002158841],[80.78210340701288,16.462076202140587],[80.7829000200263,16.461804466005738],[80.78294151286775,16.46178848168637],[80.78375466552164,16.461548706196538],[80.78463419063371,16.461292941488555],[80.78467568322813,16.461276956822015],[80.78487482928189,16.461213016195067],[80.78598649913421,16.460853347134602],[80.78601139229195,16.460845354409365],[80.78624375869416,16.46074944567983],[80.78665863642512,16.460621560141686],[80.78736392507317,16.46040575105989],[80.78741371116327,16.460389765275828],[80.78774563709744,16.46026987443938],[80.78905665890318,16.459854236515557],[80.78920599379835,16.459822260275836],[80.78925576833247,16.459814265233312],[80.7892723673499,16.459806272760783],[80.7895131935815,16.459590491960856],[80.7895298038192,16.45957450828352],[80.78950495596604,16.45955053669569],[80.78918270035521,16.4586955052632],[80.78915792024229,16.458623586527555],[80.78888544197535,16.457760337581952],[80.7885796665871,16.456985215733898],[80.78848050280874,16.456729505202492],[80.78809212128557,16.45572268874338],[80.78792686945434,16.45528316324412],[80.78783597841338,16.455043434165223],[80.78743938926318,16.453980612101038],[80.78735680439638,16.453732868838344],[80.78729077290753,16.453509120161094],[80.78718457791884,16.452366365497063],[80.78719303028886,16.452254466098612],[80.78725122124844,16.452158567867098],[80.787351355942,16.451727036838122],[80.78724542224357,16.45040046245952],[80.7872455129475,16.450336532941947],[80.78703152786788,16.449177802878186],[80.78703155056,16.449161820497196],[80.7870405247501,16.448682326296563],[80.78699993147191,16.44806698519136],[80.78695147630741,16.44714797931325],[80.78695983773358,16.44710003160174],[80.78695986042918,16.447084049217665],[80.78696821050292,16.447044092697563],[80.78697658326728,16.44698815379269],[80.78696833532436,16.44695618958432],[80.78693571811343,16.446564601202397],[80.7869608363525,16.446396784481568],[80.78681350957488,16.445022287112614],[80.78678884557762,16.444870433899933],[80.78673114491112,16.44462271076488],[80.78670637878282,16.444542800480672],[80.7864342027963,16.44348795866177],[80.78640943692795,16.44340804833699],[80.78639291881245,16.443360080050603],[80.78619458790305,16.44286463882476],[80.78613674062653,16.44272080102931],[80.78588865225196,16.44222534047265],[80.78564885823216,16.441729879103754],[80.78539252484401,16.441202475868614],[80.78531828860665,16.441082612411478],[80.78512795887065,16.4407949185277],[80.78483831873902,16.440363410912163],[80.7847472667041,16.440243548222128],[80.78475575415868,16.440107675214612],[80.7846895470846,16.440011784657756],[80.78463976599667,16.440027769884544],[80.78406020486332,16.439364532803427],[80.78315663508424,16.43910883931057],[80.78301549308846,16.439220723031667],[80.78290784520546,16.43910885156051],[80.78296595370962,16.4390688927487],[80.78299918321245,16.439028935143032],[80.78299090172541,16.439020944353896],[80.78294120130982,16.438980990808293],[80.78291634535542,16.438965009629133],[80.782295501467,16.43818187958779],[80.78204717452229,16.437862242979175],[80.78198922783642,16.437790324793692],[80.78173268988526,16.437414727606953],[80.78154232268754,16.43715901745995],[80.78127757453886,16.436727481687033],[80.78124437981172,16.436743465438813],[80.78113645638123,16.436823381783675],[80.78111154294403,16.436847356375917],[80.78107004366854,16.436871353827314],[80.78033140654316,16.437262950676708],[80.78019034563455,16.437318894142855],[80.78001611296285,16.437374838675485],[80.77969249118293,16.43751070005836],[80.7797090188416,16.43755065548033],[80.77963433592092,16.437582622748167],[80.77922772586132,16.43775846430756],[80.77925253472553,16.437806410699785],[80.77959152051417,16.438509647124395],[80.77967448515693,16.438485648600107],[80.78007154785445,16.439172899910858],[80.7800051689941,16.4391968758133],[80.78003825960212,16.43925281301607],[80.77993040407213,16.439284781533814],[80.7793827396352,16.43950857529447],[80.779125154743,16.439852204633578],[80.77914161249615,16.439940107251832],[80.77855307624199,16.43975632702841],[80.7765303560625,16.439228932739113],[80.77622353871469,16.43921295572648],[80.77575092051151,16.439157024780627],[80.77575093231319,16.439149033588684],[80.77570956177047,16.439085104651422],[80.77532906516664,16.4384218186385],[80.77470664286037,16.438725513015996],[80.77390974524631,16.43924494654641],[80.77369375882806,16.439492696781112],[80.77367716092652,16.439500688048906],[80.77364388190274,16.439572608913664],[80.77363558889196,16.43957260895046],[80.773460971735,16.439884266065597],[80.77335259117595,16.440267865734377],[80.77267207283548,16.440595505446556],[80.77235674573568,16.440723364155726],[80.77164308776102,16.441027049046372],[80.7711036783363,16.441266781198014],[80.77103724971518,16.441322718986044],[80.77089609927063,16.441434594424155],[80.7707301174197,16.44151450477854],[80.77063884536275,16.441546468635657],[80.7706056369501,16.441570441863025],[80.77056411140369,16.44161039737352],[80.77007463303144,16.441810193604123],[80.7697925349851,16.441898092884394],[80.76952705908553,16.44196201847741],[80.76949387458617,16.441970009152726],[80.76939435617204,16.44198598996114],[80.76930310781742,16.442001970857852],[80.76925333707877,16.442009961222315],[80.76922017670172,16.442001969481954],[80.7690958162559,16.441977993798666],[80.76893839214233,16.441882096769625],[80.76878934593617,16.44173023928019],[80.76857400356893,16.441546437833377],[80.76849964403519,16.441362639060127],[80.76842516361357,16.441258752120973],[80.7682265535781,16.440979056425103],[80.76812742446631,16.440723314106783],[80.76813579020757,16.44067536716987],[80.76811937370437,16.440563490195903],[80.76809480956106,16.440355718797573],[80.76797939786894,16.439900196362775],[80.76739920084839,16.43970839397989],[80.76726648833971,16.4397243729516],[80.7671503739931,16.439732361092783],[80.76646194420233,16.439804262393196],[80.76643705296907,16.439812252836585],[80.76579014742977,16.439860179604793],[80.76579015963928,16.439852188419106],[80.76587335835688,16.439676385051584],[80.76587337056287,16.4396683938657],[80.76581542936333,16.43959647129287],[80.76550853920246,16.439628425727836],[80.76507738842216,16.4395724721832],[80.76474575247585,16.4395325039277],[80.76440591102674,16.43942061415397],[80.76409082617,16.439388636707434],[80.76385860994493,16.439396618227363],[80.76282983270761,16.439700237335096],[80.76281323435579,16.43970822773727],[80.76273862192842,16.439692241834546],[80.7626805831955,16.43968424788305],[80.7626639848391,16.439692238273366],[80.76259772713973,16.439636296797914],[80.7622912687902,16.439388555082296],[80.76222501130096,16.439332613490254],[80.76219188878308,16.43930062489673],[80.76192694585667,16.439020919991677],[80.7618524822078,16.43890903956849],[80.7617946152503,16.43880515116685],[80.76168720266813,16.438549427642506],[80.76143887218161,16.438253718426814],[80.76097505014145,16.437878107347053],[80.760395166389,16.437478492734694],[80.76010512402104,16.43735860777627],[80.75993940275235,16.437270694744832],[80.75988968266634,16.437246718165376],[80.75985641144385,16.437310645613948],[80.760219682652,16.438349543705076],[80.76023616906934,16.43841347415865],[80.76025269280251,16.438453431060292],[80.76057424406355,16.439644180684027],[80.76051565873314,16.439987798169405],[80.76051452797088,16.44071501794627],[80.76049737020647,16.441082633538944]]]}},
{"type":"Feature","properties":{"Village":"Royyuru"},"geometry":{"type":"Polygon","coordinates":[[[80.73522728779753,16.39796063530889],[80.73556507991084,16.398602022462168],[80.73570584148096,16.398861314545453],[80.73577625893876,16.398970511518414],[80.73579030834217,16.399011436674282],[80.73646595060765,16.400266943225475],[80.73643765685658,16.400294154508224],[80.73645170648949,16.40033507961815],[80.73677478611474,16.401289989478727],[80.73680290995198,16.40135820696217],[80.7371402761764,16.402244979887822],[80.73715432609043,16.40228590494738],[80.73730909381135,16.40261338636529],[80.73735131650635,16.402695263448685],[80.73742168774227,16.40283172523523],[80.73759055486892,16.403172866110673],[80.7376187277186,16.403213818110373],[80.73787199329948,16.403745978157627],[80.73791424068176,16.403814222441312],[80.73804098300386,16.404018955241302],[80.73812545383224,16.40416907641669],[80.73822399926203,16.404346489858792],[80.73843511682506,16.404755874258196],[80.73864620825691,16.405069829281153],[80.73866028284367,16.40509712155259],[80.7387166295478,16.405179025260967],[80.73904049125099,16.405724951051774],[80.73904046711375,16.40573858373536],[80.73906866476581,16.40576590285688],[80.73906864063048,16.40577953554044],[80.73913906173794,16.405889110064084],[80.73920948359381,16.405998305878477],[80.73935037577193,16.406189432069823],[80.73982940159092,16.40684471349075],[80.73984350055028,16.406858372999558],[80.73985747910278,16.406940195922292],[80.73994212109301,16.40699488758396],[80.74080475609202,16.406355785603942],[80.74117243409196,16.406083827342055],[80.74142698349159,16.40589345081957],[80.74152598877077,16.40581146301886],[80.74227548656376,16.405253937193716],[80.74302498010529,16.40469640860551],[80.7432512563165,16.404519609266814],[80.74326537919482,16.40451963586027],[80.74400072050058,16.403975709772237],[80.74422697123026,16.403812542038548],[80.74467947156344,16.403486205816993],[80.7446936181099,16.40347259962068],[80.745231043201,16.403037359585404],[80.74537236571189,16.402983093355534],[80.74544302693842,16.40295596020445],[80.74571152522176,16.40286103362735],[80.74572567165175,16.40284742735912],[80.7457539408394,16.402833847514433],[80.74581052652805,16.402779422423702],[80.74588128225201,16.402697758342793],[80.74643310873745,16.40209894919429],[80.7464472550622,16.402085342875043],[80.74650384034156,16.40203091758807],[80.74664527979908,16.401908486997776],[80.74677257280044,16.40179966265153],[80.74680086535766,16.401772449964316],[80.74757895467462,16.400996834104635],[80.74784777852068,16.400711046934507],[80.74793267876073,16.400615775705493],[80.74794682487416,16.40060216928046],[80.74828637798117,16.400248349379076],[80.74835710827298,16.40018031711903],[80.74888039367944,16.399745041131176],[80.74912068772653,16.39962279225753],[80.7491207111549,16.399609159554963],[80.74955956251142,16.3989964994783],[80.7497435523791,16.398765083566218],[80.75001260364627,16.39834296643055],[80.7501683708647,16.39809786514245],[80.75025331553393,16.39797532750956],[80.75046571173812,16.397648534204727],[80.7508479951414,16.39707666491445],[80.75089047870385,16.397008579599532],[80.75108870388449,16.39670902494984],[80.75110289606984,16.396668152883496],[80.75117339126514,16.39673644670728],[80.75171148082302,16.395892208075374],[80.75179640032184,16.3957833024774],[80.75216453072814,16.395225037289425],[80.75222120526203,16.39511607953218],[80.75236286812077,16.39485731777575],[80.75321279106741,16.39333201042248],[80.75324110463706,16.393291164102422],[80.7537647995967,16.392596853661097],[80.75397713787036,16.39229732191723],[80.75423255707355,16.391574874528246],[80.75445906154026,16.391248102648582],[80.75474216802809,16.39085327014724],[80.75547795464006,16.38999574947032],[80.75566158455428,16.38996881880371],[80.75570401896286,16.389927997870945],[80.75573230855878,16.389900783910793],[80.75566183713865,16.389818858860554],[80.75554904623694,16.38970959108697],[80.75553494738304,16.38969593261105],[80.75594519148169,16.389274064671902],[80.75610082931566,16.38909712219747],[80.75673747655328,16.388403085215828],[80.75675162116991,16.38838947816234],[80.75745880382823,16.387736389672835],[80.75762858356609,16.38754583890278],[80.7576427052372,16.387545864513832],[80.75782656067072,16.387382604641108],[80.75806697082962,16.387178510882805],[80.75816595905583,16.387096893562074],[80.7586185113688,16.386702362334624],[80.75863265573227,16.386688755149066],[80.75895763461267,16.386580280556284],[80.7589865596313,16.386171349693463],[80.75908588776235,16.38588524095942],[80.75945456867758,16.384972473052546],[80.75946873554929,16.384945233073655],[80.75987982244796,16.384005275274593],[80.75990811060579,16.38397806071843],[80.76065794739365,16.38313417890733],[80.76070035667234,16.3831069896428],[80.76111037269428,16.3828077677996],[80.76113866050856,16.38278055307037],[80.76115280441276,16.38276694570426],[80.76119521354411,16.38273975633709],[80.76123762266377,16.382712566961153],[80.76128003177176,16.382685377576443],[80.7612941530968,16.38268540293777],[80.76132277927435,16.382453697120845],[80.7613512249155,16.382331053196957],[80.76135147305453,16.382181093080153],[80.7613245164308,16.381403938404056],[80.76132453898983,16.381390305665075],[80.76133949485718,16.380885919667143],[80.76133972043046,16.38074959226974],[80.7613541348462,16.380572392005778],[80.76135415740224,16.380558759265693],[80.76135424762623,16.38050422830519],[80.76136839134927,16.380490620919293],[80.76136841390424,16.380476988179083],[80.76138296365542,16.380217953596198],[80.76138303131631,16.38017705537443],[80.7613830538699,16.380163422633807],[80.76135487924942,16.38012247370502],[80.76115767980247,16.37982219835693],[80.76114358125359,16.379808540248312],[80.76094654052388,16.379412835514092],[80.76076357645003,16.37904442146745],[80.76059466633404,16.37871689301888],[80.76045338809948,16.378757537155824],[80.76001681345214,16.378047846322485],[80.76000266981518,16.37806145362179],[80.75997440518458,16.378075035475554],[80.75991807978941,16.377979504494643],[80.75986177710547,16.377870340756488],[80.75984770144417,16.37784304981955],[80.75986184507578,16.377829442530306],[80.75984786004794,16.377747620624728],[80.75972104333317,16.37758379860167],[80.75956603035783,16.377392622207385],[80.75946743328302,16.377242483716],[80.75914351468874,16.376723853253104],[80.75901676736,16.37651913257779],[80.75894632199908,16.376423575826745],[80.7588899975712,16.37632804456875],[80.75877739440222,16.376109678652064],[80.7587774171324,16.376096045908863],[80.75827075121973,16.375086303444526],[80.75821440472991,16.37500440474724],[80.7582003522683,16.37496348095447],[80.75814402861552,16.374867949494117],[80.75805955469089,16.37471779803423],[80.75801735191702,16.374622292109322],[80.75794697607387,16.37448583678905],[80.75787660032758,16.3743493814448],[80.75783432933895,16.374294773715896],[80.7577779148629,16.374253773134885],[80.75776381694722,16.374240114801157],[80.75756646914586,16.374035265286118],[80.75749595692227,16.373980606282558],[80.75749597973913,16.37396697353794],[80.75742551320312,16.373885049021723],[80.7573832424395,16.37383044120287],[80.75736916740715,16.373803150098237],[80.75722846296662,16.373502973509282],[80.75708748481787,16.37336638976462],[80.75701701872994,16.373284427243473],[80.75673522331691,16.372915830164],[80.75581960767744,16.371591746292562],[80.75553765627247,16.371318576837037],[80.75483324121694,16.370362958766666],[80.75380134238536,16.37101548375567],[80.75149146152587,16.367562033323413],[80.74994218015813,16.36525519516957],[80.7498859566161,16.36510513051322],[80.74988597995147,16.365091497765157],[80.74901051372028,16.36510350993934],[80.74881283307589,16.365103143499745],[80.74785266999595,16.36510136101139],[80.74749966888449,16.365100704584442],[80.74593241491519,16.36505688467302],[80.74429456171602,16.365012882834257],[80.74449302461147,16.364563373006806],[80.74470565394324,16.364086623928582],[80.7438313799806,16.36341693960147],[80.74046156524754,16.360656686374707],[80.73831870192116,16.358880317562527],[80.7354848889715,16.356529988752854],[80.73363795049201,16.355040428395068],[80.73231837518162,16.358637052634986],[80.73228996421294,16.3587324272314],[80.7313246536659,16.361620785263153],[80.73121112902193,16.36193411926336],[80.72966472387127,16.365980165202156],[80.72949446592706,16.36642975330549],[80.72945188276704,16.366552365380368],[80.72919655608969,16.367192608546834],[80.72750840314336,16.37151101469984],[80.72583414525334,16.375911228405563],[80.72442842446631,16.380121096927617],[80.72432917464678,16.380339063144472],[80.72391878183781,16.38081539987591],[80.72414444362083,16.380965805310296],[80.72459514042643,16.38160743292384],[80.7248908576225,16.382057933897578],[80.72610225795383,16.38370991582547],[80.72618671105305,16.383860041819926],[80.72710194189551,16.385293312503435],[80.72776383359084,16.386289836107053],[80.72805954021781,16.38675392747146],[80.72881999528971,16.38791423325498],[80.72914393580311,16.388364745417245],[80.73041120582958,16.390398414589384],[80.73049568976865,16.390534906158134],[80.73094625629254,16.39127194908014],[80.7309603535194,16.39128560917937],[80.73128429436062,16.39176338351975],[80.7320869662805,16.393005896562656],[80.73317144383223,16.39463028869563],[80.7333403947415,16.394916902274158],[80.73338283481813,16.394876085945292],[80.73343920093423,16.394944358381245],[80.7334955915996,16.394998998111014],[80.73358012864789,16.395108223060042],[80.73366464129134,16.395231080666456],[80.73374910505422,16.395381203621106],[80.73386171544223,16.395585911737786],[80.73391803296437,16.395681449427915],[80.73396027726137,16.395749694512876],[80.7343968782404,16.396391273929293],[80.73450961208212,16.396527818246174],[80.73469251786707,16.39690988674333],[80.73498801258799,16.39751029527742],[80.7350442579857,16.397646730733353],[80.73505838035884,16.397646757871023],[80.73522728779753,16.39796063530889]]]}},
{"type":"Feature","properties":{"Village":"Tadigadapa"},"geometry":{"type":"Polygon","coordinates":[[[80.68430585458644,16.4833649584682],[80.68633198432704,16.482989931152858],[80.68778279010877,16.482689592675182],[80.68969132098185,16.482415189181147],[80.68978307647112,16.482352305705817],[80.69098551241738,16.482089382643167],[80.69107721166516,16.482064311812515],[80.69184837538542,16.4819268223018],[80.69191373714101,16.48191431599216],[80.69319463336618,16.481676750546086],[80.69320779275549,16.48167677021893],[80.69322095214481,16.481676789890948],[80.69417531349286,16.481312641850174],[80.69439777146543,16.481237346617103],[80.69454125479788,16.481174538044037],[80.69482911041514,16.481061526360207],[80.69488131235599,16.481048999544516],[80.69493351429031,16.48103647271568],[80.69557415007648,16.48078529153135],[80.69622797994204,16.48050896276808],[80.69659440850756,16.480345647151278],[80.6970125843391,16.480169759090256],[80.69709117716512,16.480106852908392],[80.69715655616501,16.48008174052614],[80.69718291106234,16.480056570534355],[80.69722195330799,16.480044023705616],[80.69807189663497,16.479704956157022],[80.6985686618973,16.47946615833599],[80.69876481571059,16.47937821529769],[80.69902632980096,16.479277763515725],[80.69903948903543,16.47927778281925],[80.69920946823505,16.479088965381216],[80.69940580161978,16.478874933749076],[80.69939311419557,16.47886231071241],[80.69940581963668,16.47886232932761],[80.6993669399368,16.478761436778008],[80.70020441555005,16.477930724825136],[80.700518576358,16.477502588570697],[80.70064958282147,16.47727589964276],[80.70072828095219,16.477137321723895],[80.70117425015361,16.47591525235213],[80.7011742680525,16.475902647925082],[80.70131887887334,16.475360866986087],[80.70138448830963,16.475171851906424],[80.70138454196272,16.475134038621803],[80.70131921882088,16.47512133908823],[80.7013463953457,16.474516321060538],[80.7013591541614,16.474478526265646],[80.7014245128533,16.474466016925923],[80.70145083067834,16.47446605522001],[80.70141261242058,16.473898755349328],[80.70133411292993,16.473898641106945],[80.70140029403726,16.473306284221405],[80.70140036556141,16.473255866499507],[80.70145254713195,16.47325594242492],[80.70147886479371,16.473255980712814],[80.70153143955687,16.472978759140588],[80.70153147530122,16.472953550278586],[80.70164940803517,16.472663775495008],[80.70189855605362,16.471996057540878],[80.7020297354983,16.471643323212696],[80.70205612429018,16.471592943691583],[80.70205614212674,16.47158033925832],[80.70213462285767,16.47159305764812],[80.70306284996994,16.471052367361754],[80.70422615943197,16.470801914481292],[80.7048017227843,16.470651489792253],[80.70486709764056,16.470626374911372],[80.70493243718143,16.47062646888515],[80.7055726739546,16.470627388619267],[80.70618664615449,16.470590455391648],[80.70643488075103,16.47056560180974],[80.70710132966798,16.470642181164088],[80.70719296904657,16.470654916445202],[80.70744115115575,16.47066787499139],[80.7075323368241,16.470680609477434],[80.70840796410934,16.47075748280127],[80.70844698637374,16.470757538267634],[80.70910041721133,16.470733257042138],[80.70985855953818,16.47078474872845],[80.70985854220696,16.470797353171474],[80.70987124713449,16.47079737114313],[80.70991063651991,16.470860449193907],[80.70991061919196,16.470873053636897],[80.71011981414729,16.47086074493534],[80.71095613999262,16.470811507395634],[80.71117803976281,16.470799215539927],[80.71219769627506,16.47073762666291],[80.71307309484479,16.470650622072146],[80.71363491932678,16.470588385074077],[80.71414499926878,16.470538678905225],[80.71402743458422,16.470235963885507],[80.71401478087427,16.470198132821626],[80.71384513823531,16.469819761989307],[80.71371486958526,16.469517029058274],[80.71363652554102,16.46940347941629],[80.7136496841263,16.469403497790935],[80.71371504038889,16.469390984569305],[80.71354573311899,16.469100845263448],[80.71316774730647,16.468444796806235],[80.71288074301776,16.467952820740457],[80.71248943155003,16.467422840903538],[80.71224199162114,16.466867853277897],[80.7121634605292,16.466892952040535],[80.71209810501513,16.466905464792646],[80.71149883032776,16.46549283411433],[80.71117307203144,16.46481169028729],[80.7108083122933,16.464117886495508],[80.71066487657136,16.46382773754337],[80.71015663420667,16.462881640680237],[80.7097133521081,16.4622129329867],[80.70957050896544,16.461494188092225],[80.70935035506464,16.46024594545522],[80.70928545286137,16.459930741534134],[80.70916837065897,16.45928770339417],[80.70912961115319,16.459098581256683],[80.7089869633492,16.458241186794567],[80.70887031938872,16.45761075351767],[80.70870160323298,16.456904619363463],[80.7086885150571,16.456854182857718],[80.70868853244721,16.456841578399253],[80.70855843675905,16.456425402024045],[80.70838963564648,16.455782289870893],[80.70837653021292,16.455744457802236],[80.7082202773912,16.45521480367518],[80.70801191848497,16.454634657378932],[80.70780394466335,16.45410497311782],[80.7076476597316,16.4536005274498],[80.70760862344551,16.453613076350745],[80.70605306612642,16.45411507855757],[80.70585695865566,16.45419042464288],[80.70538623401782,16.45435360811585],[80.70485015682813,16.454529301081713],[80.70487645433829,16.454541943358617],[80.70478468156293,16.454630042824014],[80.70456253504372,16.45483143882756],[80.70450983404632,16.45488178092883],[80.70453604330103,16.454957445528922],[80.70436575488259,16.455385796572113],[80.70384274310125,16.45562452809791],[80.70305823187822,16.45597636442918],[80.70303189878946,16.455988930830912],[80.70254835685631,16.456227716136752],[80.7022214518467,16.456391100612507],[80.70199897179425,16.456504218207066],[80.70141058354803,16.456768101395316],[80.70104467511511,16.456918822814874],[80.70087442470843,16.45699420178348],[80.70056076436902,16.45709458053104],[80.70036466978236,16.457157316923958],[80.70001195343197,16.457282890573836],[80.69978954297649,16.457345587984584],[80.69920127538434,16.457521189964616],[80.69913592225923,16.457533698722106],[80.69873046522532,16.457734775999434],[80.69807666140427,16.45804897160407],[80.69811606250934,16.45809944739991],[80.69784138256797,16.45822508824546],[80.6976974997617,16.458262689960097],[80.69658492668017,16.459559397507473],[80.69586606908706,16.45967177467225],[80.69582701257329,16.45969696954493],[80.6954347056319,16.459898059755453],[80.69433636560443,16.460438464257535],[80.69393086100592,16.46066474088355],[80.69381325492475,16.460727587958065],[80.69376102166568,16.460765323495337],[80.6933551663404,16.46123112702288],[80.69321111493979,16.461382165512703],[80.69298891206414,16.461608757662464],[80.69289707538613,16.461734665022206],[80.69262203679733,16.462099783083996],[80.69239988776343,16.462288561268636],[80.69226908521739,16.462376596606195],[80.69221694352402,16.462351309575705],[80.6921774323457,16.462376459299602],[80.69169369515355,16.462728658815912],[80.69160193105033,16.462804191610363],[80.69161501516243,16.462854629088316],[80.692031531675,16.463788027637484],[80.69073718553,16.464302909735668],[80.69071132283429,16.464302870801376],[80.68984831387047,16.464616681169208],[80.69007008450312,16.46499519327329],[80.69003079577904,16.46486908944565],[80.68999197944459,16.46473038186724],[80.68999199805225,16.464717777439812],[80.69031792334938,16.46523505166843],[80.69023937165045,16.465272746607372],[80.68968996258873,16.465536654787687],[80.689323991599,16.465712564036806],[80.68931081463911,16.46572514856358],[80.68921953931905,16.46577542832359],[80.68936258377563,16.466002568589428],[80.68961065311777,16.466393681591867],[80.68998864819964,16.466986705428862],[80.69040555561551,16.467655413953192],[80.69041869547105,16.467668038209723],[80.69047070826781,16.46778155666581],[80.69045800355944,16.467781537520583],[80.6904448451115,16.467781517690778],[80.69017014660133,16.467907191815954],[80.68984326769039,16.46803274302643],[80.68869276102322,16.46852262000153],[80.68820877323552,16.468723557164502],[80.68819559599795,16.468736141612787],[80.68813021972603,16.468761251269004],[80.68794724932711,16.468836600101863],[80.687463596414,16.46902493157357],[80.68709745412214,16.46918827579815],[80.68679668793484,16.469326466392573],[80.68658751669221,16.469414378516657],[80.68599914468116,16.46962775565926],[80.68548926151868,16.46981608617007],[80.6849401853788,16.46996649822444],[80.6849401664379,16.469979102639506],[80.68526567040449,16.4707737252784],[80.68520034985966,16.470761020753677],[80.68500429358949,16.470785929129057],[80.6844290479543,16.470986761189153],[80.68389294060083,16.471200212544073],[80.68382754395327,16.47123792523967],[80.68373534563663,16.47171679586106],[80.68370919070328,16.471729360037685],[80.68233603759855,16.4724583427741],[80.68210066052114,16.4725588142243],[80.68128993303125,16.472923130689306],[80.68100222511495,16.473061333011476],[80.6806229827682,16.47323720597918],[80.67948541955975,16.47371444696272],[80.67947235147598,16.473714426578155],[80.67947233217667,16.473727030982037],[80.67904060214227,16.474041511677576],[80.67913192430429,16.47414248976786],[80.67915790596639,16.4742433658031],[80.67909254604801,16.474255868169585],[80.67967865648205,16.47550470909448],[80.68006925777173,16.476450693861803],[80.68031663086276,16.47705613540898],[80.6803427097382,16.477093989282537],[80.68035570099617,16.477144470985575],[80.68049904847112,16.47740938702715],[80.68055116792665,16.477510303527293],[80.68091580646735,16.478317597560697],[80.68100697786063,16.478519453809962],[80.68122835384243,16.47903662286793],[80.68154090354928,16.479755603934382],[80.68160601597434,16.479906958028817],[80.68169714349055,16.480108770136837],[80.6817353908825,16.480739094589364],[80.68181276765151,16.48141989733876],[80.68186375852717,16.48226456045705],[80.68186370105941,16.48230237364662],[80.68187512225094,16.483386415701425],[80.68430585458644,16.4833649584682]]]}},
{"type":"Feature","properties":{"Village":"Tenneru"},"geometry":{"type":"Polygon","coordinates":[[[80.81422975845223,16.470090447145367],[80.81402327895151,16.469756208174115],[80.81393669511792,16.469589077487896],[80.81374362480518,16.469190557294674],[80.81373032085051,16.4691520109913],[80.81360381281485,16.4688820304813],[80.81331083119228,16.46830354507753],[80.81293137739317,16.46747436286432],[80.81241865877821,16.46646519199109],[80.81222556835431,16.466092382736818],[80.81203915973094,16.46568743288017],[80.81169291521584,16.46501252306004],[80.8116662824,16.464961097930907],[80.81163964959808,16.46490967279827],[80.81162632978369,16.464864675933953],[80.81142663696876,16.464427584842237],[80.811147044019,16.463816955990453],[80.81109378560905,16.46370767748524],[80.810747660192,16.46292348835204],[80.81073432749346,16.46289134762541],[80.81072105762914,16.462820638300034],[80.81070773488328,16.462801353771376],[80.81067442472394,16.46275635649585],[80.81062113379214,16.462679218364105],[80.81056792888576,16.462518537240808],[80.81018221756912,16.46131011410917],[80.80986965517543,16.460333081054507],[80.80980979698452,16.460133830968566],[80.80915817128296,16.458012654101733],[80.80913813126327,16.458038366021285],[80.80913145347598,16.458044793960003],[80.80902459551292,16.458160474833452],[80.80902458884796,16.45816690293538],[80.80846350593934,16.458803247897585],[80.80772201962453,16.459683831221852],[80.80739475246234,16.460024487725143],[80.80737471872266,16.46004377136635],[80.80720110628786,16.460198017653582],[80.80699416149933,16.46030728825303],[80.80640677925918,16.460564390968745],[80.8062465727168,16.460635071653982],[80.80622654555964,16.460647927083087],[80.80535229592782,16.460885731270068],[80.80533900099631,16.460840734007977],[80.80473157412104,16.461123521191787],[80.80451127089327,16.461245644891143],[80.80450459284428,16.46125207267766],[80.80446454499048,16.46127135509731],[80.80431102473405,16.46134848501635],[80.80296943417898,16.461869048039382],[80.80297605050767,16.461920473178893],[80.80316192224679,16.462807515961398],[80.80321503194965,16.46305176415444],[80.80327475820987,16.46334745977402],[80.80346061889296,16.464247358392512],[80.80382598583363,16.465732177957413],[80.80410495737004,16.466908466283233],[80.80417135755665,16.467204139572782],[80.80415133641485,16.467210566692252],[80.80380431640293,16.467287686618416],[80.80381082367079,16.467441961217904],[80.8037967830311,16.468097581498],[80.80381586028929,16.46897818668911],[80.80381579871994,16.46903603952876],[80.80381560035198,16.469222431912343],[80.80382196401429,16.46951169643744],[80.80383498555899,16.46981379515689],[80.8038809066052,16.470546555423258],[80.80390061353194,16.470835798261366],[80.80394677013295,16.471369309921233],[80.80397313514241,16.47167140924862],[80.80398614332988,16.471986386403426],[80.8039926850617,16.4721084981544],[80.80409720315865,16.474203949464084],[80.80420993450213,16.474872454084547],[80.8042165652441,16.474911000630033],[80.80425656130672,16.474943143031982],[80.80433556366505,16.4759394561557],[80.8043615885316,16.47656293744454],[80.80436156805303,16.476582221711148],[80.80436821250758,16.476607934388557],[80.8043140873863,16.47731499923409],[80.8041660892264,16.478439862815353],[80.80415939011728,16.478465530197283],[80.8043712868971,16.47999533610954],[80.80438446684977,16.480149566197234],[80.80438445310111,16.48016251164957],[80.80441038974213,16.480869602450145],[80.80450280292793,16.481827347113626],[80.80450274843285,16.48187868252013],[80.80460125875304,16.483357146897642],[80.80464090210583,16.483723415705114],[80.80470009099916,16.484533401808314],[80.80532656733098,16.48523404694001],[80.80534659034072,16.485227575099174],[80.80539332473462,16.48522110442862],[80.80540662118236,16.485266190879567],[80.80551281044673,16.4857996372017],[80.80553936292101,16.485928200027587],[80.80563243261584,16.48624960821453],[80.80563907760069,16.486275276193755],[80.80584503374835,16.487130130715475],[80.80585167855455,16.487156021883735],[80.80625054696769,16.488563520478426],[80.80625718529403,16.48859566115575],[80.8062969165096,16.48890434461052],[80.80619655342869,16.48914851844668],[80.8061430134162,16.489302745617866],[80.80613633440151,16.489309218069003],[80.806216393924,16.489315694017023],[80.80603589242787,16.489649813038106],[80.80602252754306,16.489669230653472],[80.80588135052345,16.490652631985228],[80.80580746753753,16.491115316793806],[80.80577386192283,16.491346770919126],[80.80573325826067,16.491886683315155],[80.80569950980828,16.492253171724553],[80.80566573145207,16.492625909635095],[80.80565197257707,16.493018066544597],[80.80562457018584,16.493693013696287],[80.8056245567441,16.49370573593567],[80.80562452962475,16.493731403611587],[80.80560447178489,16.49377001585858],[80.80562448198894,16.493776489442165],[80.80563781984627,16.493782962736248],[80.8059179596538,16.49389859077418],[80.80596464587157,16.493917787678363],[80.8059846724441,16.493930733946943],[80.8063381747643,16.494078504850652],[80.80686509434804,16.494309980645063],[80.80685113241042,16.49487556179924],[80.80684441266781,16.494920647378667],[80.80695055293276,16.49553131879635],[80.80707069680022,16.495492710089145],[80.80724426994483,16.495428435542333],[80.80724426315916,16.49543490826017],[80.8072976559692,16.495421964714154],[80.80742367068542,16.496148475908914],[80.80747009138885,16.496443990554205],[80.80772324746724,16.49682321110285],[80.8077898808083,16.496932579916034],[80.80790331257437,16.496932583628666],[80.80846387204488,16.49690693339937],[80.80930471112119,16.496868343636624],[80.80933804676205,16.49689401216701],[80.80943138104735,16.49697124075587],[80.81000493311845,16.49728618560669],[80.81001827136373,16.497292658623323],[80.81006497865346,16.49729265966273],[80.81009834100333,16.497292660398774],[80.81030521074217,16.497292664843958],[80.81031855568229,16.497292665123684],[80.81065896778658,16.497202500311584],[80.81079247984762,16.497164112930303],[80.81117333595697,16.496675541038876],[80.81152720351749,16.496476231586367],[80.81172083943655,16.496367090987416],[80.81175422153899,16.496347673300736],[80.81186103315287,16.496296339411746],[80.81189438870379,16.496302812578573],[80.81192108858637,16.496315535174205],[80.81192755685485,16.496514850368285],[80.81192731975979,16.496746305867376],[80.81235445217736,16.496675557557502],[80.81235441270796,16.496714170674267],[80.81235440609169,16.49672064339325],[80.81237433151087,16.49681059208958],[80.81243390421655,16.497279753260983],[80.81255981814998,16.498147545259403],[80.81265918391249,16.498854634903527],[80.81265917092632,16.498867357141897],[80.81269226452926,16.499130953315163],[80.81277862061391,16.499510166104944],[80.81289134292496,16.500230201120278],[80.81297748374904,16.50082145106964],[80.81299739666255,16.500924345111912],[80.81307698985665,16.501393506110162],[80.81309031232033,16.50143859203343],[80.81310348089217,16.501612016295468],[80.81320297456898,16.50219701667263],[80.81322290750357,16.502280492535004],[80.81326934770279,16.502544088642058],[80.8132892741123,16.502634037211674],[80.81340863362774,16.50339246171559],[80.81342190044091,16.50346968799016],[80.81350144321262,16.503990407256303],[80.81355445251954,16.504356673953012],[80.81358097346474,16.504523848702828],[80.81368044756627,16.50515371132599],[80.81369367537579,16.505269550660838],[80.81369365587705,16.505288745606364],[80.8137336923496,16.505288745811132],[80.8147480516651,16.505256608065135],[80.81578243908888,16.50523741072858],[80.81590255498986,16.505230937404388],[80.81599597340896,16.50523093688285],[80.81606272402071,16.50523093648462],[80.81608941499779,16.505230936319414],[80.81753770848741,16.505038079960197],[80.81795818448613,16.504967320510755],[80.81797152995787,16.50496732030739],[80.82002713297877,16.504678015337205],[80.82033416265041,16.50463939429586],[80.8213085524847,16.50451080456172],[80.82149555274177,16.504485130961044],[80.82191589774008,16.504427308960487],[80.82333079315993,16.504234413474077],[80.82363110247617,16.50419578785074],[80.8250327636585,16.504028549046495],[80.82537987374093,16.50399014179812],[80.82538636109285,16.503990141468737],[80.82541973080164,16.50398366705238],[80.82541329271477,16.503932108826273],[80.82541336629185,16.50385510578682],[80.82536858578113,16.501740314328924],[80.82536191587424,16.501688979300056],[80.82530997313252,16.50028127677621],[80.82529693469624,16.49986345211794],[80.82529021579569,16.499863452457575],[80.82529024651893,16.49983131204629],[80.82528392530122,16.499657664872515],[80.82527793760286,16.498892768021374],[80.82527137214473,16.498732289485897],[80.82528566387361,16.497838829879573],[80.82528622920096,16.49724735690297],[80.82528625373352,16.497221689207],[80.82528640114145,16.497067459832515],[80.82529320162186,16.49673958257702],[80.82528699097152,16.496450319114462],[80.82528150685275,16.495158452980935],[80.82528151303862,16.495151980256328],[80.82528153159616,16.49513256208246],[80.8252815375687,16.495126312555225],[80.82519488483598,16.49488838851308],[80.82424106002374,16.49464425639711],[80.8237678317841,16.49406574988917],[80.82376111308416,16.49406575018161],[80.82330047879377,16.49412357784042],[80.82302034108717,16.494162202371527],[80.82300019750076,16.494149257727184],[80.82288691858912,16.494136539961737],[80.82286028172612,16.49413006828342],[80.82273332769948,16.494123600497318],[80.82272684067726,16.494123600747564],[80.82268675387537,16.49413007501365],[80.82253938303259,16.49463138192208],[80.82237208689014,16.495132689429784],[80.82193821824572,16.495299879768694],[80.82182472596254,16.49526774326159],[80.82127117836907,16.495094337119035],[80.82117761083919,16.495062199632734],[80.82117813819366,16.494522285222818],[80.8208391527569,16.493140257399194],[80.82076613753381,16.492940944282605],[80.82075945666729,16.492902331329997],[80.82071295971627,16.492593873890566],[80.82071297850804,16.492574678914192],[80.82056062835167,16.49153324419663],[80.8204212392927,16.49074268283533],[80.82041455221953,16.49071054259067],[80.82076251391723,16.48977846014446],[80.82129094633737,16.488370737473502],[80.82138455481376,16.48812008367321],[80.82137178205232,16.48767659065359],[80.821365232723,16.487503166402735],[80.8213455974486,16.48720743033452],[80.8213456161719,16.487188235347606],[80.82133926151612,16.486815272498045],[80.82133932421789,16.486750991609107],[80.82139284024956,16.48651328450656],[80.82139285287323,16.486500339049382],[80.8214133026331,16.48619835211879],[80.82145363243609,16.4857032986465],[80.82145365114702,16.485684103656713],[80.82166732544681,16.485606870164577],[80.82184763292778,16.485536110344693],[80.82186773774512,16.485349739682952],[80.8218610193465,16.485349739917286],[80.82180156108903,16.484790632079882],[80.8217419030958,16.484437089177742],[80.82173524099115,16.484379281233462],[80.82178203787923,16.484379279622516],[80.82178875624436,16.484379279390378],[80.822863341731,16.48402569449298],[80.82288998973799,16.484019220702407],[80.82290366262164,16.48377504197945],[80.82291022399188,16.48369781534554],[80.82291702932778,16.483607866437325],[80.82273052991268,16.483376417892625],[80.82242393312387,16.48300368964853],[80.8222038682378,16.48274657416853],[80.82205069281542,16.482553736980226],[80.82201066476888,16.482502179763163],[80.822331457249,16.482090814824375],[80.82281228350807,16.481486600318604],[80.82372659798082,16.481313137525195],[80.8246610658426,16.481139446545964],[80.8255751516282,16.480959502918164],[80.82609582228012,16.48083091288707],[80.8260360782377,16.48056084695969],[80.82602938441278,16.480535179591556],[80.82594944298071,16.48031020068231],[80.82582975964966,16.479976080208885],[80.82555677281718,16.479339758090667],[80.82510358616426,16.478671304332373],[80.82465738320005,16.477970708765426],[80.82383746468335,16.477083625229632],[80.82357083488635,16.476832963581792],[80.82344408033447,16.476871537624984],[80.82323042264659,16.476942233401008],[80.8222895933689,16.47700655159117],[80.82194922383141,16.477070844969788],[80.82138291802005,16.476254541008856],[80.8205033811164,16.475001156605025],[80.81948425448513,16.47318857214525],[80.81943107521195,16.473085723878647],[80.81919799845946,16.472648641070798],[80.81857181763918,16.47149809203572],[80.81817894704241,16.470784625313833],[80.81796583541632,16.470379681221388],[80.8179257232377,16.47046322484929],[80.8179057021988,16.47046965328274],[80.81777251595294,16.470199697688873],[80.81774588083218,16.470148273334647],[80.81771256780064,16.47010327718043],[80.81763265615837,16.46995545450149],[80.81709873965971,16.470103285994924],[80.81679161394138,16.470315416942643],[80.81677826443018,16.470321845191915],[80.8165178132429,16.470559665260584],[80.81602369182367,16.4709389050564],[80.81583673962913,16.47108675263638],[80.81500257447556,16.47123458055443],[80.81494251731166,16.471247436907813],[80.81496914536193,16.471305289703324],[80.8150623468968,16.471504560411727],[80.81506234042548,16.471510988507724],[80.81492222410981,16.471523845086775],[80.8149022546784,16.471478848462787],[80.8148889309342,16.471459564205638],[80.81477573057683,16.47122172488073],[80.81436292019166,16.47037971155371],[80.81422975845223,16.470090447145367]]]}},
{"type":"Feature","properties":{"Village":"Uppaluru"},"geometry":{"type":"Polygon","coordinates":[[[80.77467759554911,16.496918307616983],[80.77474224816872,16.49706677767929],[80.77477457547243,16.497129291370925],[80.77478265730159,16.49714491979303],[80.7748553612883,16.497316832461898],[80.77504115462092,16.49776224244476],[80.77529967790655,16.498356122099313],[80.77545317602262,16.49873120386958],[80.77558239820074,16.499067214572865],[80.77570353072234,16.499395411026057],[80.77576817862746,16.49952825231627],[80.77591350950348,16.49995000204256],[80.77603474648771,16.500200056094716],[80.77608332778145,16.500207869905086],[80.7761400153933,16.500207869413472],[80.77634243885022,16.50023912441094],[80.77632591126759,16.500559507569605],[80.77630924631349,16.501012732441524],[80.77634158283819,16.50106743166258],[80.77640587649113,16.501544098376012],[80.77643816469585,16.50164568289288],[80.77659928356792,16.50246617412404],[80.77667981358093,16.502927212091016],[80.7767039715516,16.503060053519675],[80.77695403795938,16.504013385064138],[80.77697017031919,16.504075898598927],[80.77697822039886,16.504122783799982],[80.77697009784819,16.5041462265529],[80.77699412733394,16.504404095408002],[80.77698597256544,16.504458795028256],[80.77701833399354,16.50449005148548],[80.77768302781777,16.503903975664198],[80.77802363290547,16.503552330150807],[80.77812897576489,16.503489814525402],[80.77826679201685,16.50334915605665],[80.77862336750115,16.50310690828243],[80.77863958017497,16.503091279512226],[80.77914225141329,16.502528644791152],[80.77920710969467,16.502458315314197],[80.77913428848129,16.502395803246284],[80.7790533769622,16.502325477116916],[80.77886731498322,16.502130125757258],[80.77867301138443,16.502075430354033],[80.77852732170435,16.501997291141198],[80.7783978127599,16.50193477995148],[80.77783976731358,16.50121588190949],[80.77801799339123,16.501153365068564],[80.77804229621057,16.50114555041652],[80.77842305877826,16.50100488731475],[80.77850407338035,16.500973628824614],[80.77881187917947,16.500903294439134],[80.7791280458234,16.50057509012479],[80.77906350679932,16.500332850760547],[80.77903932362749,16.50022345221778],[80.77905553602507,16.50020782340771],[80.77919332537773,16.500090606911684],[80.77930677216125,16.5000202762337],[80.77965524994848,16.499770212505393],[80.77968765868539,16.49975458322855],[80.78010042191309,16.499996813043346],[80.7803833137346,16.50053598628478],[80.78042367046667,16.50066882686954],[80.78045599227933,16.500739153912356],[80.78031821904422,16.500840742794235],[80.78020475629569,16.500926702456507],[80.78024482789246,16.501340855026335],[80.78026901187445,16.501450253427866],[80.78010687184596,16.50162217083245],[80.7798879720385,16.50186441760566],[80.78030051827108,16.50232544520086],[80.78098088767051,16.502216025568345],[80.781256332855,16.502114431751025],[80.78153198232137,16.50180966781675],[80.78154820252225,16.50178622459371],[80.78149984093304,16.501559613850304],[80.78146761305133,16.501395516310698],[80.7814514951948,16.501317374649087],[80.78142731843359,16.501200162153534],[80.78141120848076,16.501114206266067],[80.78135474894722,16.50088759575347],[80.78134669793458,16.500840710695318],[80.78133055654375,16.500786011687023],[80.78141161783432,16.50070786673121],[80.78141972395979,16.500700052233825],[80.78143592833771,16.500692237460076],[80.78146835282922,16.50066097946467],[80.78148454933286,16.500660978909114],[80.78155742573325,16.500668790615652],[80.7817435440771,16.50080944006998],[80.78181637340927,16.50086413701945],[80.78206729395127,16.50098915540703],[80.78214823739592,16.501028223497023],[80.7825045220251,16.50106728094577],[80.78254500554459,16.501075093577164],[80.78282038579117,16.501036011439023],[80.78309577373626,16.500989114714105],[80.78339566674335,16.50073123255177],[80.78352544130082,16.500528057077116],[80.78363899576057,16.500348324909012],[80.7836393615297,16.49998105640304],[80.78366378070272,16.49985602773632],[80.78363149677917,16.499746630052197],[80.78363150456155,16.499738815828355],[80.78363152790872,16.499715373156796],[80.78357506595091,16.499488980249254],[80.78353460607507,16.49945772514755],[80.78329185488937,16.499262380150192],[80.78320286054236,16.499176427503677],[80.783130039242,16.49911391680714],[80.78309766209593,16.499098289726902],[80.78304911199746,16.499059220649123],[80.78257158506644,16.49879355651992],[80.78226394847319,16.498699797809515],[80.78214251512246,16.498660731293704],[80.78206155696789,16.498637291652187],[80.78203727030997,16.498629478331267],[80.78202916429629,16.49863729285547],[80.78140554241116,16.49869982882858],[80.78115447549358,16.498723279904237],[80.7807900183215,16.498762362684765],[80.77978604336984,16.498567035973156],[80.77933277687433,16.498340434975027],[80.77929258046568,16.49805130970914],[80.779308784705,16.498043495096624],[80.77986813556538,16.497473042579],[80.77993296809016,16.497426155490416],[80.78046777592276,16.497097942901874],[80.7806298328019,16.49700416733761],[80.78107550418649,16.49673065542487],[80.78129479039056,16.49609769594214],[80.78161088209515,16.49583200138483],[80.7823073379943,16.49580853300329],[80.7823154282116,16.495816346916865],[80.78240444413329,16.495878857267346],[80.78242063241107,16.49588667086063],[80.78306797732311,16.496386754999357],[80.78371550445056,16.49670710995018],[80.78399906153678,16.496808681863232],[80.78405574818639,16.49680867921389],[80.78478453788325,16.49684771491522],[80.78503537026236,16.497058686242855],[80.785188578154,16.497722887499474],[80.78521288798382,16.497707257776757],[80.78525336320536,16.497722884105503],[80.78563383677024,16.497863519834407],[80.78570669691346,16.497886958539105],[80.78599011638931,16.497902571295764],[80.78607919592152,16.497902566283422],[80.78633023056899,16.49791036618018],[80.78673513756178,16.49791034243273],[80.78681616488267,16.497863452228057],[80.78727801834414,16.497597740294676],[80.78733474339741,16.497558665622535],[80.78751303941789,16.497417998315708],[80.78795067263147,16.49707414412067],[80.78797498976841,16.49705069984432],[80.78866363184264,16.4967380844172],[80.78930373612052,16.49637077058653],[80.78931188706522,16.496316070398574],[80.78936917759232,16.495690927944324],[80.78919136057844,16.495339300415594],[80.78894858601794,16.495167404591164],[80.7885598428202,16.495206502730234],[80.78786293295497,16.495698845718895],[80.78740948038772,16.49565980362508],[80.78708580305035,16.49540976845426],[80.78706961462015,16.495401955219968],[80.7870456338711,16.495081573322885],[80.78735376313305,16.494667400084776],[80.78779959494015,16.494214146317795],[80.7883016625318,16.494221927346004],[80.78848791624016,16.494221914722715],[80.78847984100707,16.494198472583708],[80.78835061476852,16.49384684100503],[80.78833444159628,16.493823399407106],[80.7877285862088,16.492291850268305],[80.78769629357873,16.492190267352125],[80.7876720607998,16.49212775506661],[80.78766396289994,16.492127755588324],[80.78765589546681,16.492096499183397],[80.7875509276183,16.491783936666977],[80.78717992881538,16.490244773459647],[80.78702686484478,16.48943210274609],[80.78693011182912,16.489002325866334],[80.78679305405518,16.488385009768404],[80.78658341629806,16.48746294276239],[80.78642202929198,16.48688469897623],[80.7864384851839,16.486619014034698],[80.7864385234966,16.4865799428593],[80.78779913729072,16.48636887396223],[80.78830127571291,16.486282883927483],[80.78839846276655,16.486267248843653],[80.7885280480075,16.486243797249216],[80.78841520405014,16.485704622706944],[80.78835072639562,16.48539205765374],[80.78834266670295,16.48535298702021],[80.78829430861273,16.48511856321022],[80.78827817409862,16.485056050411202],[80.7881169130484,16.484344965725445],[80.78809271905304,16.484243382263376],[80.78797986973059,16.48371208676765],[80.78777824490855,16.482875998332876],[80.7876412037306,16.482243053970873],[80.78762505440703,16.48219619129373],[80.78739915548499,16.481344475504397],[80.78733460458389,16.481110052440563],[80.78727817414396,16.480852186122124],[80.78718946097632,16.48048492246186],[80.78714099092647,16.480367733614962],[80.7871167673816,16.480297406973776],[80.78709256675245,16.48020363760902],[80.7870683585123,16.48011768248113],[80.78709268887714,16.48007860976541],[80.78708461437766,16.48005516754973],[80.78744979717162,16.47923467093246],[80.78821985094218,16.478406332242166],[80.78852788274217,16.478062484462793],[80.7885764590639,16.47807029532893],[80.78868982148809,16.47807028740691],[80.78882746829925,16.47807809194743],[80.78886794732095,16.47808590331931],[80.78865027343984,16.477101345828142],[80.78856158956532,16.476702847339958],[80.78851333926129,16.476359023997038],[80.78851424806192,16.475421336410122],[80.78851430107451,16.475366636698777],[80.78847401200052,16.47516346914925],[80.78840951477565,16.474874368280183],[80.78826419012002,16.47443678057237],[80.7880540585479,16.474030475813837],[80.78803790220995,16.473991405677683],[80.78738259708213,16.47341319463739],[80.78685652857523,16.47316319361904],[80.78637074785063,16.473116337556704],[80.78634645652322,16.47311633899759],[80.78630603992204,16.473046013187016],[80.78629795813744,16.47303038517493],[80.78577978179905,16.47299134390098],[80.78526146704252,16.473092957749916],[80.78522098150442,16.47309295993543],[80.78531847019575,16.47276475639965],[80.78530227600771,16.472764757279517],[80.7851241322326,16.472772581120203],[80.7845977515551,16.472842936786183],[80.78409564631495,16.472928918434928],[80.78320457691275,16.473093058882895],[80.78271066902532,16.473077451673262],[80.78230582156456,16.473069654001844],[80.78222485833675,16.47306184297927],[80.78164199235658,16.472936837358347],[80.7810996126132,16.47281182874097],[80.78031454214108,16.472468027483696],[80.78024978919406,16.472444608427896],[80.78008833800175,16.471960130216026],[80.78008835381988,16.471944501730565],[80.77896247312401,16.4723274297061],[80.77848474584107,16.472327440648773],[80.77732608640943,16.47297602292748],[80.7770586990364,16.47313231189006],[80.77705869100525,16.473140126130307],[80.77690474955315,16.473233899248342],[80.77671872520445,16.47303073156115],[80.77670251491212,16.47304636025598],[80.77615947841757,16.473538642111937],[80.77566502201091,16.474030943816636],[80.77566507053602,16.473984058383447],[80.77566511906096,16.47393717295005],[80.77567328898301,16.473866844732967],[80.77572254282225,16.473218284176017],[80.77573072077445,16.473140141711717],[80.77560130461998,16.473007300708964],[80.77520567516652,16.4718977031462],[80.77502005943926,16.471303843648037],[80.77453576822896,16.46981134735947],[80.77451146919971,16.469819161673946],[80.77447096810236,16.46983479027219],[80.7743332626958,16.4698894902951],[80.77428464831925,16.46992074735601],[80.7742360502121,16.469936375923098],[80.77378245861905,16.470069218264975],[80.7737581595285,16.470077032491087],[80.77338552893764,16.47021768824257],[80.77304531645039,16.47035052921716],[80.77303721946281,16.47035052918394],[80.77281847991347,16.470444299048925],[80.77234056017977,16.470631837785074],[80.770922928067,16.471210054362263],[80.77085810456225,16.47123349614244],[80.77021002957268,16.471506984019577],[80.76996701879989,16.471600728725363],[80.76990220922838,16.471631984443647],[80.76921362132057,16.47192891112321],[80.76919746894593,16.471889839573848],[80.76917316110446,16.471905467498395],[80.76914081464284,16.47186639557695],[80.76910846819413,16.47182732365053],[80.76756917128795,16.472561799110462],[80.76765805416184,16.472733714978773],[80.76764183476928,16.472757157199307],[80.76759320179914,16.472804041146617],[80.76754457721795,16.472843110846792],[80.76751217203787,16.472858738326693],[80.76732584636311,16.472944689119505],[80.76709895354281,16.473085338069456],[80.76708275091576,16.4730931517749],[80.76616722288846,16.473585394873595],[80.76558385974016,16.473905755986674],[80.76556765698535,16.47391356957262],[80.76478172691225,16.474358926229403],[80.7643198593624,16.474640217864888],[80.7642955593354,16.47464803097754],[80.76399570769358,16.47488244389574],[80.7639795047951,16.47489025735619],[80.76329879633458,16.475366870226605],[80.76328256229152,16.475382497861787],[80.76254517853774,16.475851312789075],[80.76218863380963,16.476093512462217],[80.76216432488873,16.47610913955286],[80.76189689537004,16.47628885158705],[80.76133775696078,16.47665608736646],[80.76058414318234,16.477148315205117],[80.7605598340027,16.47716394210448],[80.76021137297172,16.477413974769696],[80.76006548625203,16.47751555008152],[80.7594739218201,16.4779296422476],[80.75888233236878,16.478343754397066],[80.75911610398916,16.479281456661646],[80.75913221115665,16.479359600071714],[80.75915642444686,16.47942992982961],[80.75919678871962,16.479539331860376],[80.75921293096536,16.479586196654417],[80.75921292221496,16.479594010880028],[80.75930982818744,16.47982844449996],[80.75932599669726,16.479851888314425],[80.75934216521095,16.479875332127634],[80.75939066203172,16.479953477785205],[80.75991608960224,16.48078180012106],[80.76013435012884,16.48113345489093],[80.76015052755858,16.481149084416533],[80.76037738614957,16.481031885966363],[80.76043410293063,16.48100063275833],[80.76058803223843,16.480930314675977],[80.7609526643715,16.480727167913013],[80.76112281412223,16.480633407764298],[80.76131680525408,16.480945988701478],[80.76177737755864,16.481852444731675],[80.76231874789235,16.48292300301079],[80.76234298001641,16.48297770394736],[80.76267429396752,16.483618467014942],[80.76327227449937,16.484743682015313],[80.7632965467849,16.48478275439147],[80.76334507216201,16.484837456460863],[80.76337741956632,16.484876529242257],[80.76340167798165,16.48490778738104],[80.76370900907042,16.485251628736783],[80.76375752610802,16.485314144935032],[80.76376561514107,16.485321959559013],[80.76379796270975,16.48536103227573],[80.76381414078362,16.485376661520277],[80.7638303188601,16.485392290763574],[80.76419418622673,16.48589241866304],[80.76443674766016,16.486228441651875],[80.76460651327668,16.486509761496634],[80.76500253131917,16.487213059264423],[80.7651156859366,16.4874084197563],[80.76518034825216,16.487517821660127],[80.76564100472693,16.48837740542435],[80.76603698487004,16.489143214985738],[80.76708213391984,16.48866658528182],[80.76748724586925,16.48847905719222],[80.76809490949864,16.488189949337645],[80.76855672867481,16.487978978098877],[80.76857288220995,16.488018049653054],[80.76857287382988,16.48802586387763],[80.76869434800045,16.488018052847348],[80.76899347018528,16.488479099679004],[80.7690015820546,16.488486914103134],[80.76905001798667,16.48862757133122],[80.76913885916332,16.48884637176301],[80.76921963619245,16.489033915067704],[80.76975277759485,16.49028420281988],[80.76999517116259,16.49079191526837],[80.77010829957436,16.49101852997651],[80.77048003391471,16.49176088808385],[80.77151698124119,16.49138582114849],[80.77154940344157,16.49137800733504],[80.77227851333885,16.4911123316104],[80.77229467610849,16.491143588653934],[80.77231890380935,16.49120610266536],[80.77243199404016,16.491471787265525],[80.77273085100984,16.49219851238956],[80.77292466484657,16.49272988086392],[80.77308621310681,16.493120592956682],[80.7733446425017,16.49379261736943],[80.77339309923262,16.49391764513109],[80.7734011644407,16.493948902053926],[80.77342540921322,16.49399578748372],[80.77345773352614,16.494081744053904],[80.773514272008,16.494222400260437],[80.77361929212836,16.494464641489323],[80.77390202731894,16.49512885101973],[80.77391011716672,16.49513666525447],[80.77415252529646,16.495668032589027],[80.77442715779081,16.49634005559525],[80.77454833559133,16.496621367429686],[80.77454022936547,16.49662918166246],[80.77467759554911,16.496918307616983]]]}},
{"type":"Feature","properties":{"Village":"Vanukuru"},"geometry":{"type":"Polygon","coordinates":[[[80.74221816921151,16.425990716843902],[80.7419654706681,16.425637179628627],[80.74160821354234,16.425132149148343],[80.74158207757006,16.425090061131467],[80.74127708636,16.424677600582527],[80.74086753805084,16.42411364626316],[80.74051898797995,16.42363386709948],[80.74025757850814,16.423271910350106],[80.74016173042949,16.42313722863015],[80.74015301342885,16.423128811128766],[80.74003103013467,16.42295204115165],[80.7396824919832,16.422463842759505],[80.73956050169905,16.42229549035591],[80.73924680215863,16.421874609345743],[80.73918580735973,16.421790433026832],[80.7387762396289,16.421260146032164],[80.73873267106734,16.421201222544262],[80.73854971171677,16.420923439549842],[80.7385235848255,16.420872933306505],[80.73847132319041,16.420780362039327],[80.73828834884208,16.420519414510277],[80.73800952984193,16.420123784124065],[80.73789625130834,16.41997226619422],[80.73778300452595,16.419787100199304],[80.73765230869544,16.419601911245987],[80.73755644046071,16.41949248188242],[80.73697264354415,16.418692824987783],[80.73696392687788,16.418684407355308],[80.73689420944878,16.418600230588236],[80.73682449207946,16.41851605379822],[80.73671993997073,16.41836453502843],[80.7364585604029,16.41798573787701],[80.73629302448917,16.41774164730593],[80.73597051741922,16.41729550807419],[80.73550000806684,16.416647366069945],[80.7353605837388,16.416445340156805],[80.73534315074504,16.416428504759025],[80.73468961622181,16.41556149994765],[80.73463734175371,16.415485740040207],[80.73454149327942,16.415359473615215],[80.73448049447525,16.415283713784834],[80.7343149069906,16.41509852321675],[80.73400983361732,16.41477867188475],[80.7338529230292,16.414643987951877],[80.73379178756315,16.414711331344435],[80.73368711065874,16.414694496645968],[80.733573709354,16.414677661972057],[80.73335581723391,16.41442512832444],[80.73326867023668,16.41432411480266],[80.73320755895176,16.414366204481436],[80.73314644764068,16.41440829414187],[80.73233449259874,16.414989129497403],[80.73162730788718,16.41548575985483],[80.7315225327819,16.41556993822827],[80.7308065538743,16.416133908484507],[80.73029139066391,16.416537962056587],[80.73016042446254,16.416638975228175],[80.73019524846517,16.41671473609042],[80.73002937581575,16.41682416675544],[80.72975871862054,16.41700091567435],[80.72944468541263,16.416950428748457],[80.72920050695252,16.41681574040412],[80.72838008810434,16.41711032988094],[80.72821418919536,16.41724501261548],[80.72811814454226,16.417320771546304],[80.72792580534882,16.417724824529476],[80.72796032081511,16.418112022503603],[80.7279602875308,16.41814569386978],[80.7278817164538,16.418196199471314],[80.7272792875706,16.418608661599905],[80.72686020683923,16.418886440898603],[80.72649350617473,16.419130525925247],[80.72596966788076,16.419492479113885],[80.72583870590266,16.419585071660084],[80.72621336969014,16.420081711117323],[80.72604750878901,16.420174302849027],[80.72568952933987,16.420418410013042],[80.72492994321868,16.420931851152265],[80.72484265400992,16.420973937450437],[80.72417917117205,16.421352716960413],[80.72415298006597,16.421369551676186],[80.7234894520167,16.42179039474686],[80.7233148466182,16.4218998195866],[80.72264257310911,16.42233751860178],[80.72215363687434,16.42265737428096],[80.72214491210703,16.422657373877314],[80.72176077322696,16.42290144954721],[80.72163851613396,16.422985621964145],[80.72131548395089,16.42319605181149],[80.7210535764101,16.423355977308418],[80.72046860162708,16.42373472542364],[80.72039875986017,16.42377681077717],[80.71971782674585,16.424138739193864],[80.71963051077306,16.424180823271904],[80.71949956006311,16.424256576067748],[80.71931626890968,16.424323907820643],[80.71888852706365,16.424517491874866],[80.71859175132178,16.424643717355682],[80.71706419395379,16.425274952186612],[80.71705546907322,16.425274951569666],[80.7155976835369,16.425922992737448],[80.71575333317956,16.427252998044402],[80.71581398313977,16.427657034988012],[80.71591800177207,16.428305215548118],[80.71602221562847,16.428768180503823],[80.71606518662746,16.429391032671955],[80.71606517778594,16.429399450496142],[80.71614322609184,16.42985401893111],[80.71634277932692,16.430948351042073],[80.7164291832359,16.431756468527666],[80.71650705674521,16.432379393197063],[80.71653294115255,16.432657183256794],[80.71658498364938,16.432951810878276],[80.71666297271481,16.433465303757217],[80.71676670604042,16.43439127171755],[80.71693126873919,16.4355781963948],[80.71706977400719,16.436630200033285],[80.71706976520338,16.436638617852395],[80.71716481166484,16.43753091349392],[80.7172856834897,16.438759923589767],[80.71745050962014,16.43967747733305],[80.71745921756514,16.439694313577473],[80.71756337039952,16.440224643334084],[80.71763276868322,16.44063712118244],[80.71763273355269,16.4406707924476],[80.71764138886253,16.44073813558131],[80.71765007052396,16.440780225265737],[80.7178682537168,16.4407381511501],[80.7180689769161,16.440704493451776],[80.71807771124963,16.440696076220732],[80.71835700622833,16.440645587866594],[80.71879338067457,16.44055302010848],[80.71890683045942,16.440536191664375],[80.71915995704659,16.440477282762266],[80.71950906649344,16.44039312590076],[80.71958761390424,16.440376294980585],[80.71963127647167,16.440342626315832],[80.71963128516795,16.44033420849787],[80.71976230570273,16.440224784630146],[80.71979724265806,16.44019111541428],[80.7198845328824,16.440157449257686],[80.72040821988202,16.440031211913816],[80.72046931599313,16.440014379682896],[80.72047801555533,16.440039633624533],[80.72056508920214,16.440216412651406],[80.72095696141601,16.440974037635616],[80.72124433463614,16.441554882276094],[80.72148817776986,16.442017874847707],[80.72174075472184,16.442497703204214],[80.72214126715473,16.443347922376972],[80.72253308153496,16.444198140368407],[80.72254179011657,16.44421497640445],[80.72266367613992,16.44448435213776],[80.72290711538848,16.445351398225345],[80.72300277389353,16.445671279482355],[80.7232115337579,16.4463444800381],[80.72321149957176,16.446378151300706],[80.72320268827514,16.446462329080834],[80.72334191721794,16.446841136749626],[80.72337672667135,16.446933734197703],[80.723646554338,16.447598752870423],[80.72379454358092,16.447969142767885],[80.7239512095036,16.44836478634553],[80.72412525984642,16.448827772994804],[80.72414267768765,16.448861444929918],[80.72449100054128,16.44959380802356],[80.72503109594209,16.4505029513586],[80.72522288088473,16.45071340327287],[80.72549351434415,16.4505871450332],[80.7255459971794,16.450460879518907],[80.72639270530264,16.45019995284005],[80.72656723273275,16.45021679331512],[80.72672432594281,16.450191544106247],[80.72708218414796,16.45009895734695],[80.7274488340866,16.44996428109506],[80.72778056370409,16.44982118562762],[80.72807741316973,16.449678088927886],[80.7283131311786,16.449560244099295],[80.72835678602335,16.449534991472333],[80.72879339132612,16.44924879342188],[80.72971007952478,16.44880266232433],[80.72991085873592,16.448718486502727],[80.7299719892982,16.44869323372799],[80.73023344577018,16.4490215313623],[80.73043397787447,16.44918988959499],[80.73145462749389,16.449535026693372],[80.7317249690406,16.449703383973752],[80.73203894073507,16.449896994424225],[80.73283259084029,16.450351556129547],[80.7328936566535,16.450368391604346],[80.73483909895529,16.450923953218762],[80.73530138628348,16.45112597481677],[80.7356328560599,16.451277490594595],[80.73574635884356,16.45121014620754],[80.7358423934417,16.451159637692665],[80.73585113550114,16.45114280190483],[80.73591230586716,16.451050204840058],[80.73652414345906,16.450107397473683],[80.73655910328631,16.450048472015038],[80.73709189018594,16.44951813771283],[80.73719666547278,16.449450792706948],[80.73774677416019,16.449055141426147],[80.73773813534893,16.448962545596086],[80.73779924869254,16.448928872703352],[80.73826192947558,16.448709996598367],[80.74004292899376,16.447733470465252],[80.74016515411003,16.447666123287707],[80.74024371842546,16.44763244900782],[80.7405492651314,16.447480916281297],[80.74115155352249,16.44726202810687],[80.74191086752293,16.44708522013987],[80.74317670713674,16.446706355734698],[80.74363920044759,16.446681077628213],[80.74368282971747,16.446681075252915],[80.74421545067956,16.446302243209963],[80.744948968702,16.44569635009888],[80.74494909805637,16.44555324697533],[80.74494912849242,16.445519575651858],[80.74480966794616,16.44535122745841],[80.74458310225297,16.445014527715035],[80.74419972570924,16.44440004833385],[80.74412123980125,16.444349545821755],[80.7430137925698,16.443558329741556],[80.74272594415358,16.443448912593446],[80.74262127418558,16.44340682867038],[80.74172293470232,16.442699773659193],[80.74078150399151,16.44168125687902],[80.74073797708878,16.441571826860038],[80.74067703015722,16.441428726215225],[80.74037229681862,16.440713222715466],[80.74027676037133,16.44023341003757],[80.74029423491669,16.440208155863793],[80.74025958249986,16.43993878658664],[80.74062639844786,16.43956838743868],[80.74073991604304,16.4394757866522],[80.74108046818456,16.43919798391007],[80.7414385634399,16.43881916581237],[80.74234689525842,16.437859490356264],[80.74287115754477,16.437320722635135],[80.74349119242233,16.43673985916902],[80.74430327342318,16.436058202462185],[80.74501930174085,16.435452075158015],[80.74522011390393,16.435308959407667],[80.74645980660817,16.434534436755435],[80.74819702447044,16.433541004977496],[80.74845892411251,16.433381045643003],[80.74835443712062,16.43313693636882],[80.74773579697936,16.432177349547562],[80.74738724580594,16.431663886958887],[80.74731754178754,16.43155446009688],[80.74730010642237,16.431537625682232],[80.74717812647987,16.431344024146917],[80.74690802942585,16.430914733505453],[80.746437255501,16.430485456427157],[80.74616699523476,16.430241357403926],[80.7459315378569,16.43010668769018],[80.74572226369833,16.42996359815907],[80.74546945524565,16.429719497104546],[80.74493773332841,16.429155605263773],[80.74488542849815,16.429105101428544],[80.744336275154,16.428524303315545],[80.7442491238529,16.42841489985296],[80.74415326289919,16.428288637790494],[80.74410097377029,16.428221298073378],[80.74408353897905,16.428204463394255],[80.74386568842102,16.42790143349753],[80.74385697104937,16.427893016148467],[80.7437698126692,16.42779200694951],[80.74339505102864,16.4273374875413],[80.74334275474753,16.427278565480975],[80.7432817335131,16.427219643879482],[80.74266282901098,16.426596755967697],[80.74265410405442,16.42659675641376],[80.74221816921151,16.425990716843902]]]}},
{"type":"Feature","properties":{"Village":"Velpuru"},"geometry":{"type":"Polygon","coordinates":[[[80.76339613385534,16.51473888162388],[80.76343901924172,16.51478043837924],[80.76356768317066,16.514913395969533],[80.76357629268175,16.514905132694622],[80.76361060104955,16.514938378070266],[80.76361914572668,16.514963264032986],[80.76371346140584,16.515071263402987],[80.76375633073069,16.515121107403512],[80.76385082474697,16.51513794630404],[80.76407463937294,16.51493967535657],[80.76476287703467,16.514618390650384],[80.76527965238449,16.514014855430187],[80.76527966852142,16.51400656811855],[80.76565944858908,16.51314574173054],[80.76571105628881,16.513121023474895],[80.76594331493885,16.51299736019467],[80.7662185715515,16.512857241653908],[80.76636481705413,16.512774775194064],[80.76706040120868,16.51301704355835],[80.76722392923554,16.512884900393225],[80.76726697556217,16.512843583237917],[80.76784288105395,16.512762309384065],[80.76809357359612,16.51199228085486],[80.76816251114859,16.5118930238415],[80.76824007381519,16.51177721601447],[80.76845571895505,16.51135515884123],[80.76912622401763,16.511232706927014],[80.76934124411689,16.511133854131224],[80.76967671140024,16.510960748238414],[80.77007266449331,16.51061377450077],[80.77016734802712,16.510531162722682],[80.77015143594801,16.50986812978594],[80.770195181223,16.50946240020466],[80.77020407684378,16.50930496491539],[80.77050548621925,16.508966016198393],[80.77059157572091,16.508883380456094],[80.7709532302868,16.508494873336563],[80.77107383444151,16.508337746418096],[80.77126362757969,16.508073074654593],[80.77159975414358,16.507551898075995],[80.771841071003,16.507179632115033],[80.7718411344142,16.507146482830606],[80.77180768209679,16.506665723430675],[80.77177407137842,16.506267837223472],[80.77179986600626,16.50625962097862],[80.7722557977052,16.505995681837117],[80.77268596528677,16.5057233833927],[80.7731497924068,16.50582410812702],[80.77339906560974,16.505783356808298],[80.77347643331326,16.505766994779624],[80.77355380100414,16.505750632722126],[80.77363132643823,16.50565139740224],[80.7738811826238,16.50530401452793],[80.77391571178963,16.50522123570921],[80.7739415692394,16.505179869900665],[80.77400186122073,16.50510544919792],[80.77425118058223,16.505039834873987],[80.7745262941242,16.504966003664343],[80.77481782268619,16.50529829812687],[80.77502408333216,16.50528228898888],[80.77515302371337,16.50525778035599],[80.77545383738754,16.50522545520935],[80.7755742475703,16.50516777347452],[80.7756086661577,16.505143005640917],[80.77578925773634,16.50506891386371],[80.77582367627915,16.505044145993914],[80.77586665632558,16.505035976292863],[80.77589246630212,16.50501947221262],[80.77596986485463,16.504986534602953],[80.77611595932902,16.504978647060984],[80.77617612508998,16.504970524322545],[80.77642560013935,16.50482203413652],[80.77653743257994,16.504756041011234],[80.77667502787448,16.504698405623937],[80.77701908609582,16.50451702378535],[80.77698477722062,16.504483780572087],[80.77699346385941,16.504434080091492],[80.77696818556025,16.504168815211248],[80.77696821682518,16.504152240558106],[80.7769682949874,16.504110803925137],[80.77696831061982,16.50410251659851],[80.77695123438687,16.50404445835507],[80.77669524852472,16.503090711240134],[80.77667831325496,16.502958067024952],[80.77660185446112,16.502493765266042],[80.77643154898732,16.50167284988648],[80.77639736594999,16.501573307949105],[80.77633812504278,16.501092478389328],[80.776303848199,16.501042660404995],[80.77632189477534,16.500586904325935],[80.77633969074613,16.500263745493832],[80.77614212217017,16.500230055539397],[80.77608197354392,16.500229890960554],[80.7760304332487,16.500221462550073],[80.77591060581473,16.499972743639713],[80.775765330501,16.499549689962617],[80.77570541733547,16.49942521533518],[80.77558576380109,16.49908510540017],[80.77544890979445,16.49875323564604],[80.77529494958728,16.498379882059904],[80.77504689595727,16.49778251136306],[80.77485010033696,16.497342741016368],[80.77478169022035,16.49716851856727],[80.77477312913837,16.49715192034122],[80.77474747734607,16.49708555099925],[80.77467902023321,16.496936190507366],[80.7745334980864,16.496645733210958],[80.77455069882024,16.496637493027535],[80.77443092307757,16.496363681037433],[80.77414864647342,16.49569162892608],[80.7739090660726,16.495160579056563],[80.77390909758644,16.495144004392817],[80.7736182163315,16.494480215265064],[80.77351558066165,16.494231311944475],[80.77346427869898,16.49409857293188],[80.77343006691109,16.49401560513769],[80.77340438442262,16.49396581028696],[80.77339583937399,16.493940924670138],[80.77334453756721,16.493808185626456],[80.7730880453575,16.493136202874183],[80.77292553313355,16.492746318218035],[80.77272892112886,16.492215385118786],[80.77243817465433,16.49148531861848],[80.77231838914938,16.4912197926945],[80.77229272308537,16.491161733388463],[80.77228419412116,16.491128560388816],[80.77155336088175,16.49138343203033],[80.77151896009983,16.491399911919434],[80.77047834150933,16.491769971532428],[80.77011028981167,16.491031400893686],[80.76999903632691,16.49079904675786],[80.769759425357,16.490292854104535],[80.7692205244355,16.489040014800278],[80.76914356195455,16.48884919201269],[80.7690580553541,16.488633483398527],[80.76900677382908,16.488492455944467],[80.76899819765252,16.48848414481344],[80.76869836734478,16.488019244008417],[80.76857806172781,16.48802719798072],[80.76857807770693,16.488018910646456],[80.76856097337223,16.48797742634632],[80.76809658317632,16.488191610519046],[80.76748598151555,16.488479951068996],[80.76708178211389,16.488669437956382],[80.76604121567178,16.48913892431987],[80.76563886557537,16.488375365213813],[80.76517656736404,16.48751221268342],[80.76511664848272,16.48739602234492],[80.76500532231144,16.487205125259685],[80.76461133987596,16.486499599099012],[80.76444004812708,16.486217373205438],[80.76419150183673,16.48588518416169],[80.76383160773493,16.485386959175354],[80.76381447227982,16.485362049159598],[80.76379732064835,16.48534542647583],[80.76377160938843,16.485312205114173],[80.76376303357634,16.48530389377072],[80.76370300291224,16.485245714356807],[80.76340293964347,16.48489680562993],[80.76337722850961,16.48486358422003],[80.7633429416115,16.48482205144644],[80.76330007895899,16.484772207304978],[80.76327438406156,16.484730698548926],[80.76267511308532,16.483610271523105],[80.76234129509278,16.48296292109166],[80.76234131133381,16.482954633757284],[80.76233906855958,16.482955348116164],[80.76232422500577,16.4829048616158],[80.76177641848366,16.481834277352828],[80.7613142101725,16.480929679432315],[80.76131422645584,16.48092139209698],[80.76112580961282,16.480614253243633],[80.76095379462633,16.480704931545862],[80.76059250782072,16.480911078359885],[80.76043772489389,16.480976942499623],[80.76037751699603,16.481009922820057],[80.76014528581044,16.48112529334545],[80.76013671033691,16.481116981854527],[80.7599140260648,16.480760021301847],[80.75939153944697,16.479929813020327],[80.75934015258991,16.479846794545644],[80.75926276135955,16.47987972617314],[80.75909086082154,16.47991239160501],[80.75897054351766,16.479928627455113],[80.75866970991332,16.479977504043656],[80.75840326705958,16.48002647717651],[80.7578531571457,16.480132661186193],[80.75775864776757,16.48013239441675],[80.75769847256336,16.48014879929944],[80.75729455360893,16.480189095468564],[80.7570797265909,16.48020506320505],[80.75693360072177,16.480237799698962],[80.75692502542563,16.480229488078088],[80.7568650972052,16.48012158272367],[80.75674526652644,16.479880909895545],[80.75623073492613,16.479390521919854],[80.75590518311371,16.47890893226122],[80.7558880492391,16.47888402160205],[80.75580233033673,16.478784353305976],[80.75571642984919,16.47877582262284],[80.75533848692686,16.478716740065373],[80.75405875747063,16.47847277489501],[80.75389574780088,16.478356288488882],[80.75380137212352,16.47828972128399],[80.75331230413886,16.477948548358608],[80.75294337837892,16.477690613048452],[80.7528918950329,16.47765731701293],[80.75287474501481,16.47764069344332],[80.75286615336655,16.47764066899047],[80.75272022129997,16.477565667178467],[80.75223910586725,16.47755600959111],[80.75217898102842,16.477547550899413],[80.7515513998795,16.477728084061752],[80.75145684161639,16.47775267645744],[80.75135358428749,16.477818680883676],[80.75133638427201,16.47782691918388],[80.75130196752981,16.477851683111233],[80.75127612572831,16.47788475888259],[80.75114683306656,16.478091551322763],[80.75093135575406,16.478430718675106],[80.75068131969422,16.478852660846687],[80.7506640526665,16.478894025389007],[80.75011344639225,16.4792570963401],[80.74987251906319,16.47942215484154],[80.74969187475257,16.479529373923732],[80.7496488489928,16.479562400312506],[80.7496402572622,16.479562375726115],[80.74964879865736,16.479587262298953],[80.74968301459076,16.479661946600263],[80.74970863881168,16.479736606312112],[80.7499225101286,16.48019300085617],[80.74993959304643,16.480242773977203],[80.7499481512748,16.480259373208675],[80.74995674303636,16.48025939778286],[80.75025610483318,16.480939795634264],[80.75043566166377,16.481371252421656],[80.75053831136152,16.48159530490963],[80.75055542803784,16.481628503322025],[80.75056398637815,16.48164510252768],[80.75063240298442,16.481802735122926],[80.75111146290281,16.48284828953959],[80.75125693986766,16.483138762918557],[80.75127405679899,16.48317196127082],[80.75130824054743,16.483263219952093],[80.75139383251839,16.483437499072565],[80.75142799966234,16.483537045060228],[80.7514279829567,16.483545332387084],[80.75144508329355,16.48358679503144],[80.75146216688694,16.483636568021495],[80.75141914050472,16.483669594752936],[80.75142768230049,16.483694481249024],[80.75104906239567,16.48396688391959],[80.75056720424382,16.48430528989866],[80.75047255892483,16.484371318416873],[80.75044673285113,16.48439610672599],[80.75021443200269,16.484552879735748],[80.74978418986508,16.484858281945233],[80.74977558112398,16.484866544685907],[80.74976698915938,16.484866520101512],[80.7497239622202,16.484899546472906],[80.74941426522493,16.48508926959599],[80.74937984694674,16.48511403316921],[80.74933681281695,16.48513877206603],[80.74929380254292,16.485163511022137],[80.74899276394221,16.48532010881386],[80.74882931443723,16.485419088918395],[80.74838206948516,16.485633255340584],[80.74745319862035,16.486078107298706],[80.74691135385011,16.486333458644904],[80.74591352980447,16.486869243448982],[80.74470053148633,16.487595012059007],[80.74470034454374,16.487686172569237],[80.74468258252075,16.487967891824276],[80.74468254852918,16.487984466461945],[80.74513653771092,16.488665317240496],[80.74517082134827,16.48870685293873],[80.7453759535446,16.489246100203943],[80.74537593657737,16.489254387522237],[80.7457946979071,16.490357791000267],[80.74602542379819,16.49098829535613],[80.74603399908959,16.490996607415244],[80.74645170162265,16.492622087419804],[80.74645166777489,16.492638662052496],[80.746434432391,16.492663474549868],[80.74651961106366,16.49302829464654],[80.74676669839359,16.494064926009422],[80.74686869092781,16.49461218535247],[80.74713351751191,16.495367096836926],[80.74715056719474,16.495433444751388],[80.7474670252389,16.496163642098093],[80.7476979417902,16.496694696595323],[80.74771504239483,16.496736182517843],[80.74808317773507,16.497408515757396],[80.7483397402459,16.498005942016825],[80.74839105967246,16.498122112304145],[80.74852806894204,16.498354551416956],[80.74912753740185,16.499359040571694],[80.74912752058704,16.4993673278845],[80.74917034910283,16.49943374948053],[80.74952990230176,16.500105825318236],[80.74985561685327,16.50050455099892],[80.7500184984963,16.50070391371846],[80.75002707438247,16.500712225614418],[80.75087556211989,16.501808582958933],[80.75107269250714,16.502057766859902],[80.75140724743275,16.50234877969213],[80.75141584017003,16.502348804219668],[80.75151024327195,16.50240708518325],[80.75211102459028,16.502773442770163],[80.752626056608,16.503040106071204],[80.75287512085066,16.503115401664793],[80.75292669413955,16.50310726115315],[80.75295247245516,16.503107334548716],[80.75302979075107,16.503115842028773],[80.75320162955475,16.503124618500415],[80.75338210165447,16.503125132033485],[80.75339061124765,16.503166593043463],[80.75356110317348,16.503846641527844],[80.75356962946307,16.503879815216465],[80.75357820564103,16.503888126968203],[80.75361234408926,16.504004247092958],[80.7536465158288,16.504103792587337],[80.75367214465597,16.504178451704153],[80.75384275472966,16.504800488737388],[80.75390238958326,16.50505756639034],[80.7528437614038,16.50589157751023],[80.75295471949025,16.506264824551504],[80.75309163993903,16.506546984504368],[80.7533228001764,16.50697029761812],[80.75362299503684,16.507261209117722],[80.7538975375761,16.507477461053092],[80.75394901229345,16.507519044164926],[80.75424937496467,16.5077270816787],[80.75457544360417,16.507960053830395],[80.75483287580478,16.508151393886735],[80.75505581321354,16.50839235989667],[80.75535587310296,16.508741280030986],[80.75602463217679,16.509505612306164],[80.75655617159563,16.510136726220203],[80.75788077175724,16.509527206591624],[80.75799223485788,16.509651831675633],[80.7585237806694,16.51028317086976],[80.75902107224805,16.510856400672157],[80.75911543257715,16.51093954016999],[80.75944998203566,16.51124711486877],[80.75976730601326,16.51156292790155],[80.75993887448733,16.51171258320285],[80.76007613599985,16.511828992419396],[80.76071952028983,16.51240262917011],[80.76101123934008,16.512643782153727],[80.76159462315891,16.51314266146396],[80.76216944927062,16.513624940449073],[80.76229813648825,16.513733036817797],[80.76300163786333,16.514331697135223],[80.76311315568311,16.514431457579906],[80.76339613385534,16.51473888162388]]]}},
{"type":"Feature","properties":{"Village":"Boddapadu"},"geometry":{"type":"Polygon","coordinates":[[[80.7713903651363,16.386020562359107],[80.77159686540317,16.386824389123888],[80.77175581215964,16.387380891971326],[80.77205766479047,16.3885170612052],[80.77227216241121,16.38932088763915],[80.77224003291028,16.389421317008605],[80.77218381537833,16.389591346948592],[80.7701914998104,16.391028777557047],[80.77013549212612,16.391067417734412],[80.77037326265676,16.392304251972313],[80.77042891188334,16.39247428862107],[80.77047659115317,16.39264432473855],[80.77077874022574,16.393610440784006],[80.77070648576154,16.39381138430841],[80.77065833264489,16.393935041611186],[80.7703290865784,16.394916574457742],[80.7715580221062,16.39607596722288],[80.77188504267042,16.39647788264652],[80.77190100266922,16.396493341118507],[80.77209967191233,16.39720439957368],[80.77213953490018,16.39726623202277],[80.77243440036916,16.397799533861427],[80.77274554946315,16.39814734565729],[80.77304811360325,16.398866137545326],[80.77317528879202,16.399306898839082],[80.77338224458268,16.399824737165154],[80.77432566069766,16.399639292930317],[80.77466145808634,16.39956974943247],[80.77480535073728,16.39953884079994],[80.7755888400425,16.399399756312807],[80.77604452451408,16.39933021544544],[80.77634029926165,16.399283854018186],[80.77753110035968,16.399337996325166],[80.77785076713836,16.39934573492977],[80.77929744128872,16.399314858254115],[80.77943331427863,16.399314861350746],[80.77942547924054,16.399214387118086],[80.77993703745197,16.399190996995248],[80.77979393431755,16.39870408131432],[80.78080094354561,16.398719557311463],[80.78105664346535,16.398758205101842],[80.78133629693785,16.398812310453923],[80.78151212011115,16.398820041508696],[80.78177574990441,16.398827773426763],[80.78258366487216,16.398394969569036],[80.78291171638055,16.398163108470566],[80.78348780875267,16.397753485899827],[80.78472789117068,16.39694196443353],[80.78545491772694,16.397127451770732],[80.78635889254636,16.39658642962286],[80.78644638307235,16.39686466470919],[80.7870541504964,16.39664052253068],[80.78774979775581,16.396439563414294],[80.7889569107699,16.39626950594758],[80.78909279345918,16.396261773996258],[80.78948428091032,16.396354509734923],[80.79016350744196,16.396439507894538],[80.79124981229222,16.3968800143849],[80.79195320470247,16.3968413454704],[80.79186542739906,16.396748603345497],[80.79188992765417,16.3964008072801],[80.7919063889309,16.396083926624403],[80.79191526445511,16.39549653886614],[80.79293038926997,16.395434668465242],[80.79323413430413,16.395411469152574],[80.79396958293849,16.395310961762842],[80.79456115669721,16.39521818777864],[80.79594413456464,16.395017166069017],[80.79603986671938,16.394986245518467],[80.79658356449382,16.394839367039335],[80.79679946090683,16.394769795047658],[80.79686343399348,16.394746604819325],[80.79763905663366,16.39449923517446],[80.79771113578205,16.3943987563077],[80.79771116995394,16.3943755699487],[80.79772716601605,16.394367840126655],[80.79775920369134,16.394321465333277],[80.79775921508003,16.394313736546867],[80.79777524529936,16.394282820361745],[80.79779144632407,16.394135972377505],[80.79775961368159,16.394043229018955],[80.79767964488978,16.394074149345347],[80.79753655807433,16.393548601099184],[80.79745709105731,16.39323945471931],[80.79729014268209,16.392636619928027],[80.79727427222133,16.392559333057772],[80.79713914555798,16.392056970351415],[80.7970278249935,16.39167053788532],[80.79695630604483,16.39139230593826],[80.79686886031719,16.391075216306234],[80.79679737607613,16.390773797928816],[80.79673378138212,16.390541938137183],[80.79653428564511,16.39033327280255],[80.79649447346537,16.390232800918437],[80.79635116368216,16.389861827522328],[80.79629544750294,16.389707255010183],[80.79626361626522,16.38961451140226],[80.79624770065747,16.389568139596307],[80.79623973141031,16.38955268248199],[80.79608869379713,16.38900399013902],[80.79608073603701,16.388980804228765],[80.79605685131484,16.38891897528555],[80.79603298951525,16.388841688760284],[80.79600113562766,16.38876440268725],[80.79595361121626,16.388625287186482],[80.79579443408952,16.388177004917758],[80.79574666503117,16.388053346958213],[80.79561933089947,16.38769007944958],[80.79551589302937,16.387380933547664],[80.79539648288387,16.387064059665445],[80.79539649436185,16.387056330874888],[80.79532483012272,16.386878551106644],[80.79526112355258,16.386723978725737],[80.7949029771693,16.38571923338703],[80.79488698170834,16.38572696300734],[80.7948869932057,16.385719234216058],[80.7947835115237,16.385440981618085],[80.79477555405806,16.385417795654014],[80.79468799904849,16.3851782076105],[80.79453673886513,16.384784046912493],[80.79444123857758,16.38451352252309],[80.79429002546895,16.38408844646561],[80.7942024601376,16.383856565526795],[80.79415470463239,16.383725178386065],[80.79413878998656,16.383678806405744],[80.79405921686862,16.383446946484305],[80.79395574902681,16.38316098612242],[80.79385229305092,16.38286727544363],[80.79383639008124,16.38281317464538],[80.79382044096896,16.382789989017404],[80.79379654615441,16.382735888590858],[80.79378855429472,16.38273588896488],[80.79378857737278,16.382720431379017],[80.79376467103536,16.38267405974165],[80.7933904403213,16.381746600295187],[80.79335861170964,16.381653856208015],[80.79322327110954,16.38130604507188],[80.79304015374247,16.380842325486295],[80.79303219666373,16.380819139450647],[80.7928888422894,16.38048678601945],[80.79265023596122,16.37972162400294],[80.79265825086144,16.37970616608159],[80.79261845435164,16.37959796461527],[80.79273851558023,16.37947429890177],[80.79278653539855,16.37942792411424],[80.79272287950386,16.37924243572629],[80.79265922375984,16.379056925848342],[80.79256375190283,16.378770964399887],[80.79237276267283,16.37822993507262],[80.79230904957181,16.378083090525433],[80.79224532496781,16.377943974753677],[80.79224533656506,16.377936245958015],[80.79212592568932,16.37762709885787],[80.79195071305229,16.377225186818052],[80.79175955273645,16.37680008883639],[80.79169582892976,16.37666097289064],[80.79166397867934,16.37658368611387],[80.7914808111543,16.376158609040047],[80.79147286607046,16.37612769414287],[80.79132956421036,16.37576442438451],[80.79124993934616,16.375571207286445],[80.79117828291972,16.375393447472455],[80.79101891753022,16.37508427962608],[80.79078788516398,16.37460510196923],[80.79063653584986,16.374280475965715],[80.79054894407362,16.37407180125302],[80.79053301937613,16.374033157774075],[80.79053303103869,16.37402542897642],[80.79051710634799,16.37398678549618],[80.79039759552496,16.37374719653955],[80.79037369106132,16.3737008244994],[80.79021438666264,16.373353012035096],[80.790190528992,16.373275724781386],[80.7901587149009,16.37317525137105],[80.79012686580766,16.373097964349753],[80.79003127194986,16.372897018448263],[80.78996759737734,16.372726965294643],[80.7897605679724,16.372232328165676],[80.78976057966439,16.372224599367094],[80.78966498663054,16.372023631823094],[80.78962515819295,16.371938616145407],[80.78948181588927,16.37160628172481],[80.78939426162314,16.371374420109955],[80.78933056466589,16.371219824349538],[80.78925889981527,16.371049792646822],[80.78906782148935,16.370578340782018],[80.78905190907881,16.370531968385485],[80.78901210467644,16.37043147351854],[80.78900416020336,16.370400558518632],[80.78899620401167,16.370377372317908],[80.788364769598,16.37045467498512],[80.78808506035374,16.37046240967935],[80.78687812936181,16.37061702828881],[80.78686214663631,16.370617028522688],[80.78682222524311,16.37059384270734],[80.78664637984379,16.370617031561356],[80.78575913718672,16.370748431290615],[80.78517561303227,16.370848910300747],[80.78435234704673,16.370949388458925],[80.78420046328023,16.370980303993893],[80.78404057617318,16.37101894822464],[80.78333714383781,16.37114260861092],[80.78332915245538,16.37114260859337],[80.7823857978839,16.371382218520175],[80.78229788058972,16.37138994670726],[80.78166630841687,16.371552245953463],[80.78157048658672,16.371575431344958],[80.78152252617555,16.371583159626265],[80.78097092701518,16.371706813647016],[80.78067512456528,16.37178409740417],[80.78066713315803,16.37178409728528],[80.78064316908385,16.371791825721207],[80.78039531484563,16.371869109796084],[80.7800755497667,16.37193866352056],[80.77953208529654,16.371969568365312],[80.77949211612916,16.37197729634377],[80.77851697946102,16.372108685056386],[80.77724597611073,16.37235597063497],[80.77703014656659,16.37239460775503],[80.7770061600813,16.37240233577317],[80.77634267582657,16.37252597394913],[80.77631868929913,16.372533701888322],[80.77567125826242,16.372626423341934],[80.7756151956955,16.372703709078362],[80.77515152030938,16.37281189358104],[80.77463190185922,16.372935553671535],[80.77312898803065,16.373275549474965],[80.77312895098764,16.373298735841754],[80.77320887798363,16.37329101109697],[80.77333475463024,16.37453539540408],[80.77339793661837,16.37499139707497],[80.77340575542331,16.375099600500487],[80.7734847949995,16.375648369836863],[80.77366667763518,16.376854112527838],[80.77367466924538,16.37685411291502],[80.77388234023154,16.376923681955695],[80.77394623618409,16.376946871339587],[80.77412181779172,16.377093726503173],[80.77418565228707,16.37715555974848],[80.7742095779258,16.377186475997185],[80.77429731353475,16.37729468302811],[80.77444876093716,16.377542011054167],[80.7745204766291,16.377673425103648],[80.77508637605173,16.378608654195983],[80.77509433091399,16.378631840888456],[80.77514212148421,16.378732317106262],[80.77515010090045,16.37874004622443],[80.77515805577538,16.37876323291437],[80.77555630433518,16.37960570825551],[80.77581120672964,16.380131297131864],[80.77586541023484,16.38122880821792],[80.77586530003374,16.381298367279168],[80.77580934524012,16.381306093913476],[80.77575339044228,16.38131382053285],[80.77572940281335,16.38132154838484],[80.77570541518259,16.38132927623407],[80.7756973866353,16.38135246227503],[80.77568131728302,16.381406563140164],[80.7755528479055,16.381785289983952],[80.77551282755115,16.381823932309008],[80.77546480310512,16.38187030308858],[80.77480846669896,16.382504057397746],[80.77468842690809,16.38261998390648],[80.77444832710403,16.3828363791421],[80.77410416010589,16.383160993678448],[80.77363207258004,16.38351649505196],[80.77355205506682,16.383578321369345],[80.77346408263844,16.383616960912384],[80.77286423118058,16.383918374105036],[80.77218446141664,16.384204302066195],[80.77216048568975,16.38420430072266],[80.77192863352148,16.38425838905602],[80.77190464538594,16.38426611646345],[80.77187267774062,16.38426611462884],[80.77132912572836,16.38434337049705],[80.77130514998579,16.384343369055845],[80.7711292781426,16.3843742735223],[80.77109731048124,16.38437427156966],[80.7710813142156,16.384381999371172],[80.77132691389697,16.385719136152346],[80.77136658798327,16.385896900463827],[80.7713903651363,16.386020562359107]],[[80.77218380298372,16.38959907572503],[80.77217579845988,16.389606804051123],[80.77218381537833,16.389591346948592],[80.77218380298372,16.38959907572503]]]}},
{"type":"Feature","properties":{"Village":"Bokinala"},"geometry":{"type":"Polygon","coordinates":[[[80.84012151789682,16.464283775210873],[80.8400513617507,16.4643482557031],[80.83985548956389,16.46436733395583],[80.83851657744658,16.464593788510516],[80.83813068710083,16.46474447234299],[80.83761616469909,16.465004460186773],[80.83749922668365,16.465063166774296],[80.83723319510878,16.46520297327861],[80.83639709797343,16.465571646126833],[80.83622753875473,16.465348891751862],[80.836204154321,16.4653094355248],[80.8361135305465,16.46511787300051],[80.83590598672335,16.46467560085276],[80.8359001403934,16.464675582441256],[80.83581828736422,16.464458730003052],[80.8352394563678,16.4646059876734],[80.83460800979466,16.46437333628331],[80.83373098150764,16.464618105178445],[80.8337397485946,16.464682832893846],[80.83375143833132,16.46476162529571],[80.83372805331855,16.464753112276767],[80.83400282176557,16.465575350045167],[80.83409344137617,16.465831603691207],[80.83410220982786,16.465862574863323],[80.83422205706472,16.466248291454196],[80.83462254202566,16.46693035117093],[80.83464884925465,16.46697819731572],[80.83490317494156,16.467392458432112],[80.83520427048836,16.467894188240596],[80.83534458856562,16.46811117630544],[80.83550245124506,16.468511067374823],[80.8356047557393,16.468809591855003],[80.83568660953728,16.469054623567427],[80.83580646000772,16.469507822904834],[80.83598184704687,16.47017784042197],[80.8360023177488,16.470262296168855],[80.83606077718923,16.470479123611224],[80.83613386134368,16.470769058047686],[80.83633263516921,16.47150380974027],[80.83633263510063,16.4715066423176],[80.83641741305043,16.471799446013613],[80.83656065184294,16.472306244367243],[80.83679743407765,16.473389912799348],[80.83684420186898,16.473617935828752],[80.83688804670795,16.473834619343474],[80.83693190191089,16.474045735398963],[80.8375224511824,16.47399699592771],[80.83801359920528,16.474496388249786],[80.83812176688093,16.4748286276745],[80.8381714615984,16.47494130532847],[80.83818023126223,16.474961063216043],[80.83818315437242,16.474975137599433],[80.83818900080301,16.47498922115803],[80.83820653976801,16.475053937095495],[80.83824455329601,16.475039991190798],[80.83833810011548,16.475000921704925],[80.83848721053448,16.47494229613638],[80.83896374409615,16.474755375380287],[80.8396917129043,16.47447068689267],[80.83994898530968,16.474367468417615],[80.84030858375,16.47418291341323],[80.84064770821182,16.474003958920328],[80.84070326121271,16.473981667351847],[80.84080265364962,16.473942517356978],[80.84125872964802,16.473780825225695],[80.8415744663246,16.47366928963509],[80.84162417255693,16.473658212198757],[80.84243690919213,16.473393509103364],[80.84246906533593,16.473376711583267],[80.84294270809026,16.473133511834515],[80.84293682066041,16.473108195641302],[80.84294270779247,16.47310254882966],[80.84342210397747,16.472814337691265],[80.84406826622599,16.472408457358],[80.8443927679851,16.47224068388621],[80.84445407507376,16.472207176565778],[80.84464124403841,16.472092404023087],[80.84467342034117,16.47208967143805],[80.8447465021758,16.472084233377068],[80.84478740770933,16.47208162557319],[80.84502999553588,16.471905098842566],[80.84506217157202,16.471891133559257],[80.84537499964785,16.471759950458843],[80.84573167630225,16.47162607035453],[80.84581064446226,16.47159535232889],[80.8458164301017,16.471595370276663],[80.84581643003251,16.471592537698164],[80.84585743681329,16.47158426484202],[80.84618477981834,16.47149522352083],[80.84660580807856,16.47136710890284],[80.84663504050971,16.47135879941258],[80.8466847761623,16.471342055702124],[80.84670517788496,16.471333718844676],[80.84752083791187,16.470956483183457],[80.84753545365545,16.470939630606992],[80.84745068497614,16.47050061166043],[80.84767865668213,16.47045628871009],[80.84766992627688,16.470419633531762],[80.84766698186388,16.470394326565533],[80.84766403821456,16.470391484881333],[80.84764657666068,16.4702958069155],[80.84758515741473,16.46997778203808],[80.84752668274874,16.469685064104446],[80.84740972647585,16.46887175203935],[80.84740089358714,16.46880139860337],[80.84740089266774,16.46877326815918],[80.84739794721166,16.468714263257574],[80.84743894517833,16.46845838356461],[80.84744472914943,16.46841054063975],[80.84746816895439,16.46820246742623],[80.84747395281968,16.468151889594793],[80.84747395272596,16.468149057015165],[80.84747689540771,16.468123768256305],[80.8477751008103,16.468023401586557],[80.84784818035585,16.46799832971989],[80.84785985282393,16.46799553323509],[80.84778676527792,16.467789994045376],[80.84775458612751,16.467688605390663],[80.84773418202225,16.467615383593728],[80.84770494663123,16.46751966919363],[80.84764058806076,16.4673029243006],[80.84771072143103,16.467207517251165],[80.84776918280028,16.467128874207248],[80.84811416454323,16.466657388398232],[80.84818135405713,16.466564804663236],[80.84820185609192,16.466539570159455],[80.8482105846587,16.466528266816336],[80.8482486450032,16.46647212354384],[80.84827198870042,16.466438497750193],[80.84768731807812,16.465505601593662],[80.84764641022068,16.465398589116802],[80.84762296169959,16.465333816547794],[80.84755860060412,16.465018575930927],[80.84754986941724,16.464951035835863],[80.84752063375072,16.464832807258404],[80.84745921737668,16.46454570616081],[80.84723701624625,16.463912112635803],[80.8471435279033,16.463650229564852],[80.84703237894983,16.463382655910372],[80.84700314486712,16.4632981837978],[80.84690671265682,16.46300252517904],[80.84678683515689,16.46272086889088],[80.84677506065483,16.462695515010687],[80.84659966007952,16.46226740824947],[80.84658504466866,16.462275802106124],[80.84645939277773,16.46235136501156],[80.84644772070725,16.46235695493349],[80.84640093099937,16.4623821273461],[80.84617875563937,16.462493950753178],[80.84616708317759,16.462485475429474],[80.84615246668537,16.46245448661204],[80.84614363616232,16.46244602009774],[80.84611146020909,16.462400921375835],[80.84609978760777,16.462386819956425],[80.84605888265747,16.462333245257],[80.84571682133357,16.461744287075437],[80.84518770917407,16.461436042465813],[80.84504449179673,16.461202124704002],[80.84503271778821,16.461185209863434],[80.84497425364827,16.46109502058662],[80.8446848765149,16.46061030700857],[80.84466437396264,16.46059899111732],[80.84463514312064,16.46061015247044],[80.84457089616507,16.460635270231307],[80.84384002248197,16.46092272178196],[80.84336644110616,16.461168786086347],[80.8433079795431,16.46122766825221],[80.84265312647186,16.461892290675017],[80.84251576104104,16.462032504981014],[80.84247775055171,16.462071759346127],[80.84240174816799,16.461925253771483],[80.84238713264605,16.461939273425543],[80.84179076701295,16.462559066721152],[80.84178492076786,16.4625646745652],[80.84135811361395,16.463021839095155],[80.84113301161139,16.463223665429137],[80.84045771310392,16.46377569511094],[80.84042555775572,16.464011880546977],[80.84021506949529,16.46419968634589],[80.84014782643212,16.464261353172986],[80.84012151789682,16.464283775210873]]]}},
{"type":"Feature","properties":{"Village":"Chikanala"},"geometry":{"type":"Polygon","coordinates":[[[80.84774842869766,16.454094881188922],[80.84682693717296,16.455086220570223],[80.84644553187631,16.455496834007132],[80.84637839748935,16.45557015123232],[80.8463997528221,16.455646413647095],[80.84640585483895,16.45564641377501],[80.84641500667914,16.45569920052722],[80.84644246307894,16.455819460351673],[80.84641805459493,16.455837058757844],[80.84634482918375,16.455886910621892],[80.8462349805058,16.455957303916946],[80.84576507399636,16.456271120084892],[80.84574676758385,16.456282852253185],[80.8455972542783,16.45638844207364],[80.84552097735185,16.45644122672008],[80.84547520024589,16.456485222843895],[80.84546604686075,16.456496955219627],[80.84540197370234,16.456558549773025],[80.84534094052283,16.45663479996141],[80.84526771387264,16.45670812684168],[80.84524635619722,16.456725725188665],[80.8447245769184,16.4570982006267],[80.844620829042,16.457168593233966],[80.84416008114025,16.45747067338396],[80.84389156196768,16.457661309361963],[80.84338503172583,16.45806311340646],[80.8432446683587,16.458183357405044],[80.84293952904257,16.458435586984635],[80.8434551660267,16.459116056099003],[80.84397691770417,16.459752537050207],[80.84435221695966,16.460186645163578],[80.84467258968961,16.460559103899506],[80.844684804161,16.460573770013276],[80.84464512899336,16.46058843459867],[80.8446664863112,16.46059729578906],[80.84495329494254,16.461081172093394],[80.84501432477113,16.461169168324737],[80.84502652853591,16.461189741457783],[80.84516688275141,16.46142144385111],[80.84569780822846,16.46172648488362],[80.84603954919345,16.462310169627255],[80.84607921229292,16.462365880027598],[80.84608836534703,16.46237759246937],[80.84612497757198,16.462424544077912],[80.84613107958856,16.462433302929185],[80.84614633445292,16.462462634778536],[80.8461585386994,16.462471495611606],[80.84638129384933,16.462359979657062],[80.84642400996891,16.46233655609793],[80.84643621461944,16.462327797641947],[80.84656132245641,16.46225447147629],[80.84657657820954,16.46224561122895],[80.84675050380967,16.46267092155384],[80.84676270772908,16.46269729977905],[80.84688475733404,16.46297890495348],[80.84697933631294,16.463272221777466],[80.84700985656268,16.463354309815617],[80.84712274321511,16.463621248919434],[80.84721428291682,16.463882280548063],[80.8474370260253,16.464512911621593],[80.84749499284061,16.464800320540288],[80.84752550234134,16.464917647034135],[80.84753466524045,16.46498506889382],[80.84759873415845,16.465301809370427],[80.84762314240554,16.465363426269917],[80.84766280570025,16.465471994169494],[80.8482486692502,16.466401749760198],[80.84822425939527,16.46643393262158],[80.84818458272063,16.46648974343369],[80.84817848020124,16.466501455584478],[80.8481571215825,16.466527833284925],[80.8480899943417,16.466618780406755],[80.84774517156931,16.467090931110665],[80.84768719770125,16.467170166004156],[80.8476170081863,16.46726396459125],[80.84768109024135,16.467478146599312],[80.84771160054686,16.46757785377538],[80.84772990657329,16.467648229268523],[80.8477634681275,16.467747936482052],[80.8478367041946,16.467956211535697],[80.84782449939014,16.46795621135655],[80.84775125954245,16.46798258824072],[80.84745526999176,16.468085243796278],[80.84745221837379,16.46810866820118],[80.84744916711799,16.468111621669102],[80.84744611502897,16.46816152589262],[80.84742170167357,16.468369697599133],[80.84741559841748,16.468416648251893],[80.84737591749011,16.468671872290805],[80.8473789676397,16.468730535322166],[80.84737591589467,16.468759866760486],[80.84738506826262,16.468830242120983],[80.84750406206794,16.469639711700722],[80.8475620409816,16.469930073991975],[80.84762306020944,16.470249767794506],[80.84764136604971,16.47034366957513],[80.84764136595192,16.470349474765],[80.84764746803341,16.470373001156396],[80.84765356987188,16.4704110914449],[80.84742776676562,16.470455085021978],[80.84751319383473,16.47089210518341],[80.84749793734147,16.470906770675853],[80.84668318246487,16.471288065005727],[80.84674116466043,16.4713907263609],[80.84739721565846,16.472587422149758],[80.8474460344552,16.47267541740848],[80.84738194676717,16.47269293373831],[80.84734227991876,16.472707598798653],[80.84738194510406,16.472783881691228],[80.84742467383622,16.472769216675108],[80.84765047997395,16.472704752205434],[80.8477786428976,16.472780934553157],[80.8479129084299,16.472860172273652],[80.84794038020958,16.4728806435981],[80.84795868769756,16.472892457928207],[80.84862392394467,16.472508203608218],[80.84866664203273,16.472484779630776],[80.84899009982942,16.472308794010253],[80.8490755464731,16.472255937014857],[80.84907859883499,16.47214156463017],[80.8490999626829,16.47161369996657],[80.84910607075689,16.471021163288988],[80.84946920148882,16.470983075946517],[80.84983232029876,16.471156113568192],[80.8499299707889,16.471185445544993],[80.85047923816984,16.47133505840781],[80.85110174717931,16.471505140723195],[80.85113836227326,16.47151389939893],[80.85157472423604,16.471634177989866],[80.85255726138934,16.471622460469018],[80.85256340481774,16.47144647149068],[80.85256647682209,16.471393715525156],[80.85257558611139,16.47114439779572],[80.85252981630357,16.47101821163677],[80.8524474519969,16.47079242088267],[80.852279619839,16.470355403187686],[80.85223689045525,16.470141324308578],[80.85222773655154,16.47011199287376],[80.8521606065782,16.469672020892546],[80.85214840055498,16.469496032004077],[80.85245049256706,16.46942860831424],[80.85336284928634,16.469278988655496],[80.85337503295015,16.469276034994184],[80.85337810536167,16.469276034958096],[80.85377486932929,16.469214413408228],[80.85382063756634,16.46920860758654],[80.85429972426567,16.46935525787921],[80.8544339571369,16.46936696789813],[80.85489778623162,16.469399244613363],[80.85490996988048,16.469396290862665],[80.85498010530013,16.469378670246574],[80.85519983434718,16.46931124416271],[80.85572161074364,16.46914990960053],[80.85593826649331,16.46906771521175],[80.85600850696332,16.469023818111484],[80.8561641323374,16.468727545747292],[80.85656990111748,16.468715822947882],[80.85681103161069,16.46870990925679],[80.85681707011716,16.46869819685513],[80.85684154187754,16.46864829187281],[80.8568446138334,16.46863362603496],[80.85684461365678,16.468627820841913],[80.85689640413698,16.46808814009051],[80.85693304899745,16.46770092244979],[80.8570734219689,16.467595406420948],[80.85707946060849,16.467589499203772],[80.85719853909326,16.46749854762289],[80.85724123292138,16.4674457903634],[80.85725341545817,16.467413504969056],[80.85725340943935,16.467228757220436],[80.85725647741972,16.467093811829148],[80.85726558410897,16.46695601457824],[80.85727786391512,16.46665974561129],[80.85729915698406,16.466609840659725],[80.85735414123266,16.466592321542684],[80.85812307600867,16.46645144406358],[80.8582024272986,16.466436775554627],[80.85848307388264,16.466480762836863],[80.85847703258297,16.466416294841544],[80.8584770324681,16.466413341321456],[80.85847395850541,16.466372297687982],[80.8584586981792,16.4662579257195],[80.85844958316048,16.46615811743686],[80.85843728667248,16.465976323620787],[80.85844649806909,16.465829665732393],[80.85845867449883,16.46564787102726],[80.85849224009364,16.465175612087897],[80.85850748820204,16.464979049653824],[80.85854401221965,16.46431033051967],[80.8585410431779,16.46424290888],[80.8585440051862,16.46413148974838],[80.85854400507003,16.464128536227644],[80.85855922608779,16.463248590142623],[80.85858983786031,16.463110791983922],[80.85871482769102,16.46257406125688],[80.8587605838902,16.46231302936571],[80.85873928372861,16.462166372559118],[80.85870569086455,16.461931721642053],[80.85857747254707,16.461189679601464],[80.85854091774569,16.461057689085926],[80.8584218228738,16.460608961826345],[80.8583883412387,16.460494590452242],[80.85836079298089,16.460397736298404],[80.85834553541636,16.46034202731415],[80.85825398987264,16.459998912814925],[80.85819603194686,16.459770118757667],[80.85815333039022,16.459564809739962],[80.85814718477216,16.45953547842595],[80.85814411251346,16.459535478533198],[80.85813807272774,16.459503214062284],[80.85803730228359,16.458919550669297],[80.85801896975545,16.458784636443877],[80.85800074394653,16.458670254283337],[80.85797933997539,16.45855586204413],[80.85797626676435,16.458529463770926],[80.8579762666568,16.458526530617803],[80.85797022542481,16.458453212179997],[80.85796715103498,16.458394549221683],[80.85795793163085,16.458321220706466],[80.85795793066565,16.45829483251235],[80.85792138161372,16.45829483375401],[80.8576925518384,16.458268443004535],[80.85753692655292,16.458253782284622],[80.85710670581662,16.458209798335965],[80.85620961290861,16.458227422247933],[80.85616384731892,16.45823328972602],[80.85586170944198,16.458265561895693],[80.85545289110885,16.45831835790003],[80.85526982856335,16.458341827089672],[80.85507447752704,16.458388761591415],[80.85427813494667,16.458573554677418],[80.85421404180364,16.45858528833515],[80.85419571337084,16.45853249188289],[80.85417738590613,16.458535425329803],[80.85412557920785,16.458397578161073],[80.85377162026228,16.4573622416095],[80.85343896042868,16.4564618087988],[80.85344817701812,16.456458875529552],[80.85348779772758,16.45644420926006],[80.8532956189453,16.455913341452764],[80.85314910182313,16.45550566538625],[80.8531094797843,16.45539420599795],[80.85310333494743,16.455356075071172],[80.853094223928,16.45532381048355],[80.85307589613207,16.455273957259887],[80.8530544960871,16.455218227576136],[80.8530332022612,16.455185963116673],[80.8528805417294,16.454766544109887],[80.8528592477322,16.454710824587917],[80.85310025237641,16.454479113114992],[80.85378989318656,16.453810386027154],[80.85380207574028,16.453798653236102],[80.85425368040012,16.453572803563322],[80.85431162713914,16.453537604745645],[80.85434817491937,16.453517072047724],[80.85432995279758,16.453461342429335],[80.85429636961315,16.45339095748155],[80.85429636956027,16.45338802432742],[80.85426893087835,16.453326428549538],[80.85388436888927,16.452557988941567],[80.85367693992063,16.452156170145617],[80.85367079550585,16.45214738095222],[80.85350913328347,16.451862877336033],[80.85340234748831,16.45167516700589],[80.85339620302162,16.451660501310705],[80.85331081692554,16.45151092167088],[80.85312765043088,16.451191230341998],[80.85275549235192,16.45050784279502],[80.85273716585979,16.450534240343597],[80.85262117007102,16.450856866018356],[80.85258462175982,16.45078648081389],[80.8525113149566,16.450824612451438],[80.85160211754452,16.45129682541286],[80.85125427893293,16.451475738752997],[80.85053420278606,16.451851162576475],[80.84996972295899,16.45214153326006],[80.85006126154025,16.452317512639052],[80.84934728168497,16.452728119991626],[80.84917641578686,16.452895308520258],[80.84869736673329,16.45337044464082],[80.84865160258308,16.453329380033686],[80.84774842869766,16.454094881188922]],[[80.85869956313728,16.462351121898827],[80.85864775903985,16.46238340887437],[80.8587605838902,16.46231302936571],[80.85869956313728,16.462351121898827]]]}},
{"type":"Feature","properties":{"Village":"Chinapulipaka"},"geometry":{"type":"Polygon","coordinates":[[[80.76758842372796,16.374663837279314],[80.76734130848612,16.37475713590944],[80.76732367606635,16.374757118323153],[80.76710296166392,16.374867451171948],[80.76667030074513,16.375105133105833],[80.76624652641222,16.375317334411044],[80.76597279419612,16.37547013331458],[80.76531062174818,16.37580963088129],[80.76528414911957,16.375818108303992],[80.76360690642265,16.376581803387335],[80.76353625642037,16.376624252062804],[80.76362439540134,16.37663284563442],[80.7636243714679,16.376641349692278],[80.76345662250925,16.37672622016152],[80.76341246920157,16.376751687546747],[80.7631918222541,16.376836504043816],[80.7628741743556,16.376972269626137],[80.76199165603963,16.377294523830763],[80.76193871010247,16.37731147782661],[80.76125033999072,16.377557390713868],[80.76039431357687,16.377862680793758],[80.76024421898373,16.3779390627768],[80.76004112980539,16.378049406271913],[80.76048874141024,16.378755730018348],[80.76062108345054,16.378721849992257],[80.76078768053907,16.379045176436478],[80.76097181479561,16.379402537086765],[80.76118227873388,16.379802468626032],[80.76118225469226,16.379810972679664],[80.76139295988347,16.380125839847206],[80.7614193130994,16.380159883194843],[80.76141928906777,16.380168387248354],[80.76141035245836,16.380210898471592],[80.7613919744688,16.38047452965822],[80.76139192640272,16.38049153776468],[80.76139190236968,16.380500041817907],[80.76138294170474,16.380551057091548],[80.76138291767126,16.380559561144718],[80.76137357245757,16.380746641266633],[80.76136437143083,16.38088269706735],[80.7613453203065,16.381384441703457],[80.76134527223503,16.38140144980839],[80.7613783510444,16.382175378366544],[80.76137791841558,16.38232845129885],[80.76135115630574,16.382438976827906],[80.76131521703975,16.382677054074332],[80.76130640047768,16.38267704502432],[80.76127106210978,16.382702520974657],[80.76122688312658,16.382736491916813],[80.76117388756195,16.382770453793743],[80.7611650469512,16.382778948788978],[80.76114736572745,16.382795938778283],[80.76072330413913,16.383101673070378],[80.76068796561957,16.38312714891976],[80.75993617076584,16.38397680471593],[80.7599096486073,16.38400228953725],[80.75949261436021,16.384937329961982],[80.75948372534043,16.38496283297918],[80.75911081876494,16.38588091005095],[80.7590041975262,16.38616993789674],[80.75898542936258,16.386569633421264],[80.7586501038708,16.386679838091425],[80.75864123881662,16.38669683701999],[80.75819047290487,16.387087555270234],[80.75809327093398,16.387163990640754],[80.7578546135151,16.387376367197984],[80.75766018475053,16.38753774161561],[80.75765136797226,16.38753773240953],[80.75748331661364,16.387724646408387],[80.75677613174342,16.388378743182283],[80.75675847387251,16.38838722873828],[80.75612164885644,16.389092421381786],[80.75596246010822,16.389262335287043],[80.75554687777273,16.38968710092988],[80.75557325531766,16.389704136873195],[80.75567874206997,16.3898148009257],[80.75574905847523,16.389891435234468],[80.75664566492347,16.39084485695021],[80.75688289790035,16.391134243991726],[80.75700594735501,16.391270437989053],[80.75739253660919,16.391738589878752],[80.75750672140236,16.391891782447875],[80.75792831523808,16.392462018735085],[80.75798099952891,16.39253861028462],[80.75812245859187,16.39240266908168],[80.75958813006399,16.391672841743365],[80.7596934272351,16.391851536149446],[80.76014077962024,16.392668412691357],[80.76056153967168,16.393527781191473],[80.7605614915143,16.393544789275694],[80.76058782227763,16.393587336748194],[80.76062292195435,16.393646901387054],[80.76080692483505,16.394055286115442],[80.76111374245271,16.394684855465073],[80.76111367028597,16.394710367589735],[80.7611661880514,16.394846486639985],[80.76118377416478,16.39486351284879],[80.76128905042718,16.39505071048521],[80.76147295981899,16.395493110776787],[80.76167462450744,16.395893008781105],[80.7616833936007,16.39591002590546],[80.76189334714114,16.396497257856268],[80.76191078933063,16.396565308248043],[80.7619370967647,16.39661635958919],[80.76192825555358,16.396624854597544],[80.76216459036748,16.397228885185974],[80.76235720094036,16.397713813888405],[80.76262861597557,16.39839441636765],[80.76286505145848,16.398972934030922],[80.7632239215647,16.39986622648381],[80.7633727859454,16.400232052757136],[80.76343402823774,16.400402196337637],[80.76373168728266,16.401159360573963],[80.76378413670861,16.40132099104763],[80.76389816444932,16.401533708412057],[80.76415240974138,16.4020527141955],[80.7643276819831,16.402435574661894],[80.7648716635553,16.403397084166848],[80.76489804435195,16.40342262301524],[80.76517924885876,16.4037630694899],[80.76569769239393,16.404401396741704],[80.76594377257582,16.404690782458655],[80.76617250446719,16.404878101730407],[80.76656841262071,16.405193385609312],[80.76668282674835,16.405270036865716],[80.767351820955,16.40567890126758],[80.76737846409034,16.405610895400866],[80.76756491794552,16.405151862295327],[80.76816886130196,16.403595984634002],[80.76838178753785,16.40312847294973],[80.76873697871365,16.40223589904726],[80.76932943065674,16.40163269754494],[80.76954145154683,16.401488338127358],[80.77006267317758,16.401131681949312],[80.7701862350795,16.401089283414777],[80.77048633403938,16.400979026059765],[80.7706805058058,16.400911184498923],[80.7709717868393,16.400800917774095],[80.77116624174916,16.400631027237424],[80.77215520271807,16.4001217507519],[80.77259647094415,16.399977611802136],[80.77306404931193,16.3998845218919],[80.7730728431152,16.399893034504387],[80.77316990450637,16.399867616581705],[80.77336414485242,16.399774260372492],[80.77315396444997,16.39925530816422],[80.77303174619219,16.3988129778489],[80.77272511942822,16.398098337850254],[80.77241745792313,16.39775787544485],[80.77211915705345,16.39722182812005],[80.7720840768112,16.397153761320077],[80.77188323870071,16.39644772735527],[80.77186565150494,16.396430702030038],[80.77154052563043,16.396030456551745],[80.7703093393793,16.394872694456666],[80.7706471084636,16.3938951057249],[80.77069154841574,16.393767588315676],[80.77076265221677,16.393563560436636],[80.77046554462241,16.392602284597032],[80.77041311561227,16.392432127943405],[80.77036068662565,16.39226199489748],[80.77012605876762,16.391028649613887],[80.77017907872455,16.3909861814666],[80.77217566791604,16.389559406353783],[80.77222906414602,16.38938087282086],[80.77226459087407,16.389287362616002],[80.77204640910746,16.38847923891445],[80.77174977433823,16.38734788335057],[80.7715837893397,16.38679493241065],[80.77138324645836,16.385986825142908],[80.77135712677432,16.385867742473923],[80.77132235565789,16.385689122778775],[80.77107919584618,16.38435369687878],[80.77108803610513,16.384345201463645],[80.77112330267796,16.38434523602598],[80.77129970636202,16.384319896578557],[80.77132617989362,16.38431141841738],[80.77187300034797,16.3842439203916],[80.77189947384545,16.384235442157784],[80.77192592376176,16.38423546797789],[80.77215532135472,16.384176163210658],[80.77218177126349,16.384176188998506],[80.77286142903534,16.383896215832614],[80.77346180598451,16.383590627782645],[80.77355008963218,16.383548192884007],[80.77362960364408,16.38348874129549],[80.77410666322282,16.383140535173318],[80.77445142560998,16.382809184983543],[80.7746900596192,16.382596812827632],[80.77481379643747,16.382486378856004],[80.77546797889234,16.381849177454498],[80.77552101862236,16.381798203816697],[80.77555637842705,16.381764221383747],[80.77568084007363,16.381390160961267],[80.7756986369932,16.381330649420406],[80.7757075237424,16.381305145680308],[80.77573397327038,16.38130517101683],[80.77576044620902,16.381296692287854],[80.77581336867125,16.381288238882043],[80.77587510763738,16.381279793902056],[80.77586647844188,16.381211729342184],[80.7758165990806,16.38011463098604],[80.77556237379198,16.379587134127508],[80.7751679544732,16.37874482754045],[80.77515918494906,16.378727810945332],[80.77515039199119,16.378719298413692],[80.77509777494996,16.378617175210508],[80.77508900543751,16.3786001586124],[80.77452736099515,16.377655641027797],[80.77445718220666,16.377528012103536],[80.77429916877568,16.377281241243196],[80.77422012699657,16.377170611865004],[80.77419377193138,16.377136570087174],[80.77413222203214,16.377076982076655],[80.77394747861423,16.37693223419602],[80.77389465120942,16.376906670891834],[80.773674431497,16.376838401650428],[80.77349260337863,16.375639125709522],[80.77341478519544,16.375086260997815],[80.77340627457465,16.37497569960494],[80.77334580707901,16.374524924331592],[80.77322581361098,16.37328316376651],[80.77313762861966,16.373291582359855],[80.773111156657,16.37330006077747],[80.77271426524422,16.373359204105448],[80.77265250511203,16.37337615226066],[80.77184966952728,16.37357949210576],[80.77132909135929,16.373732057046112],[80.77116146617728,16.37377441342709],[80.77058798993035,16.373926924718194],[80.77056151777577,16.37393540281223],[80.76980273515635,16.37414725850924],[80.76936157071772,16.374274384535767],[80.76933509846516,16.37428286247404],[80.7690353006201,16.374299574281213],[80.76874434256473,16.37430781395392],[80.76870905409109,16.3743162830791],[80.76869146919933,16.37429923385915],[80.76829440837115,16.374417920869103],[80.76789729964446,16.374553591625165],[80.76758842372796,16.374663837279314]]]}},
{"type":"Feature","properties":{"Village":"Davuluru"},"geometry":{"type":"Polygon","coordinates":[[[80.77943330641928,16.39920047617322],[80.77944518627059,16.39929803868638],[80.77945112668984,16.39933820654428],[80.77945112636388,16.399343943497712],[80.77952834491259,16.399699753954785],[80.77958775980153,16.399917865921637],[80.77991454901493,16.40102563436885],[80.77992643170764,16.401077285285023],[80.77997990903518,16.401215054679835],[80.78034830961373,16.40217946275033],[80.78046714754622,16.402523863034073],[80.78042554586179,16.402563957601078],[80.78052063333031,16.402512471528574],[80.77996197902068,16.403085321358773],[80.78011646698057,16.40355600569823],[80.78009863756381,16.4035731890522],[80.78014617652377,16.403642105798863],[80.78016994601622,16.40367656416814],[80.78015806004132,16.403682282789152],[80.78027690731777,16.403860311552894],[80.78030661909395,16.403906268907058],[80.78038981226344,16.404032610074992],[80.78045517550136,16.404187608495032],[80.78056211758853,16.404434462168723],[80.7806215358813,16.4046353629239],[80.78065718632938,16.404767367708043],[80.78072254623648,16.404996946400423],[80.78075225712692,16.40506585149313],[80.7807997949423,16.405169189793874],[80.78088298466382,16.405381585021978],[80.78093646380341,16.405519354139535],[80.78128705065147,16.406432100340048],[80.78149502804722,16.406960235291912],[80.78159010354582,16.407207070179094],[80.78159604568917,16.407224290154865],[80.7817148720001,16.40757444249209],[80.78204763051858,16.408636320646593],[80.7821189367896,16.40885443407091],[80.78213676325628,16.40891183089739],[80.7822972065989,16.409319416164553],[80.78242199637529,16.409635139565683],[80.78268940457593,16.410306803933207],[80.7827904089964,16.410570858152937],[80.78293302836532,16.41091526138189],[80.78297462588776,16.411012853126262],[80.78337277453393,16.411977268967103],[80.78358076432643,16.41247686039974],[80.78381846751051,16.413068128744335],[80.78393135849535,16.4134067808278],[80.78433545127136,16.41462936641247],[80.7845553242453,16.415392715102076],[80.78464446330146,16.415673961137518],[80.78473954439936,16.41600111174088],[80.78486433947576,16.41640862472599],[80.7849178064563,16.416592288298254],[80.78502477389974,16.41695387850028],[80.78525059891564,16.417591022588045],[80.78573196439729,16.419072044417668],[80.78576167868829,16.41915814365511],[80.78637382718544,16.418964014884896],[80.7865521277107,16.418895441317485],[80.78743172510195,16.418569764063868],[80.78747332832226,16.418558352922975],[80.78807954700723,16.418329788512395],[80.7881092635766,16.418318359350796],[80.78881055692361,16.418066828745634],[80.78939886029877,16.41782675968479],[80.7894761229703,16.417798190753743],[80.79021903201534,16.4175640879604],[80.79084307425896,16.417352752977504],[80.79139579627606,16.4171642576968],[80.7914790016495,16.417135696872986],[80.7923764300189,16.416890342520084],[80.7926379319385,16.416821887251984],[80.79307178752822,16.41675368706387],[80.7932263118846,16.41677112677635],[80.79331546065859,16.4167884696092],[80.7934046090666,16.416777127660584],[80.79437335516957,16.416692504828546],[80.79509248295406,16.41652719297897],[80.79572840483064,16.416378967304645],[80.79612065086808,16.416127117283654],[80.79613848020954,16.416115669537614],[80.79657827139039,16.41588109923072],[80.79658421460148,16.415881107935853],[80.79712504124441,16.41570979088387],[80.79726173327582,16.415658358146683],[80.79844441508547,16.415252759762403],[80.79844440294599,16.41494296439005],[80.79843251478323,16.41489705147403],[80.79825418860557,16.414093618600567],[80.7982244548776,16.413623145253045],[80.7982244540021,16.413600197444733],[80.7982303796138,16.413141249925594],[80.79824817931058,16.412366627942983],[80.79835510986196,16.4112021822553],[80.79835510874419,16.411173497488086],[80.79854525875048,16.410468160876093],[80.79869382582032,16.410244619875083],[80.79918112240341,16.40948803415381],[80.79921083574861,16.409447918616276],[80.79927620541665,16.409367696154536],[80.7993178044978,16.409321860899276],[80.80003075805206,16.4084221606659],[80.80081518205965,16.407453733566644],[80.80082706737872,16.40744227681883],[80.80167093404432,16.406852571319515],[80.80168281927696,16.4068411145217],[80.80168876189187,16.40683537018654],[80.80186702544079,16.40640535506019],[80.80185513860667,16.406388127083424],[80.80174815881676,16.406261760048142],[80.80113005517336,16.405515033029],[80.80082225671102,16.405155809297824],[80.80082100571164,16.405153158688346],[80.80081506252691,16.405147413149127],[80.80080317348111,16.405084273516295],[80.80073185384182,16.404986642240566],[80.79947808330678,16.405260217377098],[80.7988421991566,16.40537977020891],[80.7986341805947,16.404954917048542],[80.7985688103051,16.404989243702627],[80.79784379377926,16.40539552758378],[80.79784973709403,16.405407010162435],[80.79776059556401,16.405458512765346],[80.79770710992135,16.40546990865701],[80.79759419592497,16.405498428682673],[80.79757636743895,16.40550413961931],[80.79724357354011,16.405750358690057],[80.79709500471712,16.40586488068264],[80.79705340549053,16.405899241603528],[80.7966968400176,16.406191304738233],[80.79666712596048,16.40620847211008],[80.79597181535965,16.406603318976984],[80.79592427115682,16.406574564442103],[80.79587078404064,16.40654580117457],[80.79578163893213,16.406499774683713],[80.79567466465231,16.406436511107902],[80.79565089091255,16.40635615882397],[80.79526456836363,16.40496720011111],[80.79524673810994,16.40489833042442],[80.7952467331254,16.404686063055856],[80.7952110649298,16.404215564283792],[80.79520512033508,16.404140975112842],[80.79508624773874,16.403458086531163],[80.79506841780889,16.403394953778353],[80.79492577638125,16.402780873575995],[80.79477719278768,16.402155294649415],[80.79476530634935,16.402115118445767],[80.79476530610621,16.402103644531355],[80.79476530586307,16.40209217061692],[80.79474747409745,16.40193150955763],[80.7947415308268,16.401908552976096],[80.7947415301011,16.40187413123218],[80.79473558695359,16.40185691160771],[80.79477718656813,16.40186270982877],[80.7947771825409,16.401673390234617],[80.7947058556207,16.40102499306166],[80.79458103537387,16.399929018352445],[80.79457509124636,16.399860166095884],[80.7946107385102,16.39941845689054],[80.79461073827419,16.399406982973286],[80.79465826824553,16.39884481511157],[80.79461072622698,16.398821797240842],[80.79430170327193,16.398666443861977],[80.79317852770457,16.398091072712486],[80.79316664228884,16.398085318162757],[80.79282790641143,16.3977635309097],[80.79237625996859,16.397298151632782],[80.79238220261401,16.39729816045036],[80.79196027162179,16.396855772204916],[80.79125309857551,16.396889142086433],[80.79016559772067,16.396445769263742],[80.78948813967112,16.39635869989862],[80.7890899851007,16.396266308769],[80.78895330496006,16.396271840748923],[80.7877529937941,16.39644215035521],[80.78705177786007,16.396641891641906],[80.78645156823227,16.396864726361148],[80.78636243478981,16.39658348066054],[80.78545915872216,16.397127139507013],[80.78472823646912,16.396936710084347],[80.78349215633172,16.397749491151604],[80.78291570285498,16.39815595044766],[80.78258886330042,16.398384928729705],[80.78178658272127,16.398819723908776],[80.78151917883304,16.398807839567205],[80.78134684145638,16.39879610096093],[80.78106159474045,16.398749766896223],[80.78081200426458,16.398703487319057],[80.77980176495274,16.3986961933112],[80.77994436318565,16.399178317550078],[80.77943330641928,16.39920047617322]]]}},
{"type":"Feature","properties":{"Village":"Edupugallu"},"geometry":{"type":"Polygon","coordinates":[[[80.74283710128512,16.468646300625533],[80.74289423355361,16.468628042623134],[80.74351154864875,16.469621090196682],[80.74352100421682,16.46966702787871],[80.74353997771972,16.469712983824675],[80.74354948317998,16.469722185972046],[80.74416861991594,16.469356016802195],[80.74422577715053,16.469319390670734],[80.74428293436378,16.46928276452325],[80.74432103087166,16.469264469672197],[80.74434960946408,16.46924615658713],[80.74482463618583,16.469889939309873],[80.74483414171607,16.469899141399758],[80.74493866539267,16.470027916012445],[80.74515720598387,16.470304106149584],[80.7452711737175,16.470488002091777],[80.74532817005151,16.47057076615571],[80.74569857935872,16.47115924355359],[80.74577456261483,16.47127877936382],[80.74579353509586,16.471306367290726],[80.74585051952448,16.471398315095982],[80.74629680476563,16.472188982136185],[80.74658160659968,16.472740559146747],[80.7466100745422,16.47280490070895],[80.74696117248192,16.47360456890181],[80.7472362755649,16.474293885120275],[80.74726475624288,16.474349042708194],[80.74727424980576,16.47436742856996],[80.74756830356215,16.47510269988506],[80.74792885407768,16.475957487763385],[80.74818520916858,16.476435537279535],[80.74842254117873,16.47690436650327],[80.7485554299716,16.477180135536518],[80.74881176371716,16.477676552033426],[80.74900166583821,16.47802589999135],[80.74942851292013,16.47911959216874],[80.74955186181201,16.479413710306503],[80.74962777744503,16.479588347975827],[80.74963729586247,16.479588365969864],[80.74968493670508,16.479551720417298],[80.74985641435708,16.479441837645535],[80.7500945936695,16.479276977272594],[80.75064713461519,16.478919847642118],[80.75066623209675,16.47887396413446],[80.7509237864195,16.478451990020314],[80.75113361239106,16.478112580821527],[80.75125761739439,16.477910768413636],[80.75127670251811,16.477874068724223],[80.75132433052387,16.477846606664343],[80.75133386096736,16.477837440698345],[80.7514386352624,16.47778253445176],[80.75153385486996,16.4777551618914],[80.75216230603769,16.477572665119403],[80.75221928376439,16.47757277212936],[80.75270470609874,16.47758286707849],[80.75284737258184,16.47766578977188],[80.75287591552276,16.477675027192646],[80.75292345901585,16.4777118519456],[80.75329433733668,16.47796969622647],[80.75377932893812,16.47831040849094],[80.75387442858671,16.478374873697152],[80.7540456033205,16.478494584513836],[80.75531123625187,16.478735728088438],[80.75569190003047,16.47879154045659],[80.75578707196107,16.47880090149889],[80.7558726065502,16.478902083628466],[80.75589161953576,16.47892048681523],[80.75621461510185,16.479407834521172],[80.75672798069772,16.47989579035426],[80.75684189380291,16.48013478335728],[80.75689886230842,16.48024509595141],[80.75690836891448,16.480254297498746],[80.75705119311569,16.48021782687019],[80.75727014121803,16.480199865101877],[80.75766996350497,16.48016387036415],[80.75773661628591,16.480145625987895],[80.75783180079375,16.48014580222529],[80.75838401230605,16.480036616933038],[80.75864106918368,16.479991172453552],[80.75894572990772,16.479936631630828],[80.75906948139382,16.47992767612927],[80.75924084855087,16.479900440575836],[80.75931704301074,16.479863845478928],[80.7593075597793,16.479836276268422],[80.75928854637861,16.479817873388043],[80.75919366760796,16.479578661683348],[80.7591746894678,16.479532707135686],[80.75912723828411,16.479422412701506],[80.7591083071528,16.479339722604443],[80.75908935254623,16.47927540027692],[80.75886210982102,16.478338222239213],[80.75945278782494,16.477916852162245],[80.76004345158631,16.47750466425605],[80.7601863550557,16.477403904227163],[80.76053884809446,16.47715658691156],[80.76056742636344,16.477138271621914],[80.76132000104275,16.476643722367598],[80.76187252592257,16.47627737875471],[80.76213925773216,16.47610337285423],[80.76216783569802,16.4760850573403],[80.76252031227965,16.475846920484447],[80.76326333575828,16.47537071443243],[80.76327286552538,16.475361547911707],[80.76328238374654,16.475361565282626],[80.7639587646328,16.474894418981922],[80.76397782405438,16.47487608587443],[80.7642731756434,16.47464702583689],[80.76429222351435,16.47463787659305],[80.7647589703859,16.474354024257536],[80.76554952776831,16.473914631967425],[80.76555905735722,16.473905465339065],[80.76614958208697,16.473585098678477],[80.76706392559572,16.47310000514583],[80.76707345507403,16.47309083844642],[80.76730206009906,16.472953492596613],[80.76749253567988,16.472861997269302],[80.7675211126735,16.47284368100645],[80.76756874854524,16.472807031294693],[80.76761639573812,16.47276119767452],[80.76763545460899,16.472742864223274],[80.76755000724057,16.47256821561671],[80.76908332104742,16.471836263284647],[80.7691213481904,16.47187306729651],[80.76914985729087,16.471909854199893],[80.76916890466988,16.471900704503714],[80.76919741378339,16.471937491400688],[80.76988282024756,16.47163565229785],[80.7699494802406,16.47160822006651],[80.77018754348093,16.471516807564573],[80.77083510570267,16.47124244925007],[80.77089224740648,16.471214999689188],[80.77231112232019,16.470648129282413],[80.77279677316454,16.47045613159399],[80.77301578664843,16.470373865864282],[80.77302531571559,16.470364698886435],[80.77335860040844,16.4702364612364],[80.7737299672996,16.470099361827696],[80.77375853226255,16.47009022859996],[80.77421556028585,16.46995328032459],[80.7742631611344,16.469944180767317],[80.77431079504382,16.46990752948704],[80.77444411261523,16.469852662144636],[80.77448220648304,16.469834361772648],[80.77451077137314,16.46982522844116],[80.77455838318745,16.469806944911827],[80.77448239371319,16.469678235399538],[80.77443489208055,16.469604679868493],[80.77436840968842,16.469485171078787],[80.7743304040428,16.469430000195747],[80.77430190533352,16.469384030076665],[80.77353236782629,16.468207122718347],[80.77284827810608,16.467214094043953],[80.77278177530471,16.46711295255675],[80.77207863552465,16.466138153262193],[80.77163209130286,16.465485298098724],[80.7713185414043,16.465043884346272],[80.77123303818055,16.464915156647482],[80.77121402507487,16.46489675482795],[80.77085303390612,16.464335890079077],[80.77047331185818,16.46352699963004],[80.77015053038667,16.462855969396497],[80.77010304324268,16.462773228969045],[80.77009360413842,16.462708924562573],[80.77009362656905,16.46269055674725],[80.7700746586509,16.46263541919377],[80.77007470351546,16.462598683562895],[80.76978030918296,16.462065462516787],[80.76976131895117,16.46202869274962],[80.76957146197967,16.46162425934821],[80.76954297675677,16.46156910466765],[80.7692205335587,16.460842969979907],[80.76892635826285,16.460135253435453],[80.76891687458742,16.460107684603074],[80.76882268056792,16.459308487897115],[80.76864271784488,16.458600976169436],[80.7686332342813,16.458573407321644],[80.76843424940523,16.457856702748717],[80.76833945973945,16.457544252989358],[80.76810250943814,16.456744798822807],[80.7680930260378,16.45671722994782],[80.76806455323948,16.456652891143335],[80.76796975338394,16.456349650618662],[80.76794129199057,16.456276127884504],[80.76762811615188,16.455550007238067],[80.76762812747822,16.455540823325755],[80.76744762830096,16.455274163734977],[80.76693460584893,16.454538497482677],[80.7665735889624,16.454023544773897],[80.7662409774008,16.453628008471938],[80.76622200003061,16.453582054460412],[80.76606997622137,16.453379732741936],[80.76555657554552,16.45295631616993],[80.76517622211833,16.4526892922145],[80.76429189959198,16.4520723365287],[80.76371184071643,16.45168555546452],[80.76335999737316,16.451455315904976],[80.76326490752518,16.45139085497182],[80.7627038637173,16.45102244817296],[80.76177193678662,16.450432972298294],[80.76123001391416,16.45000030904989],[80.76117295852382,16.449963468703807],[80.76065933283527,16.449732927938086],[80.76004129048896,16.44929093793382],[80.75970851309597,16.449042359483418],[80.75920467802506,16.448600602712617],[80.75917616244372,16.448572998355935],[80.75895754328724,16.448361339316126],[80.7589575550163,16.448352155403317],[80.75891002917054,16.44830614808451],[80.75829191297439,16.447928465876462],[80.75794027128039,16.44755127470873],[80.75779750658825,16.4475601946399],[80.75742666765878,16.447311516682547],[80.75738863567064,16.447283894466356],[80.75689427993306,16.446878885471303],[80.75651419902377,16.446418958280663],[80.75648561307882,16.446446457038594],[80.75639984331475,16.44653816271144],[80.75632361402081,16.446611492679917],[80.75620931740096,16.44668475192877],[80.75615215719927,16.446730565441527],[80.75588542506766,16.446932116405065],[80.75556154380443,16.447170296452715],[80.75530436301733,16.447344312622],[80.75520911119915,16.447408422827866],[80.75516149122018,16.447435885958605],[80.75514243366553,16.447454243847456],[80.75504719365345,16.447509170066798],[80.75487574719313,16.447619057842847],[80.75475192065481,16.44770148245065],[80.75470430054098,16.447728945474964],[80.75375205113205,16.448158812815542],[80.75358065131007,16.448231963871454],[80.7525046530938,16.448679987426843],[80.75249513618219,16.448679969583655],[80.7517814517467,16.448715365992378],[80.75143883080861,16.448723906090436],[80.75066795096487,16.448750007242406],[80.7503729266462,16.44874945131718],[80.74988763700985,16.44869343239008],[80.74968790354825,16.448601216036668],[80.74913629085471,16.448342998180223],[80.74905088271959,16.448159158081587],[80.74899380581314,16.448140682265418],[80.74887014735582,16.448094528673458],[80.74874648895785,16.448048375009176],[80.74868941211366,16.448029899110796],[80.74866088590876,16.448011477249864],[80.74849922122249,16.44791933184001],[80.74812825904841,16.44777168607413],[80.74731027715568,16.447439512409463],[80.74668275595698,16.446997465365627],[80.74670182652055,16.446969949860495],[80.74667330066053,16.446951527732075],[80.74638807931508,16.4467397545205],[80.7460648283853,16.446500356677383],[80.74589367411657,16.446389797824402],[80.7458746652124,16.446371393729812],[80.74574161706994,16.446251748975765],[80.74533287754495,16.445892795894935],[80.74524733796011,16.44580997722957],[80.74494317306392,16.4455338528843],[80.74494312348547,16.44557061401698],[80.74494293769426,16.44570837259767],[80.74420932734553,16.446313108837277],[80.7436663864182,16.446688635331896],[80.74362830673844,16.44669774626097],[80.7431619457352,16.44672440347254],[80.74189573541716,16.447089326453508],[80.74113413804318,16.447271537226854],[80.7405343016323,16.44749081898935],[80.74022956086792,16.447637172838533],[80.74015337560627,16.447673761230284],[80.74051389492612,16.448491852840338],[80.74068460607664,16.448905459169087],[80.74080792329013,16.449199582848053],[80.7408079107068,16.44920876674731],[80.74128261402116,16.450045445259743],[80.7416718438854,16.45075338310195],[80.74186174524533,16.451075186185697],[80.7420232840005,16.451259201173166],[80.74227031372729,16.451562746006427],[80.74227981825558,16.45157194821394],[80.74245079843365,16.4517926912148],[80.74249847125238,16.451728495428725],[80.7427931625996,16.451977027753514],[80.74281218423808,16.451986248222962],[80.74282167632181,16.452004634304476],[80.74285020254158,16.452023056953333],[80.74279302518589,16.452078050634135],[80.74244021809099,16.45257332974098],[80.74158208715241,16.453756428963885],[80.74153441353012,16.453820624517864],[80.74170552154746,16.453967922491465],[80.74173403540013,16.45399552918709],[80.74165781027119,16.454059669758998],[80.74077136683705,16.455040664592936],[80.74021856230972,16.455645734850414],[80.74017088777278,16.45570993006974],[80.74003745694066,16.455847456225335],[80.73942740383889,16.45653506876737],[80.7386267218663,16.457442748872676],[80.7385790717527,16.4574885759244],[80.73827419942526,16.457717607067806],[80.73780721314874,16.45817589475577],[80.73758799524896,16.458405065980887],[80.73703533724601,16.458890762336534],[80.73611103503562,16.459687984411666],[80.735405871299,16.46031111144938],[80.73538679782665,16.46033862585056],[80.73540579422104,16.460366214762555],[80.73559580977314,16.46060539375717],[80.73563381551355,16.460651387656338],[80.73576685499013,16.460798590421504],[80.73582388296464,16.460853805393505],[80.73582387013757,16.46086298927889],[80.73656499367817,16.4617553018488],[80.73658399037562,16.461782890654682],[80.7366029870784,16.461810479458844],[80.73681197672451,16.46209558842124],[80.73698297335004,16.462325519641716],[80.73702096694272,16.462380722687076],[80.73703045896735,16.462399109012114],[80.73755280255156,16.463189942936932],[80.73770479120682,16.463401494247783],[80.73787577728403,16.463640608627205],[80.73788525671701,16.463668178797825],[80.73851201030544,16.46468883666628],[80.7385309948575,16.46472560918002],[80.73868301118203,16.46491876650412],[80.73918648469083,16.465599378301416],[80.73925296941177,16.465700530226602],[80.73970875803388,16.466472887371015],[80.73982271840066,16.4666567862404],[80.73984174131512,16.466666006984973],[80.73986070102308,16.466721147144128],[80.73988915324513,16.466794673496203],[80.7400314525385,16.467134779057304],[80.74027801918858,16.46778731356701],[80.74030645909662,16.467870023741966],[80.74034440432064,16.467961885182195],[80.74061000755323,16.468596088280798],[80.74062898026577,16.468642044483946],[80.74061942456734,16.46866957773421],[80.74061937413734,16.468706313262505],[80.74083757990364,16.469221033654666],[80.74087550037062,16.469331313779143],[80.74090407928934,16.46931300116905],[80.74156114168031,16.469075487680726],[80.74275140286272,16.468673687599566],[80.74283710128512,16.468646300625533]]]}},
{"type":"Feature","properties":{"Village":"Ganguru"},"geometry":{"type":"Polygon","coordinates":[[[80.73602860893294,16.483489007237978],[80.73602859688587,16.48349934804825],[80.73615671993396,16.483809680154724],[80.73637029532905,16.484295877721358],[80.73666928822985,16.484988962907718],[80.73666927621548,16.48499930371704],[80.73722452351304,16.486313051396603],[80.73726723238357,16.486416495187452],[80.73773724818396,16.48736824174751],[80.73774790725048,16.48740990112554],[80.73817500307595,16.488444337523493],[80.73822836053112,16.488599494027007],[80.73849528019068,16.489261527452197],[80.73850597561042,16.489271877123496],[80.73851659951055,16.489344271633723],[80.73852725917709,16.489385643723526],[80.73851653990963,16.489395975666344],[80.73851652798942,16.489406316472834],[80.73938403697257,16.48922089812635],[80.74036934862382,16.489014891029882],[80.74077632150869,16.488932497380517],[80.74106548997237,16.48887068852131],[80.74170807025507,16.488747121805634],[80.74176161857646,16.488736824489663],[80.74283264230856,16.48847917121877],[80.74295045767184,16.488448243818677],[80.74320749121107,16.488396746876234],[80.74321821017752,16.488386414687785],[80.74325033206615,16.488386440553032],[80.74350737710415,16.488324602428037],[80.74353951063588,16.488314287437113],[80.74408573367094,16.488180295076372],[80.74413928171954,16.48816999714735],[80.74469617646479,16.488067034192945],[80.74470688374464,16.488067042739363],[80.74469622282852,16.488025670941628],[80.74468553873389,16.488004980768984],[80.74469623441944,16.48801533012877],[80.74469625760122,16.487994648503026],[80.74470727781222,16.48771545509763],[80.7447073821224,16.48762238777872],[80.74592881635832,16.48689921417088],[80.74692518405959,16.486362278262384],[80.74746082953378,16.486104178723398],[80.74838213646491,16.485660244248162],[80.74883207554946,16.485443437537217],[80.74900350337434,16.485340162607383],[80.74930347327383,16.48518528318208],[80.74934632445782,16.485164634773977],[80.74937847984977,16.485133637232924],[80.74942133101459,16.485112988809096],[80.74973205263511,16.484916753779512],[80.74977491503412,16.484885764461715],[80.74978563346127,16.484875431925865],[80.75021424536975,16.48457587904761],[80.75043927484082,16.484410599288214],[80.75047141865386,16.484389942393907],[80.7505678500523,16.484327971680568],[80.75105005113062,16.483976754141896],[80.7514250789954,16.48371852089595],[80.75141440564106,16.483687490229343],[80.7514679857748,16.48364616793061],[80.75144661660563,16.483604788245756],[80.75143595448317,16.483563416757384],[80.75142525867538,16.483553067736118],[80.75139324987983,16.483449634910794],[80.7513077846407,16.483273775303733],[80.75126504645925,16.4831910158982],[80.75125437315818,16.48315998522261],[80.75111549684449,16.482870335439916],[80.75063483151249,16.48181520128081],[80.75056005204051,16.48166003124543],[80.7505493563829,16.481649682179597],[80.75053869455252,16.48160831064186],[80.75043186215683,16.481391070885664],[80.75025031875235,16.480956615979785],[80.74995127191359,16.480273890160817],[80.74994058766973,16.48025320023933],[80.74991921918873,16.480211820394693],[80.74970558014468,16.4797566585264],[80.7496842457241,16.479684256182203],[80.74965220449984,16.479611845549137],[80.74964153164447,16.479580814786924],[80.74956676512497,16.479415303561062],[80.7494386120471,16.479115320098416],[80.74901154389438,16.47801886025671],[80.74881920909185,16.47766712234974],[80.74856278271858,16.477180903484456],[80.74843460984738,16.476901601038506],[80.74819957623045,16.476435792821036],[80.7481888809826,16.476425443635122],[80.74793244637186,16.475949564811938],[80.74758007648764,16.475090999561232],[80.74728109352249,16.474366906486303],[80.7472704098786,16.474346216425293],[80.74724906548495,16.474284154644746],[80.74697145202332,16.473601498679944],[80.7466190331383,16.472794607160303],[80.74658698267666,16.47273253687149],[80.74630922434642,16.472184253329747],[80.74586044190298,16.471387625244002],[80.74580701374019,16.471294515393744],[80.74578562405924,16.4712738167782],[80.74571081782486,16.471149667455347],[80.7453367534763,16.470559914205527],[80.74528330269703,16.470487485882256],[80.7451657411538,16.47030125736342],[80.74495192727852,16.470021855920912],[80.74484500320237,16.469897680726785],[80.74483430848862,16.46988733137056],[80.7443532562198,16.46923547482304],[80.74433182054156,16.46925613938466],[80.7442889723643,16.46927678683898],[80.74423540633046,16.469307766559787],[80.74418182867758,16.46934908709743],[80.74356044725927,16.46972085966587],[80.74354976426022,16.469700169414974],[80.74353910453645,16.469658797503474],[80.74352844481707,16.469617425591323],[80.74290860174912,16.46862417791361],[80.7428443528152,16.468634466995667],[80.74275866809813,16.46866542045824],[80.74156980893495,16.469078120962394],[80.74091645784351,16.469315428791962],[80.74089503357393,16.46932575216817],[80.7408416319097,16.46921195941778],[80.74062808485097,16.468705055409057],[80.74063883822161,16.468663700833883],[80.74063886180046,16.468643019176504],[80.74061750833422,16.468591297553626],[80.74035057324087,16.467960288319702],[80.74031856101043,16.467867165870313],[80.74028653696979,16.467784412969426],[80.74004103991209,16.46713273917504],[80.73990225059865,16.46679134903177],[80.73987022690528,16.46670859606381],[80.73984886201845,16.46666721518898],[80.73983817957838,16.466646524750736],[80.73972061370482,16.46647063404413],[80.73927184746597,16.46569467363567],[80.73919702377334,16.465591203670648],[80.73869461269064,16.464918634996714],[80.73854495472185,16.464722006736093],[80.73852357843126,16.4646909665563],[80.73789310620579,16.46366667282071],[80.7378824360653,16.46363564145079],[80.7377114157727,16.463397660242418],[80.7375617838113,16.463180378343473],[80.73704881038861,16.462394018971793],[80.73703811649997,16.462383669221918],[80.7369953649108,16.462321588553163],[80.73682433485273,16.46209394745525],[80.73661055383714,16.46180422547165],[80.73658917816992,16.461773185094923],[80.7365677905103,16.461752485548196],[80.73584084151977,16.460852195136106],[80.73583013574194,16.460852186157656],[80.73577667909458,16.46079009626269],[80.7356483784606,16.460645216792624],[80.73560561564123,16.460593476674493],[80.73542388298846,16.460365796726926],[80.73539180191689,16.46033474722949],[80.73542395533971,16.460303751731274],[80.7361205502209,16.45968388550213],[80.73704217549702,16.458878040440656],[80.73758872602936,16.458392446386558],[80.7378245007273,16.45817548419787],[80.73828537865609,16.457710527625434],[80.73858540910811,16.457472935961523],[80.73862827906494,16.457431579221403],[80.7394429462746,16.45652225510382],[80.74004324802532,16.455829881489816],[80.74017186753397,16.45569555563171],[80.74022546582692,16.455633554342267],[80.74077214060233,16.4550238614867],[80.7416725131204,16.45404218332714],[80.74173681588627,16.453980190302808],[80.7417047348294,16.453949141753494],[80.74154431796963,16.453804239778126],[80.74159792702905,16.453731897268796],[80.74244498461134,16.452553696059805],[80.74279882019397,16.452057591336033],[80.74285240498857,16.452005930174245],[80.74283101770928,16.451985231253225],[80.74280961877464,16.45197487317693],[80.74279893679885,16.45195418286765],[80.74251017403756,16.451705769719677],[80.7424565658805,16.451778112488945],[80.7422855384344,16.45155047566023],[80.74227484484926,16.45154012617141],[80.74202896290771,16.451240042697883],[80.74186859486731,16.451053748848885],[80.74168696896787,16.450733035247822],[80.74129168556857,16.45001916684096],[80.74081089320615,16.449191507374326],[80.74081090496948,16.44918116652632],[80.7406934897554,16.448881157308364],[80.74052266709982,16.448477724621547],[80.74015963737637,16.447650136643286],[80.7400310940618,16.44772242045218],[80.73825293559706,16.44869301950608],[80.73779235344497,16.4489201372612],[80.73772808691574,16.44895110657434],[80.73773869660245,16.449033870936503],[80.73719226867665,16.44943671071553],[80.73708514538313,16.44949866675546],[80.73654926413133,16.450035944677367],[80.73651708858502,16.45008765081746],[80.73589508141059,16.451038489185166],[80.73587353860651,16.45115224923635],[80.73583053718987,16.451307325985553],[80.73551888019568,16.452341178425367],[80.73550811465005,16.452392873639884],[80.73516431389075,16.45344738010389],[80.73516430182458,16.453457720943064],[80.73496005435456,16.454181408419373],[80.73493875598218,16.454212413022606],[80.73456328007228,16.45488428019235],[80.73420923676083,16.45553548305181],[80.7339945933388,16.45599029857759],[80.73398388782925,16.45599028950871],[80.73360854424335,16.45656908726853],[80.7331044217325,16.457385585376407],[80.73275038112139,16.458026444645995],[80.73266415038559,16.458522760234892],[80.73265342033075,16.458543432760173],[80.73255656892317,16.458967324588293],[80.73254531379874,16.459432652853266],[80.73253421731523,16.459763579021715],[80.73241586800016,16.460259838240106],[80.73229770139827,16.460601013638943],[80.7318252391375,16.461789834145243],[80.73162091403225,16.462585903299967],[80.73156711481985,16.462813384237005],[80.73155640893805,16.462813375038618],[80.73143854606246,16.462896000434647],[80.73141712201678,16.462906322850785],[80.73117071461441,16.463050882541786],[80.73035648716015,16.463536199147633],[80.73032434473541,16.463556853013845],[80.7298100773449,16.463877002083393],[80.72970311687787,16.463794182573547],[80.72921080999544,16.46367997670045],[80.72900744698404,16.463638436240743],[80.72892181199134,16.46362802076271],[80.72821525834297,16.463596381060878],[80.72756226429848,16.463564786029362],[80.72663103724229,16.463408853534865],[80.72616001485872,16.463377414703817],[80.72538921924038,16.463376731122032],[80.72535708892343,16.463387043397923],[80.72535702594894,16.463438747503275],[80.72491770503096,16.46374861022956],[80.72473535067496,16.464037990955124],[80.72469240059512,16.464141360956205],[80.7246708750098,16.464234409231562],[80.7251513695985,16.46527929000371],[80.72539692771613,16.46583794195251],[80.7254182768315,16.465889665076737],[80.72545033200619,16.465941397712236],[80.72554640951982,16.466168981319168],[80.72570659790263,16.466500030077274],[80.7258026713913,16.466706931900454],[80.72583470165436,16.466779346113015],[80.72587741289838,16.46687245144922],[80.72633674634407,16.467720834915077],[80.72668934755858,16.468300261622616],[80.72678545269251,16.46850716301485],[80.7267961338361,16.468527854096255],[80.72681749613,16.46856923625741],[80.72742663751035,16.4694901352294],[80.72745869379911,16.46954186755671],[80.72755487525075,16.469686723692448],[80.7284525044076,16.471073210255113],[80.72847387972806,16.471104280155064],[80.72854867487456,16.47122843547623],[80.72884784398723,16.471735397309157],[80.72925389263413,16.47239759293952],[80.72929663149802,16.472470015940484],[80.72985201196435,16.4735769958949],[80.73063190824568,16.474983966306986],[80.73064259014443,16.47500465719081],[80.73128390152102,16.475915203173596],[80.73213922382286,16.476908944642595],[80.7322033902952,16.47697104459562],[80.73286643402727,16.477623083785755],[80.73327281314356,16.478026722578445],[80.73330489673916,16.47805777238571],[80.73410689948547,16.478885720029076],[80.73411759410757,16.478896069923252],[80.73414962940983,16.478968482855333],[80.73433126838886,16.479289202329248],[80.7345235662726,16.479651293956582],[80.73498280609967,16.480509970387544],[80.73501485407968,16.480572042372323],[80.73514304620159,16.48082033026165],[80.73537783641609,16.481471999943317],[80.73546321396009,16.481709910740747],[80.73567658029413,16.482371902843923],[80.73592191235329,16.48316835222382],[80.73602860893294,16.483489007237978]]]}},
{"type":"Feature","properties":{"Village":"Godavarru"},"geometry":{"type":"Polygon","coordinates":[[[80.75981009364288,16.426555364052064],[80.75986961758707,16.426509462329243],[80.76032205074758,16.426107773852664],[80.76090543588553,16.42560280275809],[80.76120273696209,16.42569489560801],[80.76183303821074,16.4258676188393],[80.76192816985677,16.425902141944615],[80.76202330153693,16.425936665007157],[80.76213032892487,16.425971196214906],[80.76233322776612,16.4252821854402],[80.7624048704013,16.42500657452068],[80.76275107313805,16.42374336959402],[80.76279882295321,16.4235711146866],[80.76312126305172,16.42227343510941],[80.76315713903571,16.422078200287384],[80.7633126267799,16.421205382316042],[80.76346777933442,16.420676820217558],[80.76374228420454,16.419735167783365],[80.76390941820162,16.41911504568036],[80.76418417369067,16.417909281941853],[80.76463768436255,16.41635896730816],[80.76469733676929,16.41617523399722],[80.7649837683463,16.415187612128236],[80.76511502181965,16.41476272401353],[80.76512699404407,16.414682331105677],[80.76554481578995,16.41312047206551],[80.76573583781901,16.41238550545502],[80.76577168726419,16.412213241642753],[80.76598738647296,16.410547872991465],[80.76614268721026,16.409847339459663],[80.7662263448184,16.409433872508412],[80.76642967130151,16.40826241854603],[80.7665488909,16.407975351472185],[80.76664428819895,16.40772272604718],[80.76697816588879,16.40684999059619],[80.76708547838986,16.40657440111565],[80.76712124915541,16.406482537940825],[80.76737176341706,16.405713119181016],[80.76739559587773,16.405667191501355],[80.7667180061283,16.40525325077744],[80.7666110219906,16.40518426440524],[80.76620691886524,16.404862358925858],[80.76598110096678,16.40467843423199],[80.76573159364658,16.40439112065237],[80.76522075300504,16.40374753756553],[80.76493560919359,16.403414255627933],[80.76491185369038,16.403379782032214],[80.76436564544507,16.402414568812805],[80.76418759733144,16.402035414780826],[80.76392642364947,16.401518341934036],[80.7638195868089,16.401300037991096],[80.76377216551337,16.40113920367078],[80.76347553403994,16.400392388833062],[80.76340433613773,16.400220052379336],[80.76325006887494,16.399852399572833],[80.76289411602485,16.39895622716394],[80.76265679355942,16.398381771530307],[80.76238390239821,16.39769240064502],[80.76219406908156,16.397209863952494],[80.76195678436312,16.39660091799561],[80.76196867825186,16.396600926169334],[80.761944946492,16.39654348050862],[80.76192121474587,16.39648603484511],[80.76170770816586,16.395888622705915],[80.76170771938268,16.395877136842845],[80.76149402323404,16.395474952243134],[80.76131605426525,16.395026880503284],[80.76120919005515,16.394843032775526],[80.76119731876537,16.394820052832653],[80.76113797360696,16.394693667244134],[80.76113799610526,16.394670695516314],[80.7608293777805,16.394038727173463],[80.76063948406025,16.39362510419558],[80.7606038593368,16.393567650130727],[80.7605920107539,16.393521698423434],[80.76058012833404,16.39351020430959],[80.76015280308548,16.392648435125125],[80.75971354263861,16.391832600218518],[80.75960668164284,16.391648751663737],[80.7581430395658,16.392382852529188],[80.75800017884,16.392520582209197],[80.75795268432641,16.39244014757998],[80.7575250865178,16.3918655197578],[80.75740629959152,16.3917161192839],[80.75702616426061,16.391256414701463],[80.75690736661923,16.39111846790631],[80.75665790125473,16.39081965772891],[80.75576684580275,16.389865662027418],[80.75574303573136,16.389888616717993],[80.75569541557185,16.38993452609068],[80.75551697863587,16.389968887671728],[80.75476681797034,16.390829788508196],[80.75449287109669,16.391220142306246],[80.75427844929632,16.39155307753515],[80.75426655572053,16.39155306893059],[80.75401605579559,16.39227649731925],[80.75380167868695,16.392563520466993],[80.75327763277053,16.393275263278987],[80.7532538102816,16.393309703529546],[80.75239590096595,16.394836760824912],[80.75226481052927,16.395089353771574],[80.75220522385423,16.39520416871678],[80.75184784385915,16.395755227729126],[80.75175257519363,16.39587004819904],[80.75121648885349,16.396708121064577],[80.75114518472135,16.396650639096006],[80.75113325532661,16.396685087869887],[80.7509307393228,16.39699508833887],[80.75088310444804,16.39705248240464],[80.7505137996303,16.39762650185742],[80.75029937584567,16.39794794678696],[80.75021597541314,16.39808571514075],[80.75006110385118,16.39832683494108],[80.74977521918022,16.398740112989227],[80.74960845256179,16.39898119165593],[80.7491677281253,16.39960113057411],[80.74915583406546,16.399601121673786],[80.74892972723659,16.39971581092097],[80.74839402620934,16.400163357176496],[80.74832258961669,16.400232218581003],[80.74798918207728,16.40058806090991],[80.7478820267234,16.400691352790407],[80.74762005479583,16.40097830134969],[80.74684612530797,16.401747299144475],[80.74681040645675,16.4017817295739],[80.74669135563138,16.40188501178234],[80.74653658573743,16.402022724301407],[80.74648896046023,16.402068631465944],[80.74647705413743,16.402080108255316],[80.745917547697,16.402688431738255],[80.74585800356054,16.402757301349897],[80.74579847150432,16.40281471700682],[80.74577467084298,16.402826184660697],[80.74576275227409,16.402849147249423],[80.74548908704037,16.402940824609995],[80.74542959138817,16.40296375072972],[80.74527490506563,16.403021061392813],[80.74473921971263,16.403468597976044],[80.74472732542189,16.40346858882187],[80.74427498724492,16.403801329815607],[80.74404882371216,16.403961957015778],[80.74331079760287,16.404501252035555],[80.74329889094649,16.40451272863753],[80.74307271348094,16.40468484059105],[80.74232280826344,16.40523560863974],[80.74157285343229,16.405797827827755],[80.7414657166776,16.4058781446287],[80.74122761673662,16.406073216855905],[80.74085859011369,16.406348618450412],[80.7399896274263,16.40699113886244],[80.73973969273557,16.40712877075759],[80.7391802618102,16.407484419006675],[80.73858512008044,16.40786297696539],[80.73833519114866,16.40802357883405],[80.73765674616206,16.40843652492215],[80.73740680801336,16.408574153973447],[80.73676409377717,16.408941214416128],[80.73644267222583,16.409182157062908],[80.7361450976734,16.40940014686786],[80.73596653789643,16.409526346195335],[80.7354546465017,16.409904994514417],[80.7353475050117,16.40998530809598],[80.73471658737968,16.410432740654876],[80.73475216900228,16.410524656422382],[80.73496564659229,16.411087668622553],[80.73365613751695,16.41208586253419],[80.73337041719815,16.412303889905626],[80.73292992136734,16.412648101249975],[80.73291801360864,16.41265957723888],[80.73254898888447,16.412911960173812],[80.73235847691936,16.4130840897336],[80.73250100814317,16.4132679811394],[80.73279788867677,16.413704720317153],[80.73328492170343,16.41429089987904],[80.73336807019962,16.41439434090747],[80.7335818828252,16.414658723047495],[80.733700819552,16.41467030678387],[80.73380786133195,16.41468188067101],[80.73386740047923,16.41462450048345],[80.73402189349855,16.41475097155542],[80.73433077005232,16.415072828245183],[80.7344970945646,16.415256737815767],[80.73455647975901,16.41533718725415],[80.73465149873553,16.415463609157236],[80.73471088405553,16.415544058552232],[80.73536415130877,16.416406061065363],[80.73537602081572,16.41642904239627],[80.73551854452172,16.416624417591173],[80.73599363404765,16.417268042239645],[80.73631427294495,16.41771624969127],[80.73648052525037,16.417969072607438],[80.73672990457898,16.418348242925173],[80.73683679620848,16.41849764509883],[80.73690807853974,16.418578103489946],[80.73697934824075,16.41867004767382],[80.7369912307601,16.41868154309656],[80.73757322282731,16.41947453432683],[80.73766825839111,16.41958946905672],[80.73779890402923,16.419773347327315],[80.73791765462501,16.41995721596297],[80.73802454803098,16.420106617535126],[80.73829769838268,16.42050884053506],[80.73848770061987,16.420773166721705],[80.73853518117068,16.420865091333688],[80.73857081645781,16.420911382204537],[80.73874894454444,16.421187184478946],[80.73879645048558,16.421256137400384],[80.73920031513617,16.421784807723395],[80.739259704225,16.4218652558388],[80.73956853328652,16.422278991443534],[80.73969919501914,16.422451382721455],[80.74004363724487,16.422934060885044],[80.74017428732402,16.423117937683646],[80.74017427481854,16.423129423498402],[80.74026930117137,16.423255842873473],[80.74053060242316,16.423623596109845],[80.74088691123998,16.424106282278725],[80.74129075004542,16.424669406045282],[80.74159958778606,16.425083138677223],[80.74162332930018,16.425129100631874],[80.7419796517681,16.425634756608044],[80.74222907610817,16.42599101259536],[80.74268045594899,16.42660011420904],[80.74329834579846,16.42720934447832],[80.74335775052647,16.42727830562751],[80.74340527187502,16.42733577169748],[80.7437854559634,16.42778401405993],[80.74388049918397,16.427898945997033],[80.74410619965046,16.42819775225515],[80.7441180708864,16.428220733091138],[80.74416558040984,16.428289684802902],[80.7442606118272,16.428416102381632],[80.74435566789704,16.428519548292375],[80.74490221837827,16.429105747066746],[80.74494975285285,16.429151726977313],[80.7454844684329,16.42971494348651],[80.745734013984,16.429967823025173],[80.74594799415662,16.43010581682639],[80.74618576647265,16.430243828602737],[80.7464470564664,16.430485230459123],[80.74693432940438,16.430922063053178],[80.74719559283932,16.431347237106955],[80.74731434711991,16.431542586261976],[80.7473262189329,16.431565566917328],[80.74739748613683,16.43166899339967],[80.7477538232809,16.432186125448812],[80.74837141826842,16.433140234341774],[80.7484782185495,16.43339300291714],[80.74849012668972,16.433381526073372],[80.74856155145673,16.433335636617993],[80.7487165132334,16.43303712198166],[80.74894298297008,16.43261231693861],[80.74896681109686,16.432577877381632],[80.74913352416475,16.432416882038353],[80.74918115632428,16.432370974500607],[80.74969308107937,16.431992325890395],[80.75000261657453,16.431762840718353],[80.75041933447956,16.431418576658356],[80.75046696609473,16.431372668816906],[80.75058602123151,16.43128087079387],[80.7507288682195,16.431189090378414],[80.75118123591233,16.430879308710665],[80.752562310794,16.429766202059756],[80.75334778037512,16.429433688208366],[80.75438337558694,16.42879123557022],[80.75438338726318,16.428779749749207],[80.75533562371517,16.428217632621717],[80.75626407475347,16.42764400820526],[80.75640691645009,16.42755222382155],[80.75652592029758,16.427506365623554],[80.75751373973706,16.427036150500697],[80.75763274301816,16.426990291665312],[80.75814440839524,16.4268413383643],[80.7587513643211,16.42656610676526],[80.75931058779477,16.426440155757696],[80.75935818197605,16.426428703315764],[80.75939388045339,16.426417242520223],[80.75945338169859,16.42639431257138],[80.75954858138819,16.42635992178327],[80.75960808259835,16.426336991789984],[80.75961997829215,16.426337000120522],[80.75971499615122,16.426486382505814],[80.75976247673913,16.42658978825217],[80.75981009364288,16.426555364052064]]]}},
{"type":"Feature","properties":{"Village":"Gosala"},"geometry":{"type":"Polygon","coordinates":[[[80.75200539372308,16.445957729036994],[80.75200549220517,16.445957659410013],[80.75246188457594,16.446393416358934],[80.75255931517792,16.44647591499051],[80.75290037282298,16.446729357880024],[80.75347908710465,16.447065480997168],[80.75353399904904,16.44703613407848],[80.753607217714,16.446995043610197],[80.7536804363484,16.44695395311578],[80.75380840106286,16.447001188836506],[80.75496629859242,16.44734394345991],[80.75514940660746,16.447197088520763],[80.75448684994858,16.44587855513394],[80.7544870540581,16.445878451611716],[80.755149637327,16.44719703794756],[80.75514957596087,16.447197088739777],[80.75496646794596,16.44734394367907],[80.75517977920056,16.447397172670346],[80.75522243981678,16.44740899517512],[80.75532007815916,16.447344400986736],[80.75557639600031,16.44716233823743],[80.75589985127088,16.44692740869972],[80.75616838609695,16.446727709940856],[80.7562292390928,16.44668085761523],[80.75622924932206,16.446680882391387],[80.75633908859308,16.44661041975683],[80.75641235577439,16.446534026319036],[80.7565039376188,16.446440005399733],[80.75653445394047,16.446416509968202],[80.756510099966,16.446392943938957],[80.75644929713202,16.44627519222151],[80.75632769168172,16.44603968873273],[80.75623091679435,16.44548649875508],[80.75625047982844,16.44457455441698],[80.75611627153943,16.444633218286366],[80.75587894033254,16.44456828654944],[80.75587893160663,16.444568191932913],[80.75587893177064,16.44456807459477],[80.75611644111888,16.444633055069453],[80.75625064940773,16.44457439119996],[80.75637398596356,16.44356844157323],[80.75669761465032,16.443204070001865],[80.75663064226593,16.443139263461024],[80.75653944573048,16.44299213059338],[80.7565395677424,16.44299205443817],[80.75663081161586,16.44313926367879],[80.75669778400028,16.44320407021958],[80.75674663876681,16.443145296264515],[80.75752771436875,16.442634418945502],[80.75799754282583,16.44235260407741],[80.75834534900851,16.44213535271054],[80.75854056942683,16.442041463215418],[80.75843697671625,16.44200602886895],[80.75816275370752,16.44191742329474],[80.75768128886067,16.44179913364556],[80.75615563849729,16.44287977039353],[80.75631374917137,16.44313289590625],[80.75631362742371,16.443132971896524],[80.75615559162225,16.442879966249794],[80.7561556382691,16.442879933828667],[80.75615541993791,16.442879521587095],[80.75768095039003,16.441798969776578],[80.75745559037837,16.441645705418026],[80.75593840422312,16.441031852747038],[80.7550675401535,16.440648466628126],[80.75506750759124,16.440648377958976],[80.7559385735712,16.44103185296534],[80.75745575972701,16.44164570563511],[80.75768111973879,16.44179896999348],[80.75781538276297,16.441699119409968],[80.75910905455729,16.44082998725334],[80.75974367692261,16.44040716993917],[80.76035375689872,16.44009610943297],[80.76035371817514,16.44009637905719],[80.75974384604504,16.44040733358961],[80.75910922367954,16.440830150904286],[80.75781555188489,16.44169928306194],[80.7578156889434,16.441699307292733],[80.75768145820945,16.441799133862464],[80.75816292305642,16.441917423511253],[80.75843714606522,16.442006029085245],[80.7585407387758,16.442041463431625],[80.75889444519983,16.44196542691769],[80.75889440479024,16.44196541321029],[80.7593942669674,16.441913110516825],[80.76041278070257,16.44163198772275],[80.76051060844104,16.441426182996715],[80.76051072160294,16.44134381164825],[80.76041316882984,16.441349571675758],[80.76023633671596,16.44137288213274],[80.76023635104514,16.441372694299467],[80.76041299970603,16.441349408025843],[80.76051055247905,16.44134364799842],[80.76051702891,16.441067123335433],[80.76052973115674,16.4406964677003],[80.76053073331373,16.439966892825364],[80.76059217502227,16.439619833614184],[80.76026459056337,16.438436798851754],[80.76025245428472,16.438395597702204],[80.76023426201098,16.438324970472387],[80.75986990080887,16.437288980353088],[80.75990656839768,16.43722430644044],[80.75987011951774,16.437130121268297],[80.75998602420232,16.437077315323663],[80.76154151837831,16.43641442835994],[80.76177331791129,16.43631469819978],[80.76239574312206,16.435880089694493],[80.76286563632193,16.43551003367584],[80.76286583781673,16.435510008568226],[80.76284154047933,16.435445257552967],[80.76296357976851,16.435363039226363],[80.76275079218179,16.434933263213246],[80.76244071290417,16.434320970478918],[80.76219756645123,16.43380290046441],[80.76197261372599,16.433355457276082],[80.76188111304421,16.43339652776078],[80.7617468015308,16.433537566836748],[80.76174670734244,16.433537324504787],[80.76188094392595,16.433396364112003],[80.76197244460768,16.433355293627386],[80.76192367425253,16.43335523217891],[80.76155347419858,16.43213095926912],[80.76159700084915,16.431507343709743],[80.7616836108928,16.430583714533892],[80.76162890590754,16.430465971851934],[80.76127631679864,16.42974183363251],[80.76123377242108,16.429647640940782],[80.76118502716518,16.429629928308945],[80.76093514839245,16.42958254299428],[80.7608865648297,16.42957661931903],[80.76088655638665,16.42957659785678],[80.76093531773068,16.42958254320841],[80.76118519650345,16.42962992852288],[80.76123394175937,16.429647641154677],[80.76110022075936,16.42935917164732],[80.76103943641692,16.42922965375349],[80.76096043624356,16.429047159644767],[80.7606687408305,16.42837605051753],[80.76064442893215,16.428323066575448],[80.76057151754011,16.42814646370621],[80.76051076622265,16.42799341095298],[80.76034074635014,16.427575694202815],[80.76034081782151,16.427575453975575],[80.75976303146221,16.42659802914535],[80.75970829632111,16.426503820651178],[80.75961707390312,16.426344845236933],[80.75959878567889,16.426344821998494],[80.75954388858618,16.426368286976576],[80.75945239880795,16.426403472790515],[80.75939140560445,16.42642692997735],[80.75935481291972,16.426438650810585],[80.7594216751619,16.426579944303217],[80.7600539364283,16.427839856071905],[80.76016318910088,16.428122180810483],[80.7601631090957,16.42812241144201],[80.7600537670916,16.42783985585708],[80.7594215058263,16.426579944087898],[80.75935464380954,16.42643848715977],[80.75931195504265,16.42645020023182],[80.75875094495488,16.42657320665929],[80.75814095389381,16.426848961383065],[80.75763476621981,16.42700128982927],[80.75751278716889,16.427042319440847],[80.75652456402649,16.427511746250932],[80.75651845972014,16.427517622088434],[80.75640256803163,16.4275645425554],[80.75626224261107,16.427646733625025],[80.75532873043832,16.42822213139864],[80.75438302877062,16.42879162544558],[80.75437698084997,16.428797446844808],[80.75437692458979,16.428797337783344],[80.75335186750183,16.42943749186326],[80.75335196151217,16.42943775698608],[80.7525592383559,16.42976610902489],[80.75117991403278,16.430882204549675],[80.75131965620882,16.43105862060197],[80.7513195378286,16.431058734543498],[80.7511795755865,16.430882040670365],[80.75072192428769,16.431187391508335],[80.75057547255591,16.43128722168053],[80.75046561480298,16.431375332495637],[80.7504106816983,16.431422329715264],[80.74999565124298,16.431763037035143],[80.74968440686987,16.431997974127498],[80.7491717833033,16.43237385315898],[80.74912905054849,16.43241498246607],[80.74895811934941,16.43257949960334],[80.7489583860642,16.432579964456753],[80.74894011820705,16.432615104751452],[80.74872005385217,16.433032554903164],[80.7485489107846,16.43334416335915],[80.74848789725922,16.433379384648536],[80.74846959150901,16.433391127765184],[80.74820722293184,16.433549639479068],[80.74838347501702,16.433926428396912],[80.74888798481106,16.434962623336272],[80.74911284178728,16.435457149431684],[80.74867959570786,16.435738993046517],[80.74894092838473,16.436156740395624],[80.74894063306495,16.436156915939687],[80.74867916917877,16.43573895884622],[80.7486794265988,16.435738829387265],[80.74911267267811,16.435456985772777],[80.7488878157025,16.43496245967718],[80.74838330590977,16.433926264737416],[80.74820705382504,16.433549475819433],[80.74646816474761,16.434547388881562],[80.74666275431917,16.434888901577324],[80.74747749586965,16.43634312089227],[80.74747736384978,16.4363431872863],[80.74666258497653,16.434888901351606],[80.74646799540527,16.43454738865569],[80.74522932287627,16.435316494406607],[80.74503409047885,16.435463276150887],[80.74503402633259,16.43546316112139],[80.74431377428324,16.436068212785806],[80.74349604222641,16.436749632610073],[80.74349603318801,16.436749618249248],[80.74288554985884,16.43732555783803],[80.74299494949508,16.437555168887524],[80.7439857999835,16.43952165166722],[80.74407704131129,16.43966298260316],[80.7442899982481,16.439951569003917],[80.74437511059449,16.440092837001252],[80.74437497415049,16.44009289138565],[80.74428982890112,16.43995156877622],[80.74407687196455,16.439662982375303],[80.74398563063689,16.439521651439282],[80.74299478015017,16.437555168658818],[80.74288538051412,16.43732555760924],[80.74235419914658,16.437866137229097],[80.7423542552126,16.43786625671743],[80.74144459018868,16.438823942619514],[80.74109043244763,16.43920590005082],[80.74074861379037,16.43948785123343],[80.74062655406196,16.439575940101847],[80.74026022645326,16.439940228476743],[80.74030249340706,16.440216818657873],[80.74028417783747,16.440234444695957],[80.74038100065175,16.440722921395363],[80.74067867955604,16.441435251144444],[80.74073933245842,16.441576299701563],[80.74073909794058,16.441576541508777],[80.740787696726,16.441694281083013],[80.74173117356344,16.44270755468482],[80.74262632706183,16.443420691533863],[80.74272382093471,16.443456125411334],[80.74301629415822,16.443568310432752],[80.74413081481077,16.444364108521672],[80.74413706892193,16.444246707669237],[80.74413708251538,16.44424677042032],[80.74413081433423,16.444364435391606],[80.74420389670928,16.44441748674909],[80.7445870938089,16.445029903590147],[80.74481218209559,16.44536557505496],[80.74495215724951,16.44553638933837],[80.74526268566512,16.44581333824299],[80.74534792807641,16.445889940182198],[80.74575587665637,16.446255273918595],[80.74517776810255,16.445513157247355],[80.7449771169531,16.445142216934933],[80.74409481418611,16.444005555541917],[80.744094786263,16.44400535582693],[80.74497711719067,16.44514205349997],[80.74570933845659,16.444713526615228],[80.74570938721803,16.444713597416037],[80.74497728654218,16.445142053727167],[80.74517793769178,16.44551299403944],[80.7457560462458,16.44625511071022],[80.7458899943723,16.446378846949543],[80.74590825887654,16.446396522383584],[80.7460788044239,16.446508540099906],[80.74640158897392,16.446744318023192],[80.7466878365419,16.44695062838454],[80.74671815310663,16.446974100702306],[80.7467179471528,16.44697436665079],[80.74669962300904,16.446997876895438],[80.74732694825035,16.44743998773381],[80.74814953277706,16.44777056611548],[80.74852122261082,16.44791815063127],[80.74867351453696,16.448006607392337],[80.74871006124326,16.44803019046221],[80.7487588098926,16.44804790600845],[80.74888677408535,16.44809514472122],[80.74901473834099,16.44814238335653],[80.74906348704687,16.448160098832524],[80.74915467702475,16.44834261316241],[80.74970302338089,16.448596335104025],[80.74990407370521,16.448696622639375],[80.75038564283152,16.448750209982443],[80.75067828777092,16.448750594908166],[80.75145261933781,16.44872219308956],[80.75180015188057,16.4487108810548],[80.75251352383101,16.448676511821034],[80.75252571736739,16.448676527743952],[80.75359938729838,16.448224884307884],[80.75376409914702,16.448154494418436],[80.75472189233872,16.44772622917643],[80.75476461081101,16.447696866142927],[80.75477070754967,16.44769687403861],[80.75489885463217,16.447614668542393],[80.75506361500922,16.447508975643373],[80.75516124520655,16.447450265192934],[80.75517955189287,16.44743852152054],[80.75522227023413,16.447409158391228],[80.75517960961791,16.44739733588641],[80.75496629836317,16.447344106894963],[80.75380840083264,16.447001352271553],[80.75368043611809,16.44695411655082],[80.75360721748363,16.446995207045237],[80.75353399881861,16.44703629751352],[80.75347908687417,16.447065644432207],[80.75290037259201,16.446729521315056],[80.75255931494668,16.446476078425547],[80.7524618843446,16.44639357979397],[80.75200539372308,16.445957729036994]],[[80.75603394882748,16.442649802807413],[80.75603394882748,16.44264980280741],[80.75745559037837,16.441645705418026],[80.75603394882748,16.442649802807413]],[[80.75972971565622,16.437265267537253],[80.75972966249826,16.437265155485917],[80.759869950173,16.43713012105322],[80.75979089129099,16.436988812302918],[80.75969970455985,16.436800418667573],[80.75930455865549,16.435987968224563],[80.75905562313794,16.435299441267933],[80.7590560658223,16.43529926117803],[80.75930502929283,16.435987865443835],[80.75930472799925,16.435987968440084],[80.75969987390432,16.436800418882793],[80.7597910606356,16.43698881251806],[80.75987011951774,16.437130121268297],[80.75972971565622,16.437265267537253]],[[80.76217229796542,16.434450073745868],[80.7625187221141,16.435233039346468],[80.76263411667662,16.4355449890571],[80.76263395862095,16.4355450193588],[80.76251855277096,16.435233039133546],[80.76217212862295,16.43445007353267],[80.7617466575246,16.433537620956887],[80.7617468015308,16.433537566836748],[80.76217229796542,16.434450073745868]],[[80.74929311852756,16.445330356659714],[80.74902456188059,16.445541813892095],[80.7484770443284,16.444717375179792],[80.74766493600801,16.44575152273797],[80.74766487358916,16.4457514390875],[80.74847704456303,16.44471721174477],[80.74902456211478,16.445541650457084],[80.74929311876154,16.445330193224702],[80.75046501153722,16.44439623414316],[80.75046514106626,16.44439640129239],[80.74929345746499,16.44533019367213],[80.75016904256195,16.44696700919774],[80.75185934053295,16.445692700356343],[80.7518594040744,16.44569281571297],[80.7501690423287,16.446967172632743],[80.75020555544242,16.447014290084155],[80.75025422842847,16.44708495822285],[80.75033320771992,16.44719668434544],[80.75033298759492,16.447196851648375],[80.75025388972195,16.447084957776926],[80.75020521673602,16.44701428963815],[80.75016870362238,16.44696717218668],[80.74929311852756,16.445330356659714]],[[80.75196922008526,16.44556905824796],[80.75252459160787,16.445163810666504],[80.75350104420937,16.44446492610548],[80.75392215117178,16.444153638782975],[80.75297951843237,16.44255809269239],[80.75297964163964,16.442558014810757],[80.75392232052255,16.44415363900294],[80.7535012135604,16.44446492632579],[80.75372629886252,16.44477108953091],[80.75372618876567,16.44477116990925],[80.75372610935855,16.444771225647195],[80.75350104397893,16.44446508954056],[80.75252459137661,16.44516397410157],[80.75196921985354,16.445569221683005],[80.75185955578101,16.445692352858845],[80.75185949002513,16.445692263514996],[80.75196922008526,16.44556905824796]],[[80.74467455242997,16.44370593804185],[80.74467447597642,16.44370581467782],[80.74516857511465,16.443447649680884],[80.74558947955907,16.44328347071204],[80.74613711715648,16.444013778292764],[80.7464781450466,16.44427899883123],[80.74775961409765,16.443462874487555],[80.74727882221121,16.442879751802174],[80.7465245080506,16.441849341660532],[80.74652463539933,16.441849284513562],[80.74727899156079,16.442879752027483],[80.74775978344772,16.443462874712488],[80.74802139943293,16.443763167225768],[80.74802133049913,16.443763251805777],[80.7477597832125,16.44346303814751],[80.74647831416107,16.4442791624922],[80.74608170110085,16.44450809605327],[80.74609386029596,16.44453164698467],[80.74573384319467,16.444748861426817],[80.74573379337113,16.444748789083853],[80.74609369094496,16.444531646758374],[80.74608153174988,16.44450809582697],[80.74647814481028,16.444279162266227],[80.7461371169199,16.444013941727757],[80.74558947932204,16.44328363414704],[80.74516857487725,16.443447813115867],[80.74467455242997,16.44370593804185]],[[80.74875439048142,16.44286405879432],[80.74933839044988,16.443688413413692],[80.74933814486745,16.443688708174054],[80.74875414738723,16.442864357064693],[80.74875439048142,16.44286405879432]],[[80.74875431477962,16.44286394290647],[80.74989629931636,16.441453485249387],[80.74989636926311,16.44145360824288],[80.74875439048142,16.44286405879432],[80.74875431477962,16.44286394290647]],[[80.74959228010691,16.440923642169867],[80.7495923986496,16.440923553850205],[80.74989639918469,16.441453364383104],[80.74989629931636,16.441453485249387],[80.74959228010691,16.440923642169867]],[[80.75459818281061,16.44464874440454],[80.75443416687794,16.44425442062074],[80.75443429671138,16.44425432583332],[80.75459835216182,16.44464874462396],[80.75587968355391,16.44390905789896],[80.75587968318841,16.443909319394255],[80.75459852128351,16.44464890827848],[80.7541470055225,16.44490720441733],[80.75431720721079,16.445266329338665],[80.75383525601139,16.44548928325022],[80.75415134911198,16.44604838211255],[80.75415115806686,16.44604847900864],[80.7538349175377,16.445489119375043],[80.75431686873706,16.44526616546426],[80.75414666704955,16.444907040542663],[80.75459818281061,16.44464874440454]],[[80.7553336326283,16.442019693291495],[80.75502347508979,16.44147211048515],[80.75435235910143,16.441824261886858],[80.75360207656558,16.44211158775065],[80.75330408637336,16.4416170446676],[80.75330421151625,16.441616971524518],[80.75307927055321,16.441169519285296],[80.75286651533635,16.440727966360917],[80.75274498412358,16.440445391457114],[80.75226978947263,16.440209424120212],[80.75212936984924,16.440350448827072],[80.75182398538568,16.44074425565461],[80.75178727273729,16.44083834640892],[80.75151849108764,16.441214549636328],[80.75132898022017,16.441579089089295],[80.75166953515847,16.442179670104174],[80.75165121206268,16.4422031808066],[80.75214369509565,16.443086217804623],[80.75214344486118,16.443086375982546],[80.7516508733646,16.44220318036305],[80.75166919646041,16.44217966966065],[80.75132884738191,16.441579287938932],[80.75132898045237,16.44157892565419],[80.75151849131969,16.441214386201224],[80.75178727296911,16.440838182973806],[80.75182398561746,16.440744092219493],[80.75178733973262,16.440791113660236],[80.75117054553448,16.441525764803416],[80.75098686242406,16.442078589143158],[80.75086408542145,16.44267267899693],[80.75107735766129,16.442508480155443],[80.75107735651925,16.442508513686132],[80.75086391583939,16.442672842209593],[80.75088734756976,16.443343611768263],[80.75100818253001,16.444102655676428],[80.75100803047015,16.44410276406909],[80.75088717821973,16.44334361154586],[80.75086374648994,16.44267284198717],[80.7509865237262,16.442078588698532],[80.75117020683756,16.441525764359106],[80.75112159316888,16.44151396749274],[80.75112162056293,16.44151393326748],[80.75117037618602,16.441525764581264],[80.75178717038479,16.440791113438582],[80.75182381626969,16.440744091997875],[80.75212920073332,16.440350285170577],[80.75226962035671,16.440209260463824],[80.75125809138154,16.439954971197224],[80.75125812964205,16.439954938465306],[80.75226978970403,16.44020926068508],[80.7527449843546,16.440445228021982],[80.75286651556728,16.44072780292579],[80.75307927078394,16.44116935585017],[80.75330421174681,16.441616808089396],[80.75360224614491,16.442111424535735],[80.75435252867986,16.441824098671315],[80.75502364466738,16.441471947269047],[80.75533380220608,16.44201953007515],[80.75576549817391,16.44284968565926],[80.75603378464157,16.442650167505867],[80.75603390871171,16.442650401768642],[80.75576549771688,16.44285001252953],[80.75521623604259,16.44325527684336],[80.75530116189141,16.443502267116514],[80.75530107320957,16.443502337405],[80.75521606692158,16.443255113189327],[80.75576532859574,16.442849848875934],[80.7553336326283,16.442019693291495]],[[80.75100808740615,16.44410291358876],[80.75088634456198,16.444167324690536],[80.75050186295357,16.4444433519944],[80.75050174165723,16.444443195468953],[80.7508860058605,16.444167324245704],[80.75100803047015,16.44410276406909],[80.75100808740615,16.44410291358876]],[[80.7429758421544,16.442280058793763],[80.74332824731687,16.44309836482916],[80.7436385719501,16.443510640272077],[80.74409488494157,16.444005254052264],[80.74409477963587,16.44400530842752],[80.7440947583399,16.444005156111906],[80.7436382337273,16.44351031294561],[80.74332790909529,16.443098037502203],[80.7429755039348,16.44227973146624],[80.74284751055349,16.442256023830982],[80.74264718609926,16.441667385884084],[80.74242835756304,16.441225814468865],[80.74186790963846,16.441066252566966],[80.74186804883381,16.44106619622765],[80.74242862765342,16.441225795394928],[80.74242852691111,16.441225814698072],[80.74264735544773,16.441667386113128],[80.74284767990247,16.44225602405987],[80.74297567328381,16.44227973169501],[80.74278739502135,16.441791132561278],[80.74319002538277,16.441615166315174],[80.74330568768097,16.441732995842358],[80.74386077393815,16.441527815599216],[80.7438609197847,16.44152815120813],[80.74330585655164,16.441733322940856],[80.74319019425316,16.441615493413764],[80.74278756389121,16.441791459660184],[80.7429758421544,16.442280058793763]],[[80.74454248480883,16.44231753074007],[80.74454260781987,16.442317471589522],[80.74454268034307,16.44231743796421],[80.7448768932798,16.442917616296835],[80.74487670817413,16.44291772780322],[80.74454248480883,16.44231753074007]],[[80.74858124392149,16.44023390423571],[80.74858136327319,16.440233827674767],[80.74921395439502,16.44120538553843],[80.74921384046213,16.441205470423586],[80.74858124392149,16.44023390423571]],[[80.75545032762334,16.44128422109454],[80.75545038319416,16.441284351196995],[80.7553225566136,16.44134289281206],[80.75532250771361,16.441342759654262],[80.75545032762334,16.44128422109454]],[[80.74390940539062,16.441639660414925],[80.7443852392762,16.441416731463065],[80.74561764429109,16.440794715107977],[80.74591660382073,16.440636255809377],[80.74591671879134,16.440636448167115],[80.74561781340185,16.440794878769644],[80.74438540838644,16.441416895125716],[80.74453747070156,16.441658330019376],[80.74464702873888,16.441782034288032],[80.74488424671287,16.44215890772466],[80.74488416689664,16.44215894473138],[80.74464702850108,16.44178219772304],[80.74453747046365,16.441658493454383],[80.74438540814842,16.441417058560724],[80.7439095520591,16.44163999791516],[80.74390940539062,16.441639660414925]],[[80.74541790463017,16.4398236881394],[80.74555783103737,16.440000339198473],[80.74541790463017,16.439823688139402],[80.74541790463017,16.4398236881394]],[[80.74594861874814,16.439606708345917],[80.7459487469051,16.439606655947692],[80.746100842999,16.43980097583967],[80.74610070857668,16.439801020233517],[80.74594861874814,16.439606708345917]],[[80.74487534702283,16.439893518476442],[80.74488126951431,16.440011141512628],[80.74488110310648,16.440011199659388],[80.7448751810189,16.439893584642956],[80.74487534702283,16.439893518476442]],[[80.75487305244182,16.440165554429207],[80.75487289377254,16.440165576095403],[80.75461149577522,16.439629823080946],[80.75470908084868,16.43960053107661],[80.7547091036714,16.439600575277872],[80.75461166512207,16.439629823300304],[80.75487305244182,16.440165554429207]],[[80.74927293145153,16.438399099856177],[80.74964383670022,16.43905849680219],[80.74927293145153,16.43839909985618],[80.74927293145153,16.438399099856177]],[[80.75017492226966,16.434299138616378],[80.75005939441309,16.434087174122027],[80.74936021194365,16.432762424748404],[80.75000092477762,16.43233964455558],[80.75012299257662,16.432239782714213],[80.75066618732966,16.43179922101153],[80.75154491423632,16.431188470738594],[80.7514356254574,16.430982682776975],[80.75143581298256,16.430982562474544],[80.75154525268343,16.431188634617314],[80.75213507116541,16.432230745887672],[80.75213494239271,16.43223081734281],[80.75154508334393,16.43118863439558],[80.75066635643704,16.431799384669226],[80.75066640948468,16.43179947921138],[80.75012333102431,16.432239946595224],[80.75000126322539,16.432339808436787],[80.7493605503916,16.43276258863064],[80.7500597328639,16.434087338003163],[80.75017526072095,16.43429930249733],[80.75027868005377,16.43445241421572],[80.75039420835999,16.434664378588227],[80.75111989102778,16.434241930121882],[80.75111996006791,16.434242053230893],[80.75039420812709,16.43466454202342],[80.7504306687403,16.43474696146184],[80.75064359639936,16.435059076272047],[80.7508565498468,16.435353539865783],[80.75117894578436,16.43585407551686],[80.751464932122,16.43623688942169],[80.7523654062081,16.437503057864895],[80.75251147061246,16.437679758872466],[80.75285232182817,16.438068526165633],[80.75272407211607,16.438227218218554],[80.75296756422188,16.438486417428766],[80.75316226039534,16.438763203853803],[80.7533810002471,16.43907490635608],[80.7533808779766,16.439075050551708],[80.75316192193381,16.438763039977605],[80.752967225761,16.438486253552256],[80.75272373365584,16.43822705434166],[80.75272364188547,16.438226958131697],[80.75285181402263,16.438068362068186],[80.75251096280822,16.43767959477421],[80.75236489840444,16.437502893766286],[80.75146455263594,16.43623690574428],[80.75146476301016,16.436236725764644],[80.75117877667309,16.435853911859596],[80.75085638073621,16.43535337620826],[80.75064342728922,16.435058912614345],[80.7504304996306,16.434746797803975],[80.75039403901751,16.434664378365525],[80.75027851071145,16.434452413992926],[80.75015046507454,16.434505176820192],[80.75015034864077,16.434504991456507],[80.75027834160214,16.434452250334935],[80.75017492226966,16.434299138616378]],[[80.75608172590617,16.4390433065072],[80.7560696046409,16.439002153217096],[80.75597860962836,16.438678433689436],[80.75597257069919,16.438637240161693],[80.755661453958,16.438778047242245],[80.75541746376982,16.438871871133223],[80.75521010983906,16.438924556347093],[80.75517351456362,16.43893627640263],[80.75525241428392,16.439189376499776],[80.754825446574,16.439341799931668],[80.75495906588193,16.439700877126562],[80.75478220991421,16.439741833999182],[80.7547821917262,16.439741798774083],[80.75495889653502,16.43970087690748],[80.75482527722741,16.439341799712487],[80.75525224493745,16.439189376280947],[80.75517334521736,16.438936276183732],[80.75520994049282,16.438924556128224],[80.75541729442361,16.438871870914525],[80.75566128461186,16.43877804702375],[80.75597240135316,16.43863723994345],[80.75585706198663,16.438284070590793],[80.75622301292734,16.438166868523293],[80.75711347811063,16.4378914802429],[80.7578697460251,16.437668869574683],[80.75786982830066,16.4376691088534],[80.75711381657406,16.43789164411276],[80.75622335139047,16.43816703239459],[80.75585740044967,16.438284234462667],[80.75597273981691,16.438637403815143],[80.75597877874611,16.43867859734288],[80.75606977375902,16.439002316870464],[80.7560818367509,16.439043272314617],[80.75608172590617,16.4390433065072]],[[80.7449249051856,16.439346385893902],[80.74530278602734,16.439305724216197],[80.74530279575012,16.439305741619293],[80.7449249142379,16.43934640336945],[80.7449249051856,16.439346385893902]],[[80.74599761350838,16.439424327373555],[80.74599765960147,16.439424387602234],[80.74550361838686,16.439664897250346],[80.74550358207712,16.439664832258426],[80.74599761350838,16.439424327373555]],[[80.7461194485158,16.43958330502915],[80.74680244185517,16.439360680952632],[80.74715012757545,16.4392317031282],[80.7474429615919,16.439090884456075],[80.74826659305167,16.438668353220613],[80.74895599812831,16.438316245367282],[80.74930980230698,16.43816962097216],[80.74930978965463,16.438169696619784],[80.74895616747396,16.43831624559119],[80.7482667623976,16.438668353445077],[80.74744313093821,16.43909088468121],[80.74715029692186,16.439231703353578],[80.74680261120169,16.439360681178286],[80.74611948246435,16.439583349388855],[80.7461194485158,16.43958330502915]],[[80.75116919745703,16.43806616186532],[80.75151696160765,16.437878340059374],[80.7521941570048,16.43753208911405],[80.75219438703266,16.43753239524018],[80.75151746941154,16.437878504160032],[80.7511697052611,16.43806632596682],[80.75048718943181,16.43786538466653],[80.7505114829443,16.437930137046603],[80.75052360976211,16.437953624756428],[80.75052330382177,16.43795352385727],[80.7505111444865,16.43792997316617],[80.75048687190817,16.43786527658402],[80.75116919745703,16.43806616186532]],[[80.75448040853486,16.437682599321487],[80.75448040853486,16.437682599321484],[80.75471129357813,16.438023708419625],[80.75448040853486,16.437682599321487]],[[80.75817384593417,16.43834579061957],[80.75817384593417,16.438345790619568],[80.75860673007739,16.43816404042235],[80.75817384593417,16.43834579061957]],[[80.74920218774979,16.436569118947748],[80.7492022319771,16.43656918915395],[80.74894000165108,16.436715864372417],[80.74760993779812,16.437443677382397],[80.74651175832545,16.4380129319908],[80.7465117173936,16.43801286520024],[80.74760976845324,16.437443677157408],[80.74893983230682,16.436715864148518],[80.74920218774979,16.436569118947748]],[[80.7551157366278,16.43684776246385],[80.75533417116449,16.437488960608494],[80.75533387972362,16.437489098867314],[80.75511550277149,16.436848069754287],[80.7551157366278,16.43684776246385]],[[80.75668242077893,16.436849515479107],[80.75674315981477,16.436967148888282],[80.7567428822134,16.436967266761897],[80.75668214890949,16.436849644453286],[80.75668242077893,16.436849515479107]],[[80.75721292219963,16.436767825131792],[80.7572675806486,16.43687368161242],[80.75726730388608,16.43687380111044],[80.75721264459851,16.4367679430053],[80.75721292219963,16.436767825131792]],[[80.75952286838363,16.436829612256446],[80.75952289729442,16.436829673197323],[80.75782721795194,16.437562908924765],[80.75782719736222,16.4375628443841],[80.75952286838363,16.436829612256446]],[[80.75007218461026,16.4379411629384],[80.7500721646619,16.437941135354784],[80.75048668162886,16.437865220563385],[80.75048674703861,16.437865239820844],[80.75007218461026,16.4379411629384]],[[80.7513057596602,16.436348307267036],[80.7505334660369,16.435129706725988],[80.750533713797,16.43512956369969],[80.75130603514194,16.43634820797807],[80.7513057596602,16.436348307267036]],[[80.75867643685868,16.436228337013066],[80.7586762984478,16.436228398580166],[80.75838451167832,16.435645608232665],[80.7583846477353,16.43564554196534],[80.75867643685868,16.436228337013066]],[[80.75889739398326,16.435363603676493],[80.75889710678167,16.435363720513926],[80.75867227514728,16.43485161218809],[80.7581863038631,16.43359776760654],[80.75809520989577,16.4333446528718],[80.7573196400145,16.434308583710617],[80.75658694187388,16.435125474622616],[80.75658722325973,16.43512555601112],[80.75630018596921,16.435531079679524],[80.75612311231808,16.435730896817315],[80.75511564582187,16.436847495909902],[80.7551156670085,16.436847558101647],[80.75511551452871,16.436847453517817],[80.75612294297459,16.435730896599217],[80.7561228025511,16.435730700568765],[80.75629984751053,16.435530915808382],[80.7565869421016,16.435125311187353],[80.7573196402416,16.434308420275332],[80.7580952101222,16.433344489436493],[80.75822942632851,16.43327405678392],[80.75865074556968,16.432786249063007],[80.75946939823658,16.431516416286716],[80.75947551069156,16.431504656693278],[80.75993386174494,16.430681523348117],[80.75975762249149,16.430281209058325],[80.75955708837961,16.42981614320824],[80.75941737559762,16.42950428551586],[80.75941747536287,16.429504130435156],[80.75955725771803,16.429816143423484],[80.75975779183031,16.43028120927342],[80.7599340310841,16.43068152356308],[80.7601539961455,16.430317014264403],[80.76068308187637,16.431253190399566],[80.76135420400232,16.430765788671078],[80.76135425430955,16.430765915408433],[80.7606830816521,16.431253353834936],[80.76015399592082,16.430317177699777],[80.75993403085923,16.43068168699845],[80.75947567980617,16.43150482034397],[80.7594695673512,16.431516579937416],[80.75865091468468,16.432786412714353],[80.75822959544357,16.43327422043559],[80.75822962567206,16.43327429365425],[80.75809554857868,16.433344653304736],[80.75818664254643,16.433597768039338],[80.7586726138328,16.43485161262014],[80.75889739398326,16.435363603676493]],[[80.75311876730804,16.43469743376432],[80.7531188879471,16.434697362508984],[80.7533074842993,16.43497414091223],[80.75334975219997,16.435262496173603],[80.75311743498227,16.435727004397428],[80.75325106535868,16.436074315392492],[80.75329301806636,16.436586249994775],[80.75345108469098,16.436898290578153],[80.75373178426025,16.436710377788735],[80.75373198054332,16.436710636842566],[80.75345142314956,16.43689845445387],[80.75281082722812,16.43723298989723],[80.75281064145487,16.437232657627412],[80.7534509153465,16.436898290357888],[80.75329284872217,16.43658624977439],[80.75325089601493,16.436074315172082],[80.75311726563882,16.435727004176908],[80.75334958285691,16.435262495953282],[80.75330731495649,16.434974140691875],[80.75311876730804,16.43469743376432]],[[80.75201664645954,16.433795828698496],[80.7520167950029,16.433795765214814],[80.75224738731399,16.434502064507548],[80.75250260646894,16.43506126830405],[80.75250247316245,16.435061347041394],[80.75224721797161,16.434502064286338],[80.75201664645954,16.433795828698496]],[[80.75322324991639,16.43429148403504],[80.75322309823733,16.434291524312926],[80.75285858554767,16.43345560132753],[80.75285866840562,16.433455567183447],[80.75322324991639,16.43429148403504]],[[80.7536617518797,16.43459799613737],[80.7536616023895,16.434598045935342],[80.7535097492631,16.43421545024578],[80.75350990237993,16.4342154095861],[80.7536617518797,16.43459799613737]],[[80.75386599498918,16.43688722590784],[80.75386576890948,16.436886927528473],[80.75434197765765,16.43631696327953],[80.75434227985563,16.43631717055306],[80.75386599498918,16.43688722590784]],[[80.75549012856997,16.434847563408002],[80.75549012856997,16.434847563408006],[80.75434197765765,16.43631696327953],[80.75549012856997,16.434847563408002]],[[80.75742901978636,16.43538543728822],[80.7571660735998,16.435385100291402],[80.7571660735992,16.43538510029098],[80.75742901978636,16.43538543728822]],[[80.76107570574084,16.433789777450674],[80.7610757189551,16.433789837008177],[80.76081375279263,16.43388940920092],[80.76081372411643,16.433889355520186],[80.76107570574084,16.433789777450674]],[[80.75715996113239,16.43088995986838],[80.75716003338465,16.43088990479058],[80.75766489410049,16.431649438519862],[80.75787845010184,16.431514387120597],[80.75800615727555,16.431673293515452],[80.7580060983766,16.431673383944496],[80.75787844987525,16.43151455055593],[80.7576648938737,16.431649601955193],[80.75715996113239,16.43088995986838]],[[80.75444658411067,16.431286389007553],[80.75507483032395,16.43102245150262],[80.75507486610445,16.431022599809722],[80.75444661985867,16.431286537328074],[80.75444658411067,16.431286389007553]],[[80.75457993663674,16.431839829182888],[80.75421419541476,16.431927572485023],[80.7542141372143,16.43192738222223],[80.75457988749126,16.431839636747984],[80.75457992471652,16.431839791197717],[80.75457993663674,16.431839829182888]],[[80.75870508507778,16.428879552703084],[80.75908846878157,16.429368387018172],[80.75908838384196,16.429368442438715],[80.75870508485188,16.428879716138468],[80.75864422905121,16.428803150634057],[80.75785110134636,16.42925518122826],[80.75747281239049,16.42949004431464],[80.75739350495823,16.429531128487966],[80.75649687231366,16.429947678645515],[80.75649678569518,16.42994755555647],[80.75739350518522,16.429530965052603],[80.75747281261741,16.42948988087928],[80.75785110157295,16.429255017792887],[80.75864422927714,16.428802987198665],[80.75870508507778,16.428879552703084]],[[80.75350153784262,16.431597108881405],[80.7535013988237,16.431597160851254],[80.75344670673803,16.431503022015296],[80.75344683469832,16.43150295101096],[80.75350153784262,16.431597108881405]],[[80.76022371156888,16.432770795390578],[80.7602237780397,16.432770762167305],[80.76053995230826,16.433377182193905],[80.76053998416322,16.43337724182513],[80.75861253736353,16.434210214730587],[80.75861243018755,16.434209950911246],[80.76053978319115,16.43337701854406],[80.76022371156888,16.432770795390578]],[[80.75879678780916,16.441924116638962],[80.75878461281523,16.441924101109077],[80.75879678780912,16.44192411663895],[80.75879678780916,16.441924116638962]]]}},
{"type":"Feature","properties":{"Village":"Jagannadhapuram"},"geometry":{"type":"Polygon","coordinates":[[[80.7851365000667,16.472770471216283],[80.78531475848868,16.472765381067504],[80.78532589962961,16.47276539912404],[80.78534818418416,16.472690127359098],[80.78534261361582,16.472690118331524],[80.78540946509332,16.47253423176386],[80.7853816190485,16.472308262997164],[80.785303635166,16.47217903738988],[80.78511980958957,16.47209267322031],[80.78501397322903,16.471963402337067],[80.78498055493759,16.471807353221994],[80.78507526044474,16.471608329434222],[80.78520895765072,16.471468688717966],[80.78582172883188,16.471017833874555],[80.78589413203453,16.47094802226731],[80.78600554528145,16.470840619782138],[80.78603896794812,16.47085681124145],[80.78652360958658,16.470577879378844],[80.78672414875709,16.47054054917278],[80.78679656596209,16.470513770354533],[80.78708064838108,16.47041740409413],[80.78723105308735,16.470363855159615],[80.78725890570912,16.47035852090511],[80.78807775610278,16.470236148489004],[80.78809446845749,16.470182383988593],[80.7881167517242,16.470101732758284],[80.78815017536975,16.470058753383345],[80.78813347123715,16.46959072671695],[80.78825602392223,16.469451066081824],[80.78847327589546,16.46920935382846],[80.78868495521024,16.469096716746204],[80.78869052567718,16.46909672568368],[80.78881307601607,16.469091543133672],[80.78915285734026,16.46925347686993],[80.78934225312126,16.46928067592507],[80.78959284683992,16.469302593605697],[80.78960955825944,16.46930262034544],[80.7896151287326,16.4693026292584],[80.78997163426534,16.470061672647958],[80.79014988769828,16.470508395960472],[80.79030586007885,16.470906701187932],[80.79042284007089,16.471132811685123],[80.79057324334833,16.471412766810186],[80.79064565981564,16.471574256433463],[80.79073478799036,16.471752059512177],[80.79108016117189,16.472462656004858],[80.79126398984755,16.472828730042778],[80.79140882503587,16.473108675681036],[80.79147010158579,16.47322711418933],[80.7916762141708,16.473630877263126],[80.79175977344842,16.47374935112137],[80.79211072348501,16.474239410170387],[80.79214414734855,16.47427711720428],[80.79258980000989,16.474767325831905],[80.79285719265441,16.475058223073333],[80.79285162201559,16.47505821424474],[80.79289061680227,16.475095929988377],[80.79325271235433,16.475483801208775],[80.79386549294675,16.476157162200877],[80.79441699905095,16.476760495996963],[80.79458969439708,16.476997450273092],[80.79466211445609,16.477056734922833],[80.7948125255066,16.47718084148005],[80.7955200130926,16.477580010966854],[80.79552558380448,16.47758001972526],[80.7958375417912,16.477499822936533],[80.79732491436687,16.47727623021861],[80.79740290388351,16.477265593878165],[80.79769257923525,16.47722839255937],[80.79813823318304,16.477164538501118],[80.79862845243866,16.47710060347988],[80.7987231537114,16.47708461353607],[80.79911867117589,16.477031437591126],[80.79940834632825,16.47700499216253],[80.79975357315979,16.476967874283144],[80.79998754142949,16.476946720723696],[80.80009338391304,16.476930747436306],[80.80061145443658,16.476845483811577],[80.80070615543303,16.47682949296724],[80.80113509575587,16.476770985781886],[80.80135235103054,16.476739046591526],[80.80141919958987,16.476744528954246],[80.80145262344998,16.476739201422113],[80.80212667665563,16.476734861844093],[80.80263360883771,16.476724883956738],[80.80291214205644,16.47670379566858],[80.80412097499571,16.476603446409907],[80.80415439876275,16.476598118445317],[80.80428809309522,16.47656604825753],[80.80435494024532,16.47655001313141],[80.80435493916272,16.476533875717518],[80.80432704359393,16.475904473940094],[80.80424341732969,16.47490920544408],[80.80420442071559,16.474876870929023],[80.80419884757822,16.4748392084309],[80.80408739093362,16.474172024639802],[80.80398141205956,16.472073998106495],[80.80397583340967,16.471950269350764],[80.80396467225059,16.47164349187035],[80.80393679952131,16.471336838204145],[80.803892200596,16.470804235015933],[80.80386432913323,16.47051371874083],[80.8038252881785,16.469782125693698],[80.80380855721445,16.469480853230348],[80.80380296829026,16.469195735253592],[80.8037973856405,16.46900745676153],[80.80379738146593,16.46894290706139],[80.80378061340599,16.46806605143778],[80.80379171182054,16.467409798205022],[80.80378613164967,16.467259173679242],[80.80413149232709,16.467179015446952],[80.80415377364002,16.46717367040768],[80.8040813386114,16.46687769176893],[80.8038083124724,16.465704590678058],[80.80344057369479,16.46421395947993],[80.80325669682698,16.463315345438424],[80.80319540512538,16.4630193835107],[80.80314525783675,16.4627826241945],[80.80295581399145,16.46189474459296],[80.80294467019218,16.461840936030406],[80.80428706919012,16.461326580822025],[80.80443746044128,16.461246123627006],[80.80447645107361,16.461230045799258],[80.80448202058322,16.461219296022637],[80.80470482186091,16.46109591614766],[80.80531195771562,16.460811733061846],[80.8053119573234,16.46080635391553],[80.80534537756144,16.460790267430816],[80.8053286633197,16.46074182963735],[80.80512251548035,16.46005834877588],[80.80476595301577,16.459078770025528],[80.8046768131384,16.458836557337396],[80.80425897212398,16.457690130478518],[80.804125262277,16.457297248180275],[80.8041029792142,16.457259560051597],[80.80406955804766,16.457254129757942],[80.80378547100669,16.457097684576844],[80.80349025927548,16.45717791937399],[80.80279957458855,16.457370523507542],[80.80190279837694,16.45765423845357],[80.80108957216844,16.457943472694016],[80.80035989445662,16.458200543296915],[80.80027077341968,16.458232680176486],[80.80013708980681,16.458237852255387],[80.7999811257892,16.45824836886126],[80.79996441555082,16.458253722105443],[80.79966919960815,16.458312449833624],[80.79959121803154,16.458328466268238],[80.79836037695149,16.458600888961723],[80.79790362672584,16.458707759860918],[80.7978924865668,16.458713121627603],[80.79745801654062,16.458820026305176],[80.7967673195178,16.458985714675386],[80.79672832824927,16.458985653636105],[80.79664477553136,16.45898552281323],[80.79661692493174,16.45899623748745],[80.7964108298405,16.459055085211098],[80.7955641699767,16.459398036881424],[80.79549175808344,16.459424818819876],[80.79469522406443,16.45961721474206],[80.79464509257372,16.459633273195234],[80.79350877586774,16.459938105919306],[80.79344750378475,16.459954146470547],[80.79267881731586,16.460216507565573],[80.79221092027487,16.460387898016247],[80.79216078832857,16.4603931975843],[80.7921440776988,16.46039855019933],[80.79198254137368,16.460409051983053],[80.79120271063019,16.4604831348821],[80.79116371906993,16.460466935377564],[80.7911581488485,16.460466926508687],[80.79108573596906,16.46043452140482],[80.79021678326279,16.460056595809302],[80.7901777918962,16.460035016980505],[80.79010537939655,16.459991868198166],[80.78967647550598,16.459700694096316],[80.78954286881016,16.459609034968224],[80.78953172850227,16.45959825886053],[80.78950944754608,16.45961973978008],[80.78927549735845,16.459829151860575],[80.78925878670087,16.45983450424544],[80.78920308457113,16.45984517332945],[80.7890526887579,16.459877207267],[80.7877492850132,16.460289323698078],[80.78742064010821,16.46040713593221],[80.7873649376178,16.460423183664933],[80.78666310055075,16.460642612034327],[80.7862453304991,16.460771036851863],[80.78601694876686,16.460862113127707],[80.78598909733199,16.460872826377727],[80.7848861956427,16.46123145752721],[80.78468011008343,16.461295672797664],[80.78464111802933,16.46130636778331],[80.78376659549325,16.46156853908287],[80.78295332912907,16.461803896008163],[80.78290876639996,16.461819960719815],[80.78211779303136,16.462087640523297],[80.78158862449209,16.46226966514638],[80.78131010671197,16.462355274972456],[80.78083105543249,16.462505104984885],[80.77951647389662,16.462965563631165],[80.77929922776852,16.46304589258189],[80.77785650151715,16.46358143728335],[80.77785650042003,16.463597574691974],[80.77786763628106,16.463667521909418],[80.77783978437637,16.46367285492697],[80.77744430271777,16.463747522514858],[80.77705436707119,16.463940524616685],[80.77710449062967,16.464069707074103],[80.77741637327794,16.464855608177213],[80.77771710553621,16.465593063148372],[80.7777950751502,16.46581911600057],[80.77797886609407,16.466282040930064],[80.77802342082506,16.466405834797413],[80.77872514532274,16.468424230558053],[80.77878640824099,16.46861260146324],[80.77929883843242,16.469452622068488],[80.7795438913736,16.470254532010017],[80.78010082992131,16.47193385841921],[80.78010639954599,16.47195000498402],[80.78026791845149,16.472429013558134],[80.78032919309605,16.472456009999746],[80.7811146087014,16.472801564683493],[80.78166051822213,16.472931558892764],[80.78223426615128,16.473056218082014],[80.78232339514713,16.47306174296324],[80.78272447628405,16.47307315662756],[80.78321467104287,16.473090094001293],[80.78411152470582,16.472930180638357],[80.78460730897305,16.47283954116124],[80.7851365000667,16.472770471216283]]]}},
{"type":"Feature","properties":{"Village":"Kandalampadu"},"geometry":{"type":"Polygon","coordinates":[[[80.84449657434797,16.4302152058327],[80.84448951043198,16.430088993041498],[80.84445773036023,16.42981270869705],[80.84442948087327,16.429543227629484],[80.84442594864282,16.429468172689237],[80.84441888661061,16.429413594275143],[80.844401230168,16.42922256965596],[80.84438710398862,16.429028124312396],[80.84438710355882,16.42901106850522],[80.84436944932197,16.428905322913742],[80.84435885709657,16.42885415573907],[80.84435179501833,16.428796166158374],[80.84432002025558,16.428717700706507],[80.8442917757435,16.428635833482073],[80.84416114673951,16.42832200010969],[80.84410112849369,16.428192377304697],[80.84400933596473,16.427991111302784],[80.84390342120305,16.42773526697031],[80.84386811642071,16.42765339983371],[80.84383634203444,16.42757494377881],[80.84382928107163,16.427557888117228],[80.84373396032589,16.427424854774227],[80.84362804819692,16.427261111666308],[80.84347271124774,16.427046202029775],[80.84340210356193,16.426943868515412],[80.84323264740192,16.426800602842576],[80.84292550820523,16.42651064992397],[80.84268897653777,16.426299152200684],[80.84267485530006,16.426288918932944],[80.84254070320907,16.426166119126556],[80.8422406269464,16.42590345439831],[80.84194761222038,16.42565784496779],[80.8417252039305,16.42547023360038],[80.84144631142178,16.42521780099169],[80.8411532986626,16.424965368129698],[80.84098384581344,16.424815278319446],[80.84081086267156,16.42462083381044],[80.84077202974012,16.424573077791862],[80.84049313927208,16.42423536485783],[80.84030603610121,16.4240136401791],[80.84012246359994,16.423798728170276],[80.83982239398874,16.423426902785582],[80.83967412474614,16.42326316722359],[80.83961058085221,16.42318470108023],[80.83960705063836,16.423181289921065],[80.83958233913859,16.423150589479967],[80.8394446609009,16.422870864740013],[80.83934934542614,16.42267983962686],[80.83912341319795,16.42221932300188],[80.83896455530738,16.42186113168311],[80.83888689163038,16.421697395689108],[80.83876686617782,16.42145178215576],[80.83871744356775,16.421482482470914],[80.83861506835007,16.4214858932818],[80.83739368476266,16.42152000633437],[80.83689593903087,16.421533645666024],[80.83639110903222,16.423099400501858],[80.83631696851735,16.423488281374762],[80.83631343808622,16.423501925970726],[80.83626048392024,16.423559914937147],[80.83578389715369,16.42449459399274],[80.83539908158333,16.425473618718335],[80.83537790868321,16.425531608051358],[80.83500368730316,16.426179740044564],[80.83491895317697,16.426517452638677],[80.83489423835681,16.426643665053703],[80.83488717781282,16.42664366490078],[80.83488011647376,16.42667777635497],[80.8346824168199,16.427261099384037],[80.83451295195812,16.42770796696154],[80.83444233844835,16.42800815686969],[80.83433995092918,16.428349279893254],[80.83429758144807,16.428571013736168],[80.83428698908502,16.428625592035832],[80.83428698836349,16.428652881315823],[80.8342869881831,16.428659703635812],[80.83427636015287,16.430058288353255],[80.83427281048819,16.43078495997642],[80.83427280921683,16.430832716206517],[80.83429396359817,16.431876531421153],[80.83429396314504,16.431893587215892],[80.83433277458269,16.432749789034986],[80.83433630298391,16.432824834612347],[80.83434689053946,16.432961281217633],[80.83440337653761,16.432968104913652],[80.8357696144463,16.433070468396224],[80.83602025906693,16.433797049507685],[80.83614027703084,16.43413816732324],[80.8362532448981,16.434448679282102],[80.83646154002147,16.434400926194662],[80.83648625301349,16.43439410423541],[80.83731589335106,16.434104071314636],[80.83760184748772,16.434005150503374],[80.83856559107682,16.43364357418934],[80.83878800647749,16.43357194072516],[80.83882331050245,16.43355829620608],[80.8396741360893,16.433299049132067],[80.83969531844028,16.433292226794823],[80.84012249546727,16.43313190147077],[80.84017898163633,16.4331114343386],[80.84055673272269,16.432998864509607],[80.84057791501105,16.43299204208253],[80.84123456540827,16.432801012732423],[80.84141461446798,16.43274643260733],[80.84203242942017,16.432582690373195],[80.84217364412193,16.432545165858105],[80.84217717459532,16.43255198813291],[80.84233604104479,16.432507640961536],[80.84270319879192,16.43240530086487],[80.84271025954654,16.432405300756724],[80.84446837621442,16.43196181557947],[80.84460958983534,16.431917467094106],[80.84462724149988,16.4319106443415],[80.84458839399787,16.431395560036503],[80.84458133078779,16.431300047708266],[80.8445495475731,16.43091458730935],[80.84454248554619,16.43086342006704],[80.84454248510428,16.43084636426272],[80.84449657434797,16.4302152058327]]]}},
{"type":"Feature","properties":{"Village":"Kankipadu"},"geometry":{"type":"Polygon","coordinates":[[[80.77862422682823,16.43035914074396],[80.77861182600557,16.43034112542601],[80.77855605156817,16.430245041440013],[80.77854983364062,16.430245032807857],[80.77817174450296,16.42962655592409],[80.77776917245811,16.428810065087347],[80.77776296628178,16.428804057079454],[80.77742840740957,16.428185639415346],[80.77742221297885,16.428173632044196],[80.77733537384759,16.428065522360857],[80.7769756295401,16.427609051835425],[80.77672122612532,16.427338724990395],[80.77659093340971,16.42719454141342],[80.77633039548195,16.42688220993395],[80.77629938862856,16.426840170974017],[80.77542518459074,16.425561047167932],[80.77540654303507,16.42555502164437],[80.77536925992723,16.425542970592314],[80.77536314814677,16.425488967683194],[80.77568731972553,16.425057450962562],[80.7757247086559,16.425015507769537],[80.7757309499476,16.42500351777478],[80.77562577767164,16.424733382006636],[80.77561957168973,16.424727373935454],[80.7755884122825,16.424763343139755],[80.77530384453735,16.4240249879995],[80.77532877433929,16.423995026128534],[80.7752359560872,16.423766919751024],[80.77503792020413,16.42329267466966],[80.7749079497014,16.422986524120535],[80.77474716248858,16.422542327945024],[80.77474098019272,16.42252432113731],[80.77471003334236,16.422452285161622],[80.7743756128478,16.421773868957576],[80.77432609596988,16.421659794511086],[80.77430751385916,16.42162377211487],[80.77415161184108,16.42185754472177],[80.77347259712168,16.422510535221175],[80.77342896684841,16.422564467951617],[80.77310478269365,16.423001980631305],[80.77235032895727,16.42406881722293],[80.77216949231428,16.42433254976008],[80.77208220645082,16.42445241333786],[80.77216278770175,16.42457851441504],[80.77184493395038,16.424956040281646],[80.77115328658104,16.42569899547711],[80.77036250703532,16.426261825792064],[80.77035630116934,16.42625581756759],[80.77035009530374,16.426249809342938],[80.76970431691501,16.425810916207265],[80.76966084024623,16.42578685655065],[80.76917669097269,16.4253662077017],[80.76892225347694,16.425119852259712],[80.7688850427221,16.42507180395449],[80.76848817556869,16.424579269586165],[80.76773773166887,16.423636273161623],[80.76749582978105,16.42334193908896],[80.76675771032733,16.422458950603712],[80.76675772236719,16.422452951251962],[80.76584600507998,16.42131771864402],[80.76574678841764,16.421185588798004],[80.76516383501125,16.42044678765394],[80.76509562264826,16.42035669808778],[80.7649529684145,16.420182509210537],[80.76445069203243,16.419521831722765],[80.76430808743132,16.4193236449993],[80.76426449172473,16.419359577761636],[80.76392297376646,16.419137086981213],[80.7637538499604,16.419754792199214],[80.76347837017671,16.420696324626782],[80.76332810804784,16.421218067009963],[80.76332187826948,16.42122405728132],[80.76316467569028,16.422093752730305],[80.76312698088672,16.422285677427045],[80.76280102304885,16.423587113587892],[80.76275714635575,16.423761031038833],[80.76240639770211,16.42502041784395],[80.76233743009837,16.425302287006197],[80.76213087222203,16.425985945266547],[80.76203146081956,16.42594978662257],[80.76193203723096,16.4259196439443],[80.7618326136736,16.42588950121926],[80.76120498410819,16.425708598168253],[80.7609067314728,16.425618168852125],[80.76032745055417,16.42612127862954],[80.75986654279934,16.4265165564067],[80.75981047226547,16.426570484522706],[80.75977310417123,16.42660042613526],[80.76034312983556,16.427579180621205],[80.76051637279603,16.427999408196943],[80.76057824547192,16.42814948348593],[80.76065249280654,16.428329573807467],[80.76067104854651,16.428377596056336],[80.76096191918839,16.429049986453826],[80.76104238509596,16.429230085783967],[80.76110429520395,16.429362162875158],[80.76123426741077,16.429650340166063],[80.7612775973324,16.42974639369803],[80.76163055372221,16.430466852660317],[80.7616862710775,16.430586921751416],[80.76160355877415,16.431510735401265],[80.7615587760132,16.43212862055282],[80.7619231493503,16.433353058717074],[80.76197288131009,16.4333591310633],[80.76219582829303,16.433803410835772],[80.7624434729503,16.434325684915894],[80.76274691618728,16.43493806412061],[80.76295746701231,16.435364326830452],[80.76283915275981,16.435448311412127],[80.76287012153493,16.435508350334363],[80.7623967916897,16.435879617499705],[80.76177410846168,16.436316657235157],[80.76153761264656,16.436418298899774],[80.75998795879738,16.437081944445232],[80.75986973340585,16.43712976464423],[80.7599068461177,16.437225809215303],[80.75995031906577,16.437243871518106],[80.76011802513295,16.43733410958152],[80.76041002085958,16.437460527043445],[80.76098750191603,16.43785733577152],[80.76145308975312,16.438229981011883],[80.76170120657088,16.438530313564154],[80.76180640330345,16.438782441119578],[80.76186214746241,16.43889051142135],[80.76193654627816,16.438998609092987],[80.76220335599494,16.439280970415552],[80.7622343566392,16.439317012029623],[80.7622964412478,16.439365097934544],[80.76260684039923,16.439617525866385],[80.76266891302173,16.439671611002208],[80.76268757985599,16.43966563898119],[80.76274973771534,16.43967772871284],[80.76282433202464,16.43968983663058],[80.7628429988561,16.439683864595704],[80.76386960704127,16.439379397429306],[80.76409347479117,16.439373724521914],[80.76441677331533,16.43939819297917],[80.76475851554277,16.4395186775066],[80.76508179020486,16.439555143625256],[80.76551694459309,16.43961576904171],[80.76582168048319,16.43958621417473],[80.76587749955253,16.43965828738406],[80.7658837056989,16.43966429573701],[80.76579630034153,16.439838150461917],[80.76579628826373,16.4398441498033],[80.76644308038188,16.439797091528717],[80.76646795328624,16.439797127506466],[80.76715831559656,16.439720133241106],[80.76727026769332,16.43970829605133],[80.76740709267057,16.439696494667874],[80.7679849858412,16.439889306658472],[80.76810221966447,16.44034542667118],[80.76812667241246,16.44055543942618],[80.76813889280189,16.440663445472275],[80.76813257849558,16.440711431262933],[80.76823777270427,16.440969555005317],[80.7684299750115,16.441251801188166],[80.7684981600978,16.441359887630323],[80.76857863756818,16.441540150663528],[80.76878961320813,16.441720434379523],[80.76894477086628,16.44187064101483],[80.76910002458231,16.441972852803126],[80.76922434261934,16.441997028471672],[80.76926164043111,16.442003081289577],[80.7693051804853,16.44199714432839],[80.76939849085143,16.44197927994518],[80.76949801949736,16.441961424425433],[80.76952912294338,16.441955469606906],[80.76979664119766,16.441889859555246],[80.77007664365038,16.441800269567178],[80.7705682824492,16.441602992835396],[80.77061188203196,16.441567058888356],[80.77064303310254,16.441537106532877],[80.77073635539234,16.44151307555836],[80.77089819764909,16.44142931527179],[80.77104144452328,16.44131553156695],[80.77110995280293,16.441261634919563],[80.77165141866845,16.441022431055625],[80.77236712514706,16.440717480011266],[80.77267206900339,16.44059192572534],[80.77335672850909,16.440262929820335],[80.77346319657892,16.439879121165426],[80.77364412898035,16.439573409311148],[80.77364414081707,16.439567409966106],[80.77368159217573,16.43949547050941],[80.77369405228548,16.43948348937907],[80.77391216310055,16.43924382274644],[80.77470910936174,16.438729000462992],[80.77533154174702,16.438417908468214],[80.77570953254445,16.439090367502274],[80.77575294228114,16.439150421998995],[80.77575914871923,16.439156430063708],[80.77622540865126,16.439211077543977],[80.77653628400162,16.439229510583917],[80.77854995664383,16.439760260777764],[80.77914654506041,16.43994706874298],[80.77912806537822,16.439857052678676],[80.7793899074931,16.43950945235362],[80.7799311393174,16.439294224045558],[80.78003691883241,16.439258374042797],[80.78000593252864,16.439204336950244],[80.78006816121815,16.439180425474433],[80.77967171990598,16.438483951153692],[80.77959082516612,16.438513836050877],[80.77925640751278,16.43781144738484],[80.77923162815316,16.437763418138523],[80.77963614692054,16.43758999660809],[80.77971083475812,16.437554103736677],[80.7796922618269,16.43751208249203],[80.78001568946664,16.437380543588375],[80.78018990252541,16.43732678993769],[80.78033303636076,16.43726699388337],[80.78107375091969,16.43687805612121],[80.78111111778867,16.436848110728892],[80.78113602515982,16.43683014691348],[80.78124810247262,16.436752309381443],[80.78127302142025,16.436728346199338],[80.78122964530782,16.43665029476686],[80.7807775569979,16.435701772427397],[80.78076516725886,16.435677757888968],[80.78071571289254,16.435527705574216],[80.78059192073738,16.435233399314775],[80.78028860687884,16.434525055613058],[80.78021432745183,16.434350971437393],[80.77997908872432,16.43381073683928],[80.77997291724166,16.433786730843583],[80.77969445462719,16.433180393150185],[80.77949642191585,16.432694170411768],[80.7793787694488,16.432442017451482],[80.77937257476607,16.43243001013964],[80.77931682265556,16.432321944324666],[80.77930443330595,16.432297929697054],[80.77912463646379,16.432027692420437],[80.77870965471736,16.43119318817732],[80.77841245490012,16.430544827136668],[80.7786614526667,16.43040118798848],[80.77862422682823,16.43035914074396]]]}},
{"type":"Feature","properties":{"Village":"Kanuru"},"geometry":{"type":"Polygon","coordinates":[[[80.68304101381459,16.516023127859427],[80.68308009248476,16.516111594052376],[80.68310623435377,16.516111634469194],[80.68311928603661,16.516124346563963],[80.68475395618862,16.51553428591978],[80.68553864593244,16.51524576543233],[80.68559092224358,16.51522046179045],[80.68752646366447,16.514580510437302],[80.68755235199006,16.514567857984225],[80.68950069468113,16.513978675321365],[80.69007594333372,16.51382811833575],[80.69088684863617,16.51360263912102],[80.69176267140048,16.513364124811304],[80.69191977611906,16.51331403102561],[80.69193293764573,16.513314050814692],[80.69236431292106,16.513163708747804],[80.69286151433417,16.513000334881532],[80.6929005815857,16.512975447232474],[80.69351500270575,16.512724279238185],[80.69475743771453,16.512234212272194],[80.69512389112356,16.512096021966318],[80.69622233996601,16.511681883435838],[80.69628773000461,16.51165659651833],[80.69630089142453,16.511656616030418],[80.69631361675316,16.511644380612086],[80.69779181736013,16.510990962467318],[80.6984062261048,16.510739779833987],[80.69974049171711,16.51012421149871],[80.6997926293188,16.51016192609221],[80.70023666741054,16.51035164259688],[80.70030203837635,16.510339046319103],[80.70109963134227,16.510201475807797],[80.70211907828578,16.51011499281854],[80.70228883195841,16.51010254771759],[80.70231515460247,16.510102585981596],[80.70422370604568,16.50999199931443],[80.70448465601854,16.510320178406804],[80.70529498931315,16.510157226331422],[80.7054520703344,16.510119814177663],[80.70619708416375,16.509931818358062],[80.7062493110544,16.509906509401556],[80.7064064094251,16.50985640460073],[80.70657625061106,16.509780934046866],[80.70661571681708,16.50979368255356],[80.70668108721642,16.509781084269985],[80.70665488794765,16.50969264074747],[80.70643370001868,16.509163200752102],[80.70636855902137,16.50901167926113],[80.7060431541462,16.508040497042668],[80.70574354980008,16.507120119154358],[80.70558763114205,16.50665335643876],[80.7053793688856,16.5059725057362],[80.70532737298723,16.505833694764515],[80.70523637086173,16.505354770853778],[80.70505485794574,16.504371102014854],[80.7049903557859,16.503766171875892],[80.70493878575691,16.503324505113618],[80.70489981607736,16.502959008207032],[80.70488730378847,16.50282025398215],[80.70460161732717,16.501370333313883],[80.70453671028318,16.50105512905854],[80.70436767353792,16.500563400096755],[80.70397722691571,16.49939036200095],[80.70395104745394,16.499289663814544],[80.70389910728996,16.499113214299012],[80.70372954964805,16.4986713765551],[80.70345653115876,16.49790246159022],[80.70341721018431,16.497788614697352],[80.70336518196439,16.497675187055435],[80.70314365193586,16.497082283009274],[80.70285756657843,16.496250326133076],[80.70283131756833,16.496199520227442],[80.70251911044977,16.495228788705678],[80.70250596809377,16.49521607766737],[80.7022456661535,16.494446741815985],[80.7020377031129,16.49389193211901],[80.70194633939073,16.493677348872506],[80.70158197238948,16.492693410378145],[80.70125665284489,16.49169727380623],[80.70125667075789,16.491684669398058],[80.70076202562406,16.49009565791796],[80.70007157174044,16.488670260281925],[80.69978491405678,16.48793873969098],[80.69974601442529,16.48785045167701],[80.69956398526972,16.4872577327433],[80.69944701369384,16.486866780001947],[80.6992516462503,16.486400085608643],[80.6992516642865,16.486387481196406],[80.69906963793107,16.485794761797386],[80.6988221215433,16.48498767059202],[80.69856211836402,16.48402926365871],[80.69851016897785,16.483865329579146],[80.698224176806,16.482995158829933],[80.69784646988857,16.48184751109573],[80.69780760855693,16.48173401387253],[80.69770363984351,16.481456519194786],[80.69718291106234,16.480056570534355],[80.69715655616501,16.48008174052614],[80.69709117716512,16.480106852908392],[80.6970125843391,16.480169759090256],[80.69659440850756,16.480345647151278],[80.69622797994204,16.48050896276808],[80.69557415007648,16.48078529153135],[80.69493351429031,16.48103647271568],[80.69488131235599,16.481048999544516],[80.69482911041514,16.481061526360207],[80.69454125479788,16.481174538044037],[80.69439777146543,16.481237346617103],[80.69417531349286,16.481312641850174],[80.69322095214481,16.481676789890948],[80.69320779275549,16.48167677021893],[80.69319463336618,16.481676750546086],[80.69191373714101,16.48191431599216],[80.69184837538542,16.4819268223018],[80.69107721166516,16.482064311812515],[80.69098551241738,16.482089382643167],[80.68978307647112,16.482352305705817],[80.68969132098185,16.482415189181147],[80.68778279010877,16.482689592675182],[80.68633198432704,16.482989931152858],[80.68430585458644,16.4833649584682],[80.68443582022485,16.48384417026435],[80.68261798813575,16.484711161151147],[80.68234339690707,16.484836780751152],[80.6820687216592,16.48498760869997],[80.68157186333777,16.485175905100625],[80.68093114343257,16.485401833836963],[80.68039509560957,16.48557746208036],[80.67927071473375,16.485903467663015],[80.67869539262513,16.4860916345705],[80.67674702647216,16.4868574901504],[80.67643318261538,16.4870082489015],[80.67547839046554,16.48752356714906],[80.67452369151296,16.48797585902155],[80.67303262376326,16.48876761234583],[80.6719862709595,16.489320581724726],[80.67192086593026,16.489358290486702],[80.6720900913317,16.489787154330852],[80.672116011872,16.489925844187884],[80.67214199183333,16.490026720915154],[80.67161884829143,16.49026541265557],[80.67154043890007,16.490290496091177],[80.67168350031525,16.490706670211434],[80.67202286410898,16.490984553109794],[80.67214021004615,16.491161202147513],[80.67258359563601,16.491779569127214],[80.67334008985276,16.492726104254707],[80.67390106213374,16.493344524202453],[80.6744098445056,16.49393791369545],[80.67499694285634,16.494569064109545],[80.67547935740609,16.49531383720389],[80.67580485725122,16.496082870001715],[80.67586975480891,16.496373136349373],[80.6760514583676,16.497192709359098],[80.67625942018509,16.497936609649773],[80.67675298011304,16.499903761616583],[80.67710572904691,16.49999272278227],[80.67782279493797,16.501115553849857],[80.67817409005843,16.502149840897157],[80.67866837752422,16.5036631433571],[80.67981581463756,16.50541729869604],[80.68023311623018,16.506035477524463],[80.68025917970725,16.50608584820729],[80.6802852619513,16.506123964642242],[80.68045451998461,16.50655269032229],[80.68089666924519,16.507990629858455],[80.68109145504842,16.508822910374786],[80.68120835842147,16.509301884019823],[80.68152022444731,16.510499785897313],[80.68170157249915,16.51154649456543],[80.68192221852463,16.512567880131613],[80.68201298457633,16.513046812672567],[80.68249416836233,16.51464849088422],[80.68293673334512,16.515833900780663],[80.68298884433274,16.515947770983658],[80.68300193451525,16.515935099310333],[80.68304101381459,16.516023127859427]]]}},
{"type":"Feature","properties":{"Village":"Kolavennu"},"geometry":{"type":"Polygon","coordinates":[[[80.80180115026266,16.41608764107799],[80.80163454902141,16.416179436856382],[80.80115858952315,16.41639745315791],[80.80017089325217,16.416925306482383],[80.80015899974997,16.416925306700165],[80.80008761532707,16.416948255861417],[80.80007571011792,16.416959730008806],[80.79930215056237,16.417430173686476],[80.79873090743905,16.41777443085507],[80.79798123509086,16.418141603903038],[80.79774323332228,16.41826781887892],[80.797564770321,16.418325189654695],[80.79763603703654,16.41841698067356],[80.79783761247019,16.419013655601102],[80.79818164128334,16.419874197636535],[80.79824092060363,16.420057811858875],[80.79828838905382,16.420161076793356],[80.79826458984428,16.42017255094022],[80.79826456621575,16.42019549879929],[80.79707473279798,16.420642989435667],[80.7970152403916,16.42066593748483],[80.79647984387215,16.42083804737697],[80.79637276445695,16.420872469189984],[80.7958255328646,16.420987207763133],[80.7956708782635,16.421021629087164],[80.79531402985728,16.42105604937829],[80.79433856166847,16.4212281829718],[80.79336297082243,16.42151501938592],[80.79286345181791,16.421652698720226],[80.79278017105152,16.42167564515899],[80.7927090390186,16.421457639368093],[80.79232832882639,16.42156089769543],[80.79211416775495,16.421629737002082],[80.79148363491024,16.421813306031048],[80.79094823054326,16.42198540170968],[80.79080545588883,16.422031293657778],[80.79054366946806,16.42214602576619],[80.79018667073674,16.422318124363997],[80.7897582837182,16.422513199818024],[80.78972257757964,16.42253614653026],[80.78948460220936,16.422627930210364],[80.78928234119797,16.422719714829157],[80.7887587273381,16.422983596618593],[80.78873492723736,16.42299506967201],[80.78847313833725,16.4231097991594],[80.78836554798693,16.423614679396753],[80.78798474444648,16.423798247179604],[80.78796094420167,16.42380972014272],[80.78787752527172,16.423958877712266],[80.78787750041869,16.42398182554797],[80.78784175650725,16.424039193684767],[80.78767481862843,16.424429300019472],[80.78766289979964,16.424452247358666],[80.78757944303008,16.424635826545575],[80.78728188208522,16.424830902279414],[80.78707956787906,16.42496858038311],[80.78704386098006,16.42499152662554],[80.78696054068958,16.425048892472354],[80.78613941707508,16.425450440933318],[80.78611561652238,16.4254619136818],[80.78555628389108,16.425748733352712],[80.78553248326848,16.42576020603394],[80.78469958104112,16.42608146263008],[80.78469959365579,16.426069988716918],[80.78466388627992,16.42609293454648],[80.78452109456869,16.426150296063724],[80.78375954582472,16.426448573218565],[80.78320028319607,16.426666543042593],[80.78248632717313,16.426976292423788],[80.78189131537312,16.42725165776026],[80.78153431263867,16.42741226745259],[80.78072481266986,16.428066221219662],[80.78047473927158,16.4283301341027],[80.78043903099304,16.4283530791978],[80.78012946011214,16.42863990304751],[80.77968887117444,16.42908735069246],[80.77927184877778,16.429729887578723],[80.77898589417498,16.430165872363112],[80.77896209263544,16.430177344283447],[80.77895017243146,16.430200291098988],[80.77890255637882,16.43023470883276],[80.778628831868,16.430372372591343],[80.77867635720021,16.430418272248037],[80.77841455959468,16.430555968603247],[80.77872303951516,16.431210007485873],[80.77913840985568,16.43203619519413],[80.7793165154977,16.43231158353622],[80.77932838405087,16.432334532314506],[80.77938773978987,16.432437802293457],[80.77938772685823,16.432449276195605],[80.77950638683022,16.432701711710166],[80.77970803712716,16.433195137646543],[80.77998093942823,16.43379180225429],[80.77999280814753,16.433814750993804],[80.78023009289139,16.434354074816884],[80.78030126698577,16.43452618885813],[80.78059783343969,16.43523762534473],[80.78072833982525,16.43553595664367],[80.78077571818056,16.435685120918706],[80.78078758710586,16.435708069611653],[80.78123851849263,16.436660468599],[80.78128600748391,16.43674078935999],[80.78154721684183,16.437165342502826],[80.78173723801996,16.437429255706164],[80.78201039512197,16.437807945386957],[80.78205789748495,16.43787679207339],[80.78230734287932,16.43818660445845],[80.7829368550608,16.438978377228487],[80.7829487371645,16.438989851899716],[80.78300816042845,16.439035751348086],[80.78302005526366,16.439035752117565],[80.78298431985431,16.439081645397845],[80.7829128999059,16.4391275363488],[80.78303173380432,16.43923080914628],[80.78317459911878,16.43911607934416],[80.78406643358399,16.43936856024327],[80.78464853642087,16.440045586094733],[80.78469614126487,16.440022641003658],[80.78476740966778,16.440114436223986],[80.78475536329145,16.44025212232644],[80.7848503837849,16.44037834055297],[80.78514725749768,16.440802891212044],[80.78532535428918,16.44110125408749],[80.78540849317511,16.44121599752275],[80.78565770927959,16.44174380998033],[80.78590696435224,16.4422372323139],[80.78614432564441,16.44273062187671],[80.78620363793796,16.44287978548995],[80.78640531540385,16.44337320483892],[80.78642904297163,16.44343057547594],[80.78644085039133,16.44351089332299],[80.78672519467638,16.4445549677188],[80.78673700228018,16.444635285542812],[80.78680809822208,16.444887714580748],[80.7868317260489,16.445036876320405],[80.78697296884683,16.446413750169935],[80.78694900328483,16.44657438356386],[80.78698426427022,16.44696449755385],[80.78698422677796,16.446998919230012],[80.78698416429066,16.447056288690035],[80.78697221897136,16.447102183707333],[80.78697220647312,16.44711365759925],[80.7869721564801,16.447159553166745],[80.78701872529783,16.448089259285666],[80.78705374926028,16.4486973771292],[80.78704132901758,16.449179279959814],[80.78704131652175,16.449190753849507],[80.78725414083814,16.450349626419975],[80.78726596146389,16.450418470288064],[80.78735969067657,16.45173797166248],[80.78726405135244,16.452173975083145],[80.78720449380536,16.452277237365173],[80.78720438140637,16.452380502342553],[80.78729826519856,16.4535278952271],[80.7873693899222,16.453757376137684],[80.78745239808354,16.45399833143464],[80.78785570797665,16.455053946383828],[80.78793871727203,16.455294901471913],[80.78810477378354,16.455742389890165],[80.78849625686716,16.456740633608643],[80.78859113875828,16.45700453665287],[80.7888996026993,16.457773298642067],[80.78917226955164,16.458645323778843],[80.7891959873595,16.45871416793135],[80.78951623250013,16.459563565259067],[80.78955189605848,16.459586514262348],[80.7895637797945,16.459597988555497],[80.78969453802793,16.45968978409543],[80.79012247716871,16.45998811913634],[80.79019381691214,16.460022543051938],[80.79022948063484,16.460045491940793],[80.79110938880369,16.460424155913937],[80.79118072888387,16.460458579495956],[80.79122830121013,16.460470054656792],[80.7920015910141,16.460401230661756],[80.79216814922448,16.46038976056158],[80.7921800453672,16.460389760826583],[80.79222764213804,16.46037828799854],[80.7927036704041,16.460206189710437],[80.79346513655626,16.459942304054433],[80.793536525377,16.459930831307943],[80.79466698191551,16.45962105119712],[80.79472647445586,16.45960957791948],[80.79551182097406,16.45941452830135],[80.79559512957653,16.45938010715434],[80.79644011039774,16.459035575141446],[80.79664240316775,16.458978205986135],[80.79666620722504,16.458966732119485],[80.79676137569783,16.458966732169955],[80.79679706387523,16.458966732177743],[80.79748721366134,16.45879462283285],[80.7979155782126,16.458691356053063],[80.79793937029886,16.458691355927517],[80.79839153830483,16.458576614152584],[80.7996289966924,16.45831270178413],[80.79970039633747,16.458289753036453],[80.79999785554287,16.458232379287477],[80.80000975155943,16.45823237910653],[80.80017630752285,16.458220902613057],[80.8003071754221,16.458209426584578],[80.80039048268443,16.458175003512203],[80.80112829236916,16.45792256404822],[80.80193752258036,16.4576242246607],[80.80284190648037,16.45733735328574],[80.80353205692342,16.45715374999313],[80.80382954787608,16.457061949089027],[80.80411488964589,16.457222573827114],[80.80413867006422,16.457234046889006],[80.8041624274939,16.457268467734558],[80.8042928924612,16.457658575462734],[80.80472000154053,16.45880594898125],[80.80480303327784,16.459046897554163],[80.80515894274687,16.460022483150123],[80.80537238745949,16.46071090797332],[80.80538423792484,16.46075680304973],[80.80534852654569,16.460779752281105],[80.8053603770094,16.46082564735854],[80.80624093311383,16.46058465803719],[80.80625282927791,16.4605846575034],[80.80640754760843,16.460515807155982],[80.80700261623083,16.46025187965486],[80.8072049525556,16.460148604721475],[80.80738355294578,16.459987961326384],[80.80740736781652,16.4599650123428],[80.80772889059892,16.459632253002738],[80.8084673153508,16.45874840479899],[80.80902705766965,16.458105834853765],[80.8091342338427,16.457991089630664],[80.80913424504666,16.457979615734914],[80.809158059466,16.45795666654323],[80.80916995547173,16.45795666584214],[80.80914625308593,16.45786487607694],[80.80914626428908,16.457853402181044],[80.8091225059039,16.457818981892274],[80.80907502278035,16.45771571961863],[80.80905128684152,16.457658351529563],[80.80903944690048,16.457600982743735],[80.80901571098573,16.457543614650273],[80.80965882015754,16.45679777294296],[80.80963510650218,16.456717457119453],[80.80945734975887,16.456017560211038],[80.8093862541236,16.45573071705712],[80.80970897264207,16.45415877327701],[80.80972094658351,16.454078455239646],[80.80987628334273,16.45336706376921],[80.81017457878009,16.45243765888508],[80.81021043284001,16.452265548056747],[80.8102223841789,16.4522081777785],[80.81024624229758,16.452139332830427],[80.81029404753535,16.451909851699348],[80.8103059876961,16.451863955317137],[80.81033007945398,16.45155415838417],[80.81039011380209,16.450980459322405],[80.81042603412753,16.45073950500159],[80.81042607861878,16.450693609383354],[80.81058178782496,16.449592104313197],[80.81058182116348,16.449557682595472],[80.81064162080446,16.44922493537419],[80.81067752936598,16.44899545487002],[80.81089261282169,16.4479972105577],[80.8109165478175,16.447848048142113],[80.81101218795725,16.447354344885888],[80.81120344398238,16.446390523416962],[80.81123929596737,16.44621841229261],[80.81137064205429,16.445702077195055],[80.81150187687548,16.445300481095202],[80.8116211827917,16.44493330747649],[80.81168090184781,16.44468087716343],[80.81176459872447,16.444233452345333],[80.81200377006323,16.44291390314902],[80.81201576436862,16.44281063704917],[80.81239641808543,16.44279913486893],[80.81246806351898,16.442512281624186],[80.81248000257096,16.44246638506587],[80.8124919306217,16.4424319624216],[80.81250386966298,16.442386065861463],[80.81257554778261,16.442064758947314],[80.81259946972902,16.441927070150204],[80.812790657441,16.441020616183632],[80.81291015572383,16.440446879246657],[80.81294596118971,16.44032066337681],[80.81317303842285,16.43919616977537],[80.81332840494402,16.438427373015745],[80.81335232588707,16.438289684075077],[80.81338818535683,16.43810609849553],[80.81338824005597,16.438048728893914],[80.81341211715434,16.437956935622537],[80.81343603797728,16.43781924666496],[80.81347193008112,16.437601239298562],[80.81351977154583,16.43732582948181],[80.81354371407102,16.4371651926593],[80.81354372500107,16.437153718737875],[80.81359227648792,16.4361325039495],[80.81362843026595,16.43563912236456],[80.81370098840009,16.434388426967363],[80.81371294848205,16.434319582446065],[80.8137249740594,16.434181894374973],[80.81380868341587,16.433711424733062],[80.81383260340728,16.433573735666467],[80.81384455248013,16.43351636505695],[80.81384501068537,16.43303446017052],[80.81386881057499,16.43302298427831],[80.81398818064191,16.432575459402713],[80.81436965194783,16.431680461011247],[80.81457224365538,16.430923132569582],[80.8147511910037,16.43036086271105],[80.81469192565898,16.43014286321481],[80.81468008563567,16.43008549459731],[80.81453797328534,16.429431492907938],[80.81439613791761,16.42883482884666],[80.81433677551598,16.42872009460828],[80.81381449846687,16.427595661371583],[80.81376699819894,16.427515347777856],[80.81371949796977,16.42743503417317],[80.8136838482647,16.42740061530989],[80.8136600272198,16.427435039058448],[80.81361251613487,16.427366199361767],[80.81360063290893,16.427354726401987],[80.81345811080287,16.4271367333064],[80.81327998325641,16.426838393578905],[80.81306619583535,16.426517140533875],[80.81293562380007,16.426241776471223],[80.81269818116654,16.42578280584417],[80.81263883164834,16.425656597178733],[80.81224725210186,16.424692816699064],[80.81219979720422,16.424566575133365],[80.81215207823776,16.424715771722116],[80.81214018425412,16.424715772613425],[80.80997515656293,16.42504866765187],[80.80996326256043,16.425048668419635],[80.80983279615549,16.424670005179347],[80.80964297193424,16.42417663814937],[80.8096074016046,16.424061901065283],[80.80957182016222,16.423958637907578],[80.80954808806608,16.42390126973201],[80.80954811037634,16.42387832186547],[80.80951252899769,16.423775058696588],[80.80926347158609,16.42304071052226],[80.80922789050565,16.422937447300107],[80.80921603015373,16.422903026224574],[80.8086806154503,16.423098115105855],[80.80801437809663,16.42328173595448],[80.80750407939635,16.4221228645084],[80.80748035940108,16.422054022163994],[80.8074685106854,16.422008127056774],[80.80714794237434,16.421434447067956],[80.80710046892277,16.421331184094466],[80.80658935380112,16.421009907569964],[80.80647054092279,16.420883700046957],[80.80579359819794,16.419873993458207],[80.80542546365332,16.419300312947847],[80.8050454605035,16.41870365253359],[80.8047367181904,16.418210285878068],[80.80439235406276,16.417659518580532],[80.80428572464419,16.417246460941374],[80.80426199489686,16.417189092157038],[80.80389446689023,16.41601873228652],[80.80381146543326,16.415766305451605],[80.8037166052477,16.415479450810516],[80.80368091350456,16.415490926005464],[80.80351434814462,16.415548304667578],[80.80316932371144,16.41566305879332],[80.80308603513485,16.415697483311448],[80.80277677133104,16.41573191488046],[80.80220567818841,16.41593846893615],[80.80180115026266,16.41608764107799]]]}},
{"type":"Feature","properties":{"Village":"Konathanapadu"},"geometry":{"type":"Polygon","coordinates":[[[80.7878379836801,16.424031896786836],[80.7878665095141,16.423967662530444],[80.7878760181452,16.423949312409118],[80.78796159585806,16.42379792438339],[80.78798536765927,16.423784192701838],[80.78835620769824,16.42360579530805],[80.78847030722991,16.423096288047237],[80.78872704167439,16.42298655746008],[80.78875556768722,16.422972834503504],[80.78927854374743,16.42271204961543],[80.78947347085256,16.42261597950527],[80.78971594129678,16.42251999714198],[80.78974922152581,16.422506270085286],[80.7901818636333,16.42230502393694],[80.79053843616208,16.42214037210954],[80.79079992245228,16.422026043018903],[80.79094255160524,16.42198038651279],[80.79147027878051,16.42180686463981],[80.79209784573679,16.421624341056862],[80.79231178870286,16.42156043412025],[80.79269213169808,16.42145551760519],[80.7927682080681,16.421671491598055],[80.79285378529974,16.42164868884815],[80.79334823112524,16.42151641596609],[80.79432272483481,16.421228906134562],[80.79530210760004,16.42106077861708],[80.79565867957213,16.42102010068029],[80.7958060618813,16.420988225356023],[80.79636231115478,16.420874438383468],[80.79646690417785,16.4208378928622],[80.79699462377813,16.420668948947966],[80.79705642854866,16.42064608857969],[80.79825448715002,16.420198247577304],[80.79824497742894,16.42017984981601],[80.79827350265924,16.420170717502675],[80.79823070752873,16.42006502521562],[80.79815938166993,16.419876626177324],[80.79781702181495,16.419012694102022],[80.79761255387525,16.418419949210907],[80.79754123448481,16.41832338900184],[80.79738908558942,16.418098094850713],[80.79735105134617,16.418093433953494],[80.79663787500296,16.417352810063644],[80.79639063794735,16.417021740316482],[80.79630505606502,16.416906773199525],[80.79630505582915,16.416902181246485],[80.79628603471744,16.41681949152331],[80.79612910986759,16.416112032724744],[80.79611009353364,16.41612118204814],[80.79572026141116,16.416373030136068],[80.7950832045298,16.416518824658652],[80.79437008027932,16.416687425288725],[80.79340035617989,16.416772898529324],[80.79330527222255,16.416781908261502],[80.79321494165492,16.41676796690095],[80.79306756021428,16.416744737024054],[80.79263017481145,16.41681281406403],[80.79236869513306,16.416881213307207],[80.79147490903249,16.417127548139327],[80.7914701549324,16.4171321313397],[80.79138457964889,16.417159525508012],[80.7908330941734,16.417346779412327],[80.79021504887541,16.417556881456743],[80.78947339255073,16.417794291934435],[80.78939257087225,16.417817102128687],[80.7888030484055,16.418054804466447],[80.78810417695342,16.418310669916227],[80.78807089732956,16.418324383969246],[80.7874623546598,16.418548258574898],[80.78742432069562,16.418561963681636],[80.78654478381904,16.41888636700458],[80.78636412183498,16.41895490936295],[80.78575557537856,16.41915122726841],[80.78569852408711,16.419169488482304],[80.78569376981696,16.41916947959969],[80.78575557539094,16.419146635319194],[80.78572705000805,16.419063926943704],[80.78524212251237,16.417584374449646],[80.78501867771134,16.41694107065483],[80.78490933320873,16.416582681131526],[80.78485710426938,16.416398892591904],[80.78483333322347,16.416403440036667],[80.78481431637923,16.416407996380563],[80.78481907038059,16.416435569738553],[80.78466693553776,16.416476612380485],[80.78461939337939,16.416490299173937],[80.78450529209894,16.416531412943932],[80.78373987515403,16.416768758642405],[80.78312659205272,16.416960480925212],[80.78296494764174,16.417024464189524],[80.7827510063103,16.417111308645175],[80.78245625302394,16.417363323602007],[80.78213772032875,16.417344342795435],[80.78211394920575,16.417344297980925],[80.7820473927307,16.41722018986333],[80.77957046180529,16.417840035218454],[80.77923290760283,16.417935825370467],[80.77899996076161,16.417999670136517],[80.77894766344036,16.41801793854881],[80.77808714830978,16.41827804247549],[80.77804435951677,16.4182917495774],[80.77729319109213,16.418524506783694],[80.7769651438008,16.418606535560844],[80.77652773760987,16.418904189032077],[80.77623772394837,16.419234267268575],[80.77622821446721,16.419252616860724],[80.77616640303326,16.41936729725147],[80.7761616485239,16.41937188009941],[80.77584307454993,16.420078442718832],[80.77588110690546,16.42011525113075],[80.77599044952284,16.42023027192425],[80.77597618591817,16.420244020453715],[80.77518219620775,16.420876200028534],[80.77513940533852,16.42091285349738],[80.77432638673442,16.42164602878169],[80.77438343192932,16.421756345139244],[80.77471619465538,16.4224366052215],[80.77474945779238,16.422505561043305],[80.77475421105324,16.422523937953088],[80.77491583289326,16.422969679732507],[80.7750441828243,16.423277586420078],[80.77524383912228,16.423755544537983],[80.77533891402327,16.423980744948967],[80.77531038590844,16.424012833844767],[80.77560036297402,16.424748113715452],[80.77562887819579,16.424711432814007],[80.7756336320938,16.42472062581393],[80.77573821422138,16.42499176369707],[80.77573345956365,16.42499634653105],[80.77573345931421,16.425000938474852],[80.7756954217931,16.425042193086362],[80.77537211090458,16.42547322878364],[80.77538161664985,16.42552835034168],[80.77541965124853,16.425542199112794],[80.77543391425652,16.425546818407263],[80.77630864873657,16.42682962077035],[80.77634192802279,16.426866419994997],[80.77660339416923,16.427179299813584],[80.77673651207462,16.427321904551473],[80.77698848571261,16.4275933107],[80.77734504986606,16.428053185869448],[80.7774353667906,16.428163564867205],[80.77744487534207,16.428172766897408],[80.77777766224185,16.4287887220249],[80.7777824163381,16.428797914975057],[80.77818651478624,16.429611458933227],[80.77856683858579,16.430227503312178],[80.77856683840126,16.430232095254517],[80.778628643533,16.430328643649126],[80.77864290660177,16.430342446613306],[80.77890916592891,16.430209786666925],[80.7789614672298,16.43017315055527],[80.77897097700067,16.430154800861736],[80.77898999548954,16.43014565312826],[80.779275270478,16.429705368671865],[80.77968893603348,16.42906787388586],[80.7801406157331,16.428614128022012],[80.78044491213338,16.42833459595253],[80.78047819454504,16.428302515373048],[80.78073494460952,16.42804126060013],[80.78153845543234,16.427390723529232],[80.78189503117214,16.427226086631837],[80.78249409922049,16.42695169943402],[80.78319775086209,16.426645236039526],[80.78375401133238,16.426430459978786],[80.78451471234443,16.42613341068986],[80.78466210047677,16.426073991594],[80.78469538165824,16.426060278109716],[80.78469538161889,16.426064870055615],[80.78552734356329,16.42574042438284],[80.78555111576979,16.425726692984234],[80.7861168932457,16.425447641130365],[80.78613591094792,16.42543849273589],[80.78695842487453,16.425040514269735],[80.78704400410403,16.424980978343914],[80.78707253050793,16.424962663676357],[80.78727221514328,16.424825264242568],[80.78757174160116,16.424623775806683],[80.78765256520548,16.42443565625716],[80.78766682824725,16.42441272303894],[80.7878379836801,16.424031896786836]]]}},
{"type":"Feature","properties":{"Village":"Kunderu"},"geometry":{"type":"Polygon","coordinates":[[[80.83882018122615,16.40668631638533],[80.83881166652266,16.40668630797929],[80.83842850718521,16.40672701841211],[80.83841999016678,16.406685920928687],[80.8376110946581,16.406709772710585],[80.83663189868757,16.40660196656878],[80.83652972153467,16.406585428986684],[80.83655526332224,16.406536147610716],[80.83657229040303,16.40648685773461],[80.83450320917719,16.406188918785027],[80.83443509144189,16.406180632318208],[80.83436697517641,16.406213434885213],[80.83434994639853,16.4062298533346],[80.8340945104504,16.406361080551232],[80.83301315816799,16.40681198832116],[80.83281732196878,16.40688574977311],[80.83276623371167,16.406885697871974],[80.83142942403259,16.406867899759057],[80.83048428601268,16.406521783347117],[80.830475772613,16.406603952697164],[80.83045874309198,16.406595717399313],[80.83045022711386,16.40651353056083],[80.82976053377398,16.406241610559423],[80.82962429804881,16.406167509867533],[80.82898569669383,16.40609289024792],[80.82852590419755,16.40606776089812],[80.82798947966732,16.406001461913636],[80.82751265816412,16.40591878799987],[80.82670376537435,16.405811112884212],[80.82658456020181,16.40579455268388],[80.82655901594586,16.40586026844579],[80.82642278102873,16.40592586843128],[80.82569051658253,16.406303120241272],[80.82539250098816,16.40647540399622],[80.82512002924595,16.406623037956212],[80.82465183642908,16.406827989882167],[80.82450708550299,16.406893579626963],[80.8243793640252,16.406950969446903],[80.82435381989968,16.406950942472182],[80.82349385719594,16.40699112156781],[80.82347682777626,16.40699110351322],[80.82247210506851,16.406472314070477],[80.82151851930155,16.405287886541185],[80.82151000491315,16.405279659628],[80.82150148904466,16.40532073955492],[80.8214929744084,16.405320730447787],[80.82101616146312,16.40511477473286],[80.820437199515,16.404859401353818],[80.81985821386229,16.404645092568913],[80.81962832275019,16.404562666700688],[80.81927924532873,16.404619814597634],[80.81919409859505,16.404636158226147],[80.81877687535658,16.404808303759452],[80.81782321991645,16.40519350613407],[80.81772955656771,16.4052427111294],[80.81686958088275,16.40564446941903],[80.81674186116157,16.40564432995896],[80.81653750869926,16.405660542270162],[80.81493676960325,16.405798488918098],[80.81475796505332,16.40574898518535],[80.81477499065136,16.40580652856998],[80.81477499012202,16.40581474637347],[80.81492821833741,16.406373725778824],[80.8150729337414,16.406916282905513],[80.81508144689299,16.406940945681697],[80.81508995953004,16.406973826260224],[80.81504737822783,16.40709704645852],[80.81503886196087,16.407121690496908],[80.81533683836908,16.40774659403543],[80.81540493561957,16.4080836216008],[80.81553263248698,16.408486434181967],[80.81576249607919,16.40907839105309],[80.81577100891994,16.409111271599468],[80.81586462025658,16.40998248406524],[80.81592420961833,16.41022908343746],[80.81596676892998,16.41048388192267],[80.81592416176798,16.411042668486484],[80.81592415886684,16.411091975285785],[80.8159241583833,16.411100193085645],[80.81591564107885,16.4111412727492],[80.81591564059494,16.411149490549022],[80.8159071247393,16.411165916812635],[80.8158986069436,16.411215214274936],[80.81587305838785,16.411280928661505],[80.8156090475061,16.412094223984116],[80.81544723110386,16.412628226037768],[80.815404614331,16.413310279331895],[80.81537902827166,16.41397591569377],[80.8153790023713,16.41439502335172],[80.8153619122651,16.4153647274667],[80.81535338088847,16.41562771041136],[80.81534482857028,16.416227600146883],[80.81531927864523,16.416301532221794],[80.81526817719428,16.41647407257353],[80.81499563563192,16.4173777530025],[80.81488491896789,16.417681689479412],[80.81482530211731,16.417845979691116],[80.81438244935433,16.419143948349866],[80.81424617492739,16.419595776478612],[80.81409286648918,16.420088697453973],[80.81387993469684,16.420803432707217],[80.81386290006226,16.420860938400835],[80.81384587002029,16.420852701762104],[80.81371811309914,16.42123879654624],[80.81371811251825,16.421247014337226],[80.81373511821646,16.421600421029105],[80.8138628362535,16.4217731360279],[80.81378619233547,16.421855229105766],[80.81373509848272,16.421879825909635],[80.81374361267545,16.421896270919436],[80.81318156069499,16.42242160926603],[80.8129772012299,16.422610391514976],[80.81273018902041,16.42348122550504],[80.81258540354928,16.42378512263646],[80.81255985282806,16.42384261872481],[80.81253430335538,16.423883679232784],[80.81250875387015,16.42392476256457],[80.81240654499334,16.424228706947435],[80.81225322946351,16.424705167874926],[80.81223619851309,16.424705148893537],[80.81262783621345,16.42567523837792],[80.81268743606901,16.42579035371701],[80.81292583557078,16.4262590326855],[80.8130620404502,16.426530370995554],[80.81326638966074,16.426859537629817],[80.81344519520047,16.427155576317368],[80.81359846037977,16.427369408679215],[80.81360697538327,16.427377635902175],[80.81365806424667,16.427443434804903],[80.81368361337306,16.427410591962584],[80.81370915723355,16.42745170919239],[80.81376024498661,16.427533943642537],[80.81380281717963,16.427616168651415],[80.81433070862084,16.42873437144657],[80.81439030984063,16.42885770407392],[80.81453503694553,16.429441326664314],[80.81467122008424,16.430107117555842],[80.81467973198363,16.43016465144152],[80.81474784306829,16.430386606763424],[80.81456899970529,16.430937001015398],[80.81436457038662,16.431692811407604],[80.8139812970249,16.43259634378953],[80.81386204363565,16.433048189832718],[80.81384501137582,16.433056388756203],[80.8138449776678,16.433533020090337],[80.81383645715403,16.433598752911692],[80.81381090023949,16.433730209120927],[80.8137342234216,16.434206755526926],[80.81370866635443,16.43433821171459],[80.81459429475318,16.434708991294595],[80.81498599345011,16.43485734335291],[80.81545435767566,16.435038650133546],[80.8156417060429,16.435071727205912],[80.81574389417149,16.435121146157215],[80.81605045885615,16.43526963098597],[80.8162718428501,16.43538492264428],[80.8166295022024,16.43556610547066],[80.81748960335494,16.435756053758954],[80.81796646810206,16.43586340418678],[80.81806014370707,16.435863506064326],[80.81840929784929,16.43587210320286],[80.81895431996439,16.435864476426975],[80.81901393208167,16.435856323200504],[80.81974628471168,16.43577493707952],[80.81978886451711,16.435774983031312],[80.82050420586941,16.435759318164468],[80.82081078161706,16.43572677658622],[80.8214153934717,16.43565346515099],[80.82149203734178,16.43564532946483],[80.82222441212522,16.43555571691678],[80.82265018759406,16.435498646502015],[80.82359546052771,16.43538460252671],[80.8243022625324,16.435262084436147],[80.82543476670732,16.43506582395395],[80.82584353079211,16.43514021370566],[80.82584353179952,16.435033382497412],[80.82584353280632,16.43492655128809],[80.82584353396726,16.434803284506735],[80.8259372093255,16.434778729506203],[80.82595424123937,16.434770529599064],[80.82598830313755,16.43497600998858],[80.82602236566515,16.43511574808705],[80.82660145018814,16.434951999239754],[80.82678880087862,16.434894670734355],[80.82727420903083,16.43472260425296],[80.82875597647221,16.434272166778918],[80.82884965127185,16.434255828258205],[80.82959053282367,16.43408402085242],[80.8298715566155,16.43402678625358],[80.83056985738807,16.433879584832283],[80.83154917962143,16.43365870864146],[80.83211122435057,16.433527798215035],[80.83232411990024,16.433478708584776],[80.83269881550831,16.433380476691422],[80.83279248935244,16.43335591861286],[80.83362703680454,16.43312666759538],[80.83434235941172,16.43286442174107],[80.83439345643811,16.43292199785321],[80.83438493579082,16.432782286821375],[80.83437641741304,16.432708318111363],[80.83433380905338,16.43185362488456],[80.83433380849169,16.431837189302314],[80.83431674129605,16.430793512582078],[80.83431673961266,16.430744205830337],[80.83431671490915,16.430021040111544],[80.83433369842518,16.428624032480073],[80.83433369814301,16.428615814686424],[80.83433369701436,16.42858294351179],[80.83434221097357,16.42853364534578],[80.83438478155684,16.42831180788824],[80.83448695713993,16.427966763641944],[80.83455507165722,16.427670991753097],[80.83472536780376,16.427227402509583],[80.83492120465999,16.42664390802591],[80.83492971869015,16.426602827620314],[80.83493823425867,16.426602836191506],[80.83496377632184,16.4264795949704],[80.83504891911385,16.42614275102799],[80.83542357725318,16.425493921709524],[80.83544060598429,16.425436414234916],[80.83583227856563,16.424458934979555],[80.83630910335647,16.42352256053673],[80.8363601933806,16.423465087026827],[80.83636019301116,16.42345686922838],[80.83643681438161,16.423070686460687],[80.83693914859727,16.421501565334815],[80.83744155326245,16.421485629917086],[80.83865924602941,16.421453966033553],[80.8387614301811,16.421454067025824],[80.83881252036277,16.42142122347232],[80.83886360957779,16.421371967131346],[80.83904242404283,16.4212406588424],[80.83942559922963,16.42099450256152],[80.83958738385141,16.420887830428146],[80.83963847374893,16.42085500949661],[80.83974916881023,16.420789375969292],[80.83997055662208,16.42062523752844],[80.84017491504773,16.42048571271591],[80.84037903610874,16.420337992493042],[80.84043012031388,16.420222993340186],[80.84052377653363,16.420042293466164],[80.84059188784403,16.41987800413561],[80.84060037841266,16.41950818851388],[80.84062590604016,16.419237026021804],[80.84063441027628,16.419072678291165],[80.84065143524786,16.418990516929647],[80.84065994717477,16.41894119561728],[80.84065994551916,16.41891654220652],[80.84065142752519,16.41887544485232],[80.84060884750411,16.418817878540978],[80.8405918148438,16.41878499064959],[80.84057478218918,16.418752102756773],[80.84054922719733,16.418612375073547],[80.84051513736716,16.418176798100045],[80.84045549886025,16.417691866420384],[80.8404554977727,16.41767543081142],[80.8404469728084,16.417527501985663],[80.84043844676957,16.41736313754816],[80.84043843916318,16.41724806545414],[80.84060873087823,16.417075658368],[80.84080456550444,16.41687040490704],[80.84098337114148,16.41668978802891],[80.84112811763853,16.41653379114786],[80.8411877183937,16.41645988910104],[80.84123029231009,16.416435254420605],[80.84139207275102,16.41633679861484],[80.84147721929737,16.416271139203424],[80.84163047664346,16.4160658434285],[80.84180075846568,16.415786603854954],[80.84192846860043,16.415564824539313],[80.8421583446334,16.415145939909397],[80.84237119206645,16.414759886875984],[80.8424137617029,16.414685967929305],[80.8426351231638,16.414299945693056],[80.8426691762901,16.41420958281935],[80.84267766514135,16.4138726381111],[80.84271167656193,16.41324811766967],[80.84271167464115,16.413223464243327],[80.84272018322424,16.4131412944056],[80.84272868346426,16.41295227022306],[80.84276271124537,16.4125414127609],[80.84276269517757,16.41233596752544],[80.84276269067823,16.412278442858796],[80.84273713684715,16.41216334595118],[80.84262641008746,16.4117441303849],[80.84259233830578,16.411587958978654],[80.84254975230006,16.4114399971188],[80.84248160901213,16.4111276314398],[80.84247308843423,16.41105366288714],[80.84243901940903,16.410930362689868],[80.8423623590855,16.41058511745642],[80.84231977346515,16.410437155539263],[80.84229422948466,16.410445348552038],[80.8422857127458,16.4104206868529],[80.84228571087539,16.410396033420405],[80.84227719476283,16.41037958953169],[80.84214944521254,16.410026099614416],[80.8420472504422,16.40980411942221],[80.84203873437505,16.409787675523297],[80.84200467134285,16.40973831271934],[80.8419961558937,16.40973008662992],[80.841953577439,16.409672520555077],[80.84147670658835,16.40911324516121],[80.84116162688476,16.40866093539053],[80.84096576338605,16.40832381384334],[80.84070178693314,16.40805234514843],[80.84064218136571,16.408019415580586],[80.84022517786498,16.40776425492988],[80.83927149191001,16.40720448359467],[80.83921188486086,16.407138682373922],[80.83921188436513,16.407130464561657],[80.83882869592964,16.40668632479102],[80.83882018122615,16.40668631638533]]]}},
{"type":"Feature","properties":{"Village":"Madduru"},"geometry":{"type":"Polygon","coordinates":[[[80.71193797259045,16.412475060114737],[80.71202090358459,16.412555172111755],[80.71226949560193,16.412978326764474],[80.71226948301604,16.41298975294282],[80.71257727527554,16.413504408532404],[80.71307462816785,16.41420217591653],[80.71348891428414,16.414945518692775],[80.71351262184092,16.414956981487965],[80.71399802172746,16.415746137808135],[80.71434124550902,16.416375107378745],[80.71461350533643,16.41685542666753],[80.71556050742086,16.418525106118626],[80.71580906498727,16.418993961284123],[80.71563104916653,16.41909652404849],[80.71615193738448,16.41998856552459],[80.71632984667727,16.41995455933417],[80.7171230124111,16.421326915115607],[80.71767924911191,16.42244753061319],[80.71767923683201,16.422458956786542],[80.71862601382634,16.4243574631465],[80.71860209695349,16.424540245841705],[80.71861393312163,16.424563116215204],[80.71891058304904,16.424437878840955],[80.71933776023653,16.424255708085035],[80.71951574238359,16.42418742079115],[80.71964628201388,16.424119061467405],[80.71974122760899,16.424062074342082],[80.72041749259444,16.42370888560645],[80.72048870451015,16.423663288454765],[80.72107027161702,16.42328678466641],[80.72133137265443,16.423127211603667],[80.72166369669222,16.42291061446883],[80.72178237421086,16.422842235928357],[80.72217403587716,16.422591448666186],[80.72266065242894,16.42227224599231],[80.72333715442606,16.421839064608683],[80.72351518077272,16.421725069134915],[80.72416794624691,16.42130327567523],[80.72419167901022,16.421291884917995],[80.72486811497954,16.42091582936787],[80.72495118526197,16.42087024833145],[80.72571078273874,16.420357199465396],[80.72606684158717,16.420117778038968],[80.72623298088659,16.420026614958477],[80.72585395684962,16.419534725671735],[80.72599638689373,16.419432101350413],[80.72651860559603,16.4190786636888],[80.72687467286472,16.418827814627566],[80.72730192427467,16.418554217779388],[80.72790721842954,16.418143768338176],[80.72797843826764,16.41808674237729],[80.72797847328924,16.418052463813588],[80.72795513808686,16.417675364616244],[80.72814532143764,16.417264301661394],[80.72824027291763,16.417195884378906],[80.72840645532038,16.417059014743717],[80.72922510933168,16.416763137578066],[80.72946217354932,16.416900600186345],[80.72977048015694,16.416958183560336],[80.73005530917581,16.4167757817201],[80.73022145534601,16.41667318919364],[80.7301859556771,16.416593153750863],[80.73031652118308,16.41649050903638],[80.7308269102135,16.41609133819781],[80.73155095090388,16.41552108450142],[80.73164591181914,16.415441239443577],[80.73235801919151,16.41493952274649],[80.73316507133657,16.414369383984482],[80.73323627691634,16.414323782374034],[80.73329562244739,16.414278163548413],[80.7328099425854,16.41369472213102],[80.73251387646205,16.413260095993234],[80.73237173962313,16.41307706998159],[80.73256166971595,16.412905952799377],[80.73291771804293,16.41265509306431],[80.7329414492557,16.412643701285734],[80.73338061810942,16.412290125400467],[80.733653611103,16.412073422666914],[80.73497103800156,16.411080927332275],[80.73475811344998,16.410520735645452],[80.73471076447842,16.41042925760219],[80.73535163101783,16.409984558499072],[80.73545844744064,16.40990472868407],[80.7359687863967,16.40952839710563],[80.73614681661832,16.40939153810697],[80.73644352193219,16.409174865633982],[80.7367639682276,16.408935437776954],[80.73740473634396,16.40858214186444],[80.7376657934745,16.408433973990878],[80.73834218152216,16.408035021135294],[80.73859138866659,16.407875377234696],[80.73918474465171,16.407487729583696],[80.73974248661075,16.407134308382375],[80.73999166952737,16.4069975469358],[80.73992057783583,16.406928888820765],[80.73989692448492,16.406860297933505],[80.73988508684779,16.406837428699752],[80.73939946023096,16.406196839289375],[80.7392691924304,16.406002408429003],[80.73919814537985,16.405888045226558],[80.73911523890544,16.40577366514567],[80.73910340142403,16.405750795867792],[80.73909156394535,16.405727926589226],[80.73876002742855,16.405178964469716],[80.73871266679146,16.405098913485187],[80.73870082939699,16.40507604418443],[80.73848766838566,16.404755806351194],[80.73827459657277,16.4043441268653],[80.73817988719523,16.404172598453318],[80.7380970041715,16.40403536554645],[80.73796675015822,16.403829507665847],[80.73796676123506,16.403818081453345],[80.73793124954844,16.403749473421804],[80.73765899413247,16.403223446571676],[80.7376471680668,16.40318915099802],[80.73764717916166,16.403177724785113],[80.73748147032411,16.40284612745008],[80.73739858834104,16.40270889426575],[80.73736308816095,16.402628859923546],[80.73720923955163,16.402297279320543],[80.7371855654477,16.402251540546832],[80.73685436310086,16.401371215196775],[80.73681885223718,16.401302606973463],[80.7365114383953,16.400353757719333],[80.7364877646834,16.400308018864393],[80.73652336451666,16.40028521742582],[80.73583676431349,16.39902731512308],[80.73582493881037,16.39899301944159],[80.73582495000748,16.398981593225763],[80.73576575535358,16.398878672102978],[80.73562370415866,16.39861563289794],[80.73526854967328,16.397986679350918],[80.73510282667017,16.39767793253347],[80.73509097889671,16.397666489242575],[80.73503181877531,16.39752925752226],[80.7347359291679,16.396934667096726],[80.73455842780713,16.396545919229617],[80.73445183261727,16.3964086506619],[80.73401367357278,16.395779543458442],[80.73396630580245,16.39571091761233],[80.7339189606751,16.39561943932012],[80.73380057542454,16.395413595978074],[80.73370585155763,16.395264917961317],[80.73362296407687,16.395139077753928],[80.73354006534387,16.39502469547147],[80.73349267526105,16.394978921955015],[80.73343346035382,16.394898852608456],[80.73338597964346,16.394944488812573],[80.73322022809367,16.39467001915815],[80.73213084726663,16.393034455083406],[80.73132567929432,16.39181064423643],[80.73099411884411,16.39133022712889],[80.73099414178668,16.39130737468943],[80.730532391381,16.390575421420024],[80.7304495193957,16.39043815374535],[80.72918270136397,16.38841382291988],[80.7288629870649,16.38795627230412],[80.72809335362645,16.38681248491003],[80.72780923102677,16.38634359059216],[80.72713433568791,16.38533705414615],[80.72623456420435,16.383918837955186],[80.72613985154602,16.383770156538063],[80.72493202072584,16.38212292163719],[80.72462418447107,16.38166541398451],[80.72417423149489,16.38103626872351],[80.72247651740459,16.382964829336018],[80.72166927746494,16.38380919125151],[80.71982928312055,16.385828893586353],[80.71782293009453,16.38800832486258],[80.71764484576663,16.388202299775543],[80.71568590299809,16.390358929210045],[80.71398813200688,16.39221885989934],[80.71389315050118,16.392321549622537],[80.71200532041794,16.394409694984294],[80.71105548744991,16.395459464850212],[80.71005809949159,16.39657771333509],[80.7096900098732,16.397022761556684],[80.7078376538679,16.399122348842713],[80.70777828151067,16.399190812901814],[80.70685215954103,16.400206321240372],[80.7067571704063,16.400309007540397],[80.70707632427329,16.401235064369452],[80.7078803431523,16.403350239340106],[80.70848273728043,16.40552219450315],[80.70958280138866,16.408094906085438],[80.70980756673346,16.40857515745864],[80.7100440733144,16.409192477822476],[80.71016204760086,16.40975254559729],[80.71061184199735,16.410541654228705],[80.71089679297164,16.410256442766407],[80.71095533211495,16.410942105793183],[80.71107370225837,16.411147961473834],[80.71193797259045,16.412475060114737]]]}},
{"type":"Feature","properties":{"Village":"Madhirapadu"},"geometry":{"type":"MultiPolygon","coordinates":[[[[80.85869100416359,16.46235006843375],[80.85874886785346,16.46231023314959],[80.85863728903963,16.4623819364718],[80.85869100416359,16.46235006843375]]],[[[80.8583423725347,16.46033825377828],[80.85835870200005,16.46039402550417],[80.85838316011304,16.460489634085036],[80.85841580703405,16.460605172258386],[80.85853405778477,16.461055340398477],[80.85857078130384,16.461186802236544],[80.85869639167825,16.461931772705086],[80.85872867823002,16.46216680968352],[80.85874886785346,16.46231023314959],[80.85870270418353,16.462573153925213],[80.85857734393663,16.46311096774928],[80.85854805101697,16.463250395285804],[80.85852476914843,16.464130806604263],[80.85852442018475,16.464246343913548],[80.85852835224242,16.464310082631346],[80.85848919750899,16.464983331896047],[80.85847210949903,16.46517854205072],[80.85843768068726,16.465652608201694],[80.85842476533684,16.465831872724944],[80.8584160708129,16.4659792791107],[80.85842789104646,16.466162527911692],[80.8584358393751,16.46626213075373],[80.85845198883801,16.466377657385937],[80.85845599311317,16.46641749411607],[80.85845598107916,16.466421477778777],[80.85845991315237,16.466485216484827],[80.8581795716115,16.46644138901255],[80.85810116719304,16.466457321589296],[80.85733357796596,16.466596727921736],[80.85727990968022,16.466612660938473],[80.85725912978718,16.466664458983274],[80.8572458635735,16.46695924961318],[80.85723719221969,16.467098688602437],[80.85723265757836,16.467234132988736],[80.85723210285514,16.467417381445237],[80.85721962040923,16.467453234021736],[80.85717409267716,16.467504998089677],[80.8570583253497,16.467596618689093],[80.85705006400549,16.46760060208957],[80.85690950044406,16.467708156466074],[80.85687120818767,16.46809457045496],[80.8568200828797,16.468632473811113],[80.85682005874382,16.46864044113413],[80.85683236032567,16.46866434350937],[80.85685286296871,16.468704180799765],[80.85722197226674,16.469401333362566],[80.85731230522633,16.46953678063729],[80.85784126949063,16.470564580800524],[80.85786592133555,16.470596450781443],[80.85808300124425,16.47110238171543],[80.85831659379156,16.47160034551391],[80.85833299639182,16.47163221522506],[80.85834119769396,16.471648150080135],[80.8583698902249,16.47170790573095],[80.85841116157506,16.471699939460592],[80.85841526223057,16.47170790688662],[80.8584315083913,16.471791564178638],[80.85893891082742,16.471767674429127],[80.85902555418676,16.471759709070145],[80.85936385406612,16.471735814425184],[80.85969388094338,16.471715902735085],[80.85978052425143,16.471707937063293],[80.86066634614501,16.472034612107354],[80.86074463219167,16.47206249886638],[80.86174593816854,16.472393154634396],[80.86193137213084,16.472452911230278],[80.86205091844336,16.472472830530883],[80.86262800241423,16.472580503884345],[80.86307734907282,16.47266416266384],[80.86327527732996,16.472684081498304],[80.86369999529269,16.47272790227503],[80.86456177033587,16.47282749218427],[80.86458651885069,16.472827492085187],[80.86474322372399,16.47283944237456],[80.86476384748774,16.47283944227433],[80.864776221746,16.47283944221322],[80.86480930310778,16.472811556415326],[80.86480112503845,16.472787654487675],[80.86528891669485,16.47242901122538],[80.86542533057695,16.472329418621506],[80.86630992536989,16.4716920236636],[80.8663139907252,16.47171194192449],[80.86655348615167,16.471624298258977],[80.8666238438828,16.47154462405112],[80.86668164937761,16.471524704931443],[80.867348432449,16.472002733938837],[80.86781772845893,16.472313450959152],[80.86831318270742,16.472150110550878],[80.8684458132319,16.47193498983653],[80.86846662619477,16.4718712507673],[80.86847914235904,16.471823446533918],[80.86851689191876,16.47161231155948],[80.86857565534663,16.471269715218817],[80.86856754784884,16.47122191145381],[80.8684411131168,16.47073989114082],[80.86855265768837,16.470680133652174],[80.86854855663832,16.47067216642092],[80.86916824350624,16.470341507175448],[80.86980859896245,16.469994910816805],[80.86982136252963,16.46986344955241],[80.86982165759483,16.46976385795745],[80.86983569577936,16.4692021609824],[80.86983430952728,16.46827784034928],[80.86984371541675,16.467887440990335],[80.86985737565257,16.46745324331467],[80.86998108285948,16.467425353986673],[80.86998109465831,16.46742137032193],[80.87022057139092,16.467337706042123],[80.8705133145433,16.467373549693445],[80.87046035443377,16.467150466198483],[80.87039927491108,16.466883551569733],[80.87030564667353,16.466465258687535],[80.87022825781395,16.466134605871183],[80.86998218516156,16.465660546219897],[80.86979775488471,16.465302010764386],[80.86965010769262,16.465019163732805],[80.86953939321616,16.464800065272257],[80.86952707850344,16.464780147290252],[80.86945392246902,16.46441364104163],[80.86937646498016,16.464106889857447],[80.86933975725304,16.463967462559665],[80.86921328976476,16.46349738233212],[80.8692071553751,16.462784284167544],[80.86920323166719,16.46271656194872],[80.86918485369694,16.461959643725418],[80.86918103633677,16.461856068500854],[80.86905564588476,16.46102346334054],[80.86901516899628,16.460764514979967],[80.8689585133336,16.460398008011698],[80.86893428641285,16.460222727280716],[80.86873416102206,16.459557437716057],[80.86871782865275,16.459501666772564],[80.86870147264621,16.459453863162594],[80.86866460071681,16.459370207040134],[80.86840661644648,16.458744755180376],[80.86839024874895,16.458700935211407],[80.86795611094388,16.45767312520349],[80.8679520220257,16.457661174284805],[80.86793551245806,16.457665158293697],[80.86791074218586,16.457673126138594],[80.86783643135723,16.457697029655595],[80.86709745834052,16.45793209069566],[80.86709333390264,16.45793209076414],[80.86567776036293,16.458230895584485],[80.86554159427443,16.458250815214424],[80.86552920905356,16.458254798994922],[80.8654136651583,16.45827471835244],[80.86536002359269,16.45828268613936],[80.8651454453919,16.458318540816585],[80.86445626994151,16.458450005713924],[80.86444800913483,16.45845398941369],[80.86403945037209,16.458533663967252],[80.86402708894015,16.458529680324716],[80.8640271366139,16.458513745657136],[80.8639817557478,16.45851772940714],[80.86276047666834,16.45866513468529],[80.86242635767633,16.458697002378315],[80.86211279160757,16.45873285335326],[80.86146916080006,16.45880853739011],[80.86143644049756,16.45871691272449],[80.86120668019011,16.458318532492495],[80.86119027821998,16.458286662970913],[80.86118206526045,16.458274711876],[80.86105417155339,16.458286661349565],[80.86077776186974,16.45831055978358],[80.85966799694002,16.458414117123],[80.85964738671333,16.458410133067115],[80.85949895467195,16.458394195536222],[80.85941645373055,16.458398177564042],[80.85887189396871,16.45844596992815],[80.85878525652174,16.45845393527952],[80.85798905693831,16.458517654053786],[80.85798079599883,16.45852163749757],[80.8579848361218,16.45854953433348],[80.85800510916911,16.458665061188864],[80.85802125778552,16.458780587931006],[80.85804147067373,16.458916033108054],[80.85813869991877,16.459497672998516],[80.85814272807802,16.45952954242864],[80.85814685254824,16.459529542536572],[80.85815500518034,16.45956141207424],[80.85819563593137,16.4597645911395],[80.85825268103997,16.459991661542414],[80.8583423725347,16.46033825377828]]]]}},
{"type":"Feature","properties":{"Village":"Manikonda"},"geometry":{"type":"Polygon","coordinates":[[[80.81604148899007,16.435289141015378],[80.81573993381203,16.43514348125125],[80.81563223563121,16.43509147012043],[80.815449078196,16.435060253669658],[80.81498591904094,16.434883406903904],[80.81459819836786,16.434727366609525],[80.81370422557737,16.434363270791142],[80.81369335880201,16.434436073115748],[80.81362714827114,16.4356841526648],[80.8135942109828,16.436172971817662],[80.81353904742996,16.43720264225854],[80.81353903447953,16.437213042727546],[80.81351727451786,16.437379477142358],[80.81347383227585,16.43764988536482],[80.81343045469283,16.437868291228817],[80.81340873346932,16.43800349532575],[80.81339784044965,16.43809709854272],[80.81338699925561,16.43814909988636],[80.8133544367551,16.438336305315385],[80.81333271538747,16.43847153828753],[80.81317010923958,16.43924115779916],[80.81294238827552,16.440374816190904],[80.81290990287177,16.440499618711097],[80.81279065939904,16.441061261430434],[80.81259556688718,16.44197651255819],[80.81257384459869,16.44211171650516],[80.81249800497919,16.442434123570514],[80.81248716329273,16.442486124841245],[80.8124763476213,16.442517325184923],[80.81246551893531,16.44255892599097],[80.81238971796543,16.442850160501877],[80.81201252183077,16.442860523854485],[80.81200161481033,16.44296452740837],[80.81176287087894,16.444285391229794],[80.81167609562979,16.44473260235033],[80.81162189839603,16.444982236838015],[80.81150288354108,16.445356641356028],[80.8113730521901,16.445762246061875],[80.81123231262109,16.446271883031237],[80.81119977278101,16.44643828702886],[80.81101534869441,16.447405539483363],[80.81091774094767,16.44789435082811],[80.81088522671558,16.448039982722506],[80.8106684459681,16.449048833121036],[80.8106358264818,16.449277639709152],[80.81058153481925,16.44960004808753],[80.81057070532118,16.44964164875942],[80.81042921264674,16.450744110828083],[80.81041836992459,16.450796111940207],[80.81038574983081,16.451024918445256],[80.81033112893572,16.451607366908526],[80.81029840353251,16.45191937699971],[80.81028757384009,16.451960977645825],[80.81024417617256,16.45218981182572],[80.81022252986563,16.45226261265683],[80.81021167386211,16.452325014201286],[80.81016836803656,16.452481016303235],[80.80987619984053,16.453417053998372],[80.80972441010785,16.454134668409363],[80.80970276338387,16.454207469169027],[80.80937745400941,16.455777958616274],[80.80944174917354,16.456069178425782],[80.80963484649372,16.456776459435538],[80.80965630915709,16.45684926496518],[80.80900871261753,16.457597966379378],[80.80903018833754,16.457660371519967],[80.80904089979556,16.457712374981217],[80.80907316622192,16.457764380902127],[80.80911614415157,16.457868390274918],[80.8091376463319,16.45790999451201],[80.80915908253424,16.458003600975495],[80.80915906933681,16.458014001421198],[80.80980303328936,16.460136053636177],[80.80986746206544,16.460323268777998],[80.81017876437207,16.46131134520013],[80.81056523827628,16.462517838488278],[80.81060815240686,16.46267384973723],[80.810661949331,16.46274665859176],[80.81070496483186,16.462798665397045],[80.81071571635694,16.462819467429206],[80.81072640229866,16.462892271670082],[80.81073714071451,16.462923474142848],[80.81109182469572,16.463703544816244],[80.81114558279526,16.463807554867874],[80.81141425641273,16.464421208879617],[80.81161847353121,16.464868448875475],[80.81162919912515,16.46491005173965],[80.81166148048342,16.464951656805564],[80.81168297090564,16.465003661207522],[80.81202700189776,16.465690125163146],[80.8122205089763,16.46608536126581],[80.81240326492755,16.466459795241228],[80.81291931597337,16.46746868823691],[80.81329550799357,16.46830075928178],[80.8135965806109,16.46887281166892],[80.81371480267887,16.469143234049405],[80.81373630706123,16.4691848377929],[80.81392980805978,16.469590472693255],[80.81400506082133,16.469746486142494],[80.8142201968773,16.470089720108476],[80.81434918578464,16.47037054352432],[80.81475768087189,16.47121330406211],[80.81487594464517,16.471452524450203],[80.81488668418343,16.471483726696462],[80.81490820196959,16.471514929879707],[80.81504833204096,16.471504541581943],[80.81495157289632,16.471306924905235],[80.8149300938212,16.4712445204177],[80.8149839978647,16.471234124654774],[80.81582489250741,16.47107818920984],[80.81600830203448,16.470932598139736],[80.81650456150213,16.470557933396595],[80.81676350258824,16.47031874367094],[80.81677429356718,16.470308344073675],[80.8170763382441,16.47010035862424],[80.81761542519067,16.469954793032727],[80.81769069380327,16.470100404744635],[80.81772297731183,16.470142008877726],[80.81774445716626,16.470204413093175],[80.81788425491676,16.470464434294005],[80.817905811293,16.47046443586001],[80.81794903867771,16.470370835036675],[80.81822993296751,16.469830032294006],[80.81874758443087,16.469559656954914],[80.81899564646626,16.4694244680731],[80.81911431997719,16.469330872059082],[80.81923298070674,16.46924767641651],[80.81970763525807,16.468904492716074],[80.81981553001468,16.46881089560448],[80.81983712411581,16.468779695645498],[80.82000980092002,16.46859249853847],[80.82026887856321,16.468259700387446],[80.82040908167234,16.468186905819252],[80.82061396087657,16.468082913686814],[80.82089434132605,16.467958124871437],[80.82098049029405,16.468020532529646],[80.82147579146927,16.46842617787276],[80.8220248850607,16.468915028445412],[80.82229410010001,16.46911265092404],[80.82248876835743,16.468561437362286],[80.82271521551081,16.46844704381767],[80.82284473958012,16.468291043529288],[80.82290947035946,16.46823904446301],[80.82327634801514,16.467885446847053],[80.82339504344245,16.46777104747546],[80.82372917518245,16.467760662218122],[80.82390181011898,16.467604663174065],[80.82399892413147,16.46751106339666],[80.82435482214723,16.467323870497285],[80.8244518738627,16.467282272732298],[80.82457056306117,16.467147071784883],[80.82462446548216,16.46713667352052],[80.82471067717104,16.46714707742803],[80.824851137549,16.46685587048498],[80.82496997975069,16.466616664836245],[80.82527240505269,16.466075853044302],[80.82560724870433,16.465462238788202],[80.82565044662945,16.465389437180352],[80.82585563325289,16.46504622952246],[80.8259635229385,16.46495262916033],[80.82639503151513,16.46461982893558],[80.8265352489129,16.464505428395185],[80.82654602677641,16.464505428730128],[80.82768764978044,16.465212691681746],[80.82849598693844,16.465191909943787],[80.82884087981977,16.465191917170245],[80.82943397962255,16.464921516546426],[80.82974669573328,16.464786315852294],[80.83056606298614,16.464443112272402],[80.83090034531108,16.464297509637742],[80.83148233743879,16.46430791525112],[80.83195661101557,16.464266316449702],[80.83206414993721,16.46447432604017],[80.83218244301402,16.464703136523596],[80.83225793603694,16.4646615350131],[80.83291569674233,16.46439112469419],[80.83351898316897,16.4646303346416],[80.83351893555663,16.46467193645493],[80.83354047940729,16.464682336859184],[80.8336481986953,16.46473433884734],[80.83375592993168,16.46477594032705],[80.83377747380665,16.464786340707043],[80.83376679104335,16.464703137116988],[80.83375608450794,16.464640734432773],[80.83462937662779,16.464391118784047],[80.8352650106388,16.464619923022543],[80.83583640289721,16.464474309844775],[80.8359223785569,16.464692718229323],[80.83613744205934,16.46512953425471],[80.83622344185757,16.46532714159949],[80.83624496241086,16.465358342635163],[80.83641715058243,16.465587149931924],[80.83724747244955,16.46521271863006],[80.83750630591503,16.46506710692763],[80.83762492123871,16.46501510210017],[80.83814255173357,16.464755078789377],[80.83853073007056,16.46459906216503],[80.8398566631388,16.464370213251122],[80.84005068777886,16.464349405943846],[80.84012620211473,16.464287000665898],[80.84014778093025,16.46426619902213],[80.84022329520292,16.464203793708137],[80.84042828204444,16.464016578358695],[80.84046088082358,16.46377736668781],[80.84114049343671,16.46322611724757],[80.84135627912887,16.463018099620676],[80.84178789497693,16.462560461836645],[80.8423921354739,16.461936408119367],[80.84240293605926,16.46191560671581],[80.84247820879915,16.462071610236638],[80.84251058769925,16.46203000693298],[80.8426508580575,16.46188439409248],[80.84330902768333,16.461218733317395],[80.84336297301664,16.46116672835418],[80.84383746369333,16.460917093309046],[80.84455988460094,16.460625841807932],[80.84462457316751,16.46060503730815],[80.84465691744568,16.46059463505071],[80.84470005068108,16.460573831724115],[80.84467850667625,16.460563432462024],[80.84436636229665,16.460189032951313],[80.84398962180194,16.459751944688332],[80.84347299008614,16.459117542879145],[80.84295641870467,16.458431137464537],[80.84325846284729,16.45818151174313],[80.84339870711351,16.458056699250143],[80.84390568148955,16.45766145578294],[80.84417533413395,16.45746383271444],[80.84463909373882,16.457162251703007],[80.8447361587466,16.457099843483842],[80.845264660279,16.456725396372757],[80.84528623770788,16.456704594172898],[80.84535098123482,16.456631787091972],[80.84541572471338,16.45655897999014],[80.84548046814356,16.456486172867393],[80.84549125683384,16.456475771756192],[80.84553441158346,16.45643416730563],[80.8456099098744,16.456382131540597],[80.8457609062734,16.456278117707516],[80.8457824723553,16.456267715922895],[80.84624623793223,16.455955673026647],[80.84635409044093,16.455882862889673],[80.84642958827028,16.455830855713188],[80.84645116547632,16.455810053389733],[80.84642973399922,16.45569564961731],[80.84641901266467,16.455643647964404],[80.8464082352808,16.455643648655983],[80.84638677021002,16.455560446285045],[80.84646229032137,16.45548763815568],[80.84683993481482,16.455081966316676],[80.8477570791768,16.4540834295635],[80.84866319290167,16.45331372871951],[80.8487062575775,16.453355327371654],[80.84919144370338,16.452876839716584],[80.84935327903057,16.452710419546104],[80.85007578254323,16.452304743265625],[80.84997897508485,16.452127914224217],[80.8505396967337,16.45183665460537],[80.85126216171696,16.451462175582144],[80.85160721652585,16.45128533704081],[80.8525129974368,16.450806803583557],[80.8525884807907,16.450765194610888],[80.85263151312205,16.45083799389967],[80.85273962133856,16.450515568948425],[80.85276119728542,16.45049476595453],[80.8527828384394,16.450411560094413],[80.85378576831143,16.449777004650237],[80.85429258156282,16.449496140667012],[80.85432491270696,16.449496137366264],[80.85435724385113,16.449496134060517],[80.85457287099544,16.449412908061568],[80.85589901462339,16.44886151253021],[80.85633031943014,16.448643054701815],[80.85644948544129,16.448039813511457],[80.85655744715035,16.447852563815577],[80.85669770748974,16.447696540726117],[80.85671930401939,16.44765493634959],[80.85683808476695,16.447426112234687],[80.85683809541801,16.44741571175243],[80.85675237009792,16.446937299391237],[80.85658119801118,16.44571000415189],[80.85658126199442,16.44564760124877],[80.85658132597743,16.44558519834527],[80.85657064512354,16.44549159520785],[80.8565493047761,16.445283587960695],[80.85654936876823,16.445221185055125],[80.8565386452846,16.44516918385057],[80.85633451584098,16.444555549390437],[80.8562053761417,16.44437875558603],[80.8561623225034,16.44432675795664],[80.8559900867899,16.44413956832018],[80.85578558540999,16.443889979168485],[80.85557023280941,16.443713194381072],[80.8554194873235,16.44358837595962],[80.85532259338929,16.443494782008262],[80.85512873061923,16.44338039736933],[80.85491332541959,16.443255614335577],[80.85466560117008,16.443120433962548],[80.8542239831713,16.44290206928202],[80.85414858955036,16.44286047501829],[80.85396547237386,16.442777289669056],[80.85372855853592,16.44261087676052],[80.85344854926743,16.442434096230812],[80.85345949917972,16.442267687400733],[80.85315783977018,16.442184512973487],[80.8528346164807,16.442111740656117],[80.85251139343617,16.442038967842123],[80.85242519123348,16.4420285754286],[80.85241441459831,16.442028576435106],[80.85217730683316,16.442049399408933],[80.85216653019697,16.442049400402695],[80.85177856037946,16.44205983629459],[80.85175700710629,16.44205983824058],[80.85143428764572,16.441508612556557],[80.8514127672444,16.441477413011107],[80.85113307931147,16.44099901531517],[80.85092869705392,16.440645416569428],[80.85087490198366,16.44056221732603],[80.85060599322213,16.440083789088686],[80.85043396436448,16.439709386126644],[80.85029410068744,16.43949098762803],[80.85019726627753,16.43934535998369],[80.84996052498674,16.439022964407698],[80.84970225362707,16.438679769324132],[80.84943325093509,16.43829494393291],[80.8491323078445,16.437826945675408],[80.8489064793412,16.437379742193535],[80.8487128812484,16.437026111513138],[80.84864834500146,16.436911711038285],[80.84854079214837,16.436714109875485],[80.84832567599233,16.436329307867904],[80.84826114023043,16.436214878379925],[80.84811057181922,16.435934076253137],[80.84791698767096,16.43557007321431],[80.84787398266232,16.435476471915326],[80.84786321751325,16.435466072201304],[80.84780944741239,16.43536207117396],[80.8477879616411,16.4352996697793],[80.84768042169758,16.43509163877962],[80.84744356708399,16.434883645702598],[80.84740049556949,16.434852447244502],[80.84729281126722,16.434779651305757],[80.84718509357045,16.43473805678232],[80.84712045850986,16.434717260237864],[80.84639877594566,16.434415694210735],[80.84631263347278,16.43435329685859],[80.84616188988421,16.434238901162452],[80.8461080537634,16.4341972737481],[80.84604345265511,16.43414527540296],[80.84603267645763,16.434145276085285],[80.84589274306536,16.433999678043328],[80.84568823145625,16.433781280472786],[80.84540842217467,16.433438081382242],[80.84510725318225,16.43291804595332],[80.84504270911931,16.432814044845056],[80.84503195553941,16.432793244494714],[80.84499976245456,16.43266844049407],[80.84484967527919,16.431950786462707],[80.84472032850417,16.431981995365664],[80.84467721290348,16.431992398315497],[80.84465566074715,16.431992399541294],[80.84463422151649,16.4318883958489],[80.84449408737558,16.431930005715213],[80.84273710871378,16.43236694631771],[80.8427263326159,16.432366946831085],[80.84235983115224,16.43247096885636],[80.84219814391113,16.432512578166833],[80.84205802024803,16.43254378590602],[80.84144359873589,16.43271022012158],[80.84126034739863,16.43276223008722],[80.8406027855066,16.43295986503716],[80.84058123324749,16.432959865843607],[80.84020394189875,16.43307428496881],[80.84015003815685,16.433095087854397],[80.83971881933537,16.433251138837992],[80.83969725548903,16.433261540041112],[80.83884564995675,16.433521578706692],[80.83881330987458,16.433531980131026],[80.83858692920421,16.433604789960704],[80.83762744229273,16.433968831478634],[80.8373363685134,16.434072842897674],[80.83650628530789,16.43435370137843],[80.83648472117154,16.43436410224773],[80.83627991458582,16.43441610821261],[80.83616172867421,16.43410406673455],[80.83604357835522,16.433760852618462],[80.8357965498992,16.43303279348782],[80.83442809963867,16.43292880410485],[80.8343742190147,16.432928804531553],[80.83432040944204,16.43286640203306],[80.83360887657297,16.433136818791944],[80.83277885176459,16.433365660121094],[80.83268183064428,16.433396861566578],[80.83230455786207,16.433490465468484],[80.83209976308227,16.433532066872743],[80.83152847089414,16.43366727061804],[80.83055836325846,16.433885672875675],[80.82985774273745,16.43403127113975],[80.82957763907434,16.434093669981937],[80.82883388802885,16.434260094006405],[80.8287476541879,16.43428089334045],[80.82726004367092,16.43472808031795],[80.82677490560555,16.434904875199724],[80.82659163617349,16.434967272769118],[80.8260095529592,16.435133662514417],[80.82597739625265,16.434988054773424],[80.82594530103626,16.43479044463258],[80.82592374859014,16.43479044393178],[80.825826725698,16.434821642186616],[80.82582659045286,16.434936047450613],[80.825826467502,16.435040052234974],[80.82582633225525,16.435154457496598],[80.82542769748018,16.435081640593626],[80.82428521092727,16.435279235527876],[80.8235846057707,16.435404011781728],[80.82263615818071,16.435518373392114],[80.82221585148562,16.435570355064655],[80.82148295280305,16.435663921220733],[80.82140750639071,16.435674317625974],[80.82080394737612,16.435747087413336],[80.82050220393062,16.43577827141858],[80.81978016831127,16.435799028920098],[80.81973706320994,16.43579902624762],[80.81900418789125,16.43587178277613],[80.8189502938351,16.43588217970825],[80.81840072083317,16.43589254327013],[80.81804511631486,16.435882118144715],[80.81795890608333,16.43588211207766],[80.81748487721217,16.4357780733483],[80.8166230055339,16.435590800283922],[80.81626764929557,16.435403564124307],[80.81604148899007,16.435289141015378]]]}},
{"type":"Feature","properties":{"Village":"Maredumaka"},"geometry":{"type":"Polygon","coordinates":[[[80.8384417494399,16.47862980569327],[80.83823991791898,16.477797103424937],[80.83809931322122,16.47722208509458],[80.83764132142515,16.4753649115819],[80.83821085780153,16.474975907823527],[80.83820735213708,16.474961994912462],[80.83820009080667,16.474941049144643],[80.83814963884738,16.47482950933143],[80.83804146925516,16.474494948619824],[80.83755475869073,16.473995966057885],[80.83696355325938,16.474047066671357],[80.836920232792,16.47383453307617],[80.83687703743881,16.473618517118705],[80.83682658136091,16.47338854469901],[80.83659220561081,16.472304934485813],[80.83644798245902,16.471799644303207],[80.83636497928408,16.47150692230513],[80.8363649791387,16.47150343971342],[80.83616667230156,16.47076469921712],[80.83609468543283,16.470475480946366],[80.83603697153009,16.470259436726412],[80.83601531309789,16.470175812699317],[80.83584229664227,16.469506772498267],[80.8357232392477,16.469053769208717],[80.8356403651939,16.468806332903906],[80.83553946449366,16.46850661073456],[80.83538073063829,16.468105781485427],[80.83524015408298,16.467889564638746],[80.83493734471675,16.46738744896732],[80.83468861399939,16.466972514530365],[80.83465982298196,16.4669271850456],[80.83426325752261,16.466243779785657],[80.83414070296057,16.4658569500741],[80.83413344207906,16.46582558055907],[80.83404331115325,16.465567681713388],[80.83376928844304,16.46474519737666],[80.83366114007343,16.464703196245154],[80.83355662159323,16.464657719516218],[80.83352783213608,16.464647215806757],[80.83353496549776,16.46459846126587],[80.83293301582401,16.464356979938913],[80.8322770052119,16.464634334219312],[80.83219401803922,16.464668998413824],[80.83207873156894,16.464438898337445],[80.83197421053512,16.464236692027903],[80.8314911801504,16.464277540596044],[80.83091439640617,16.464262483269902],[80.8305719330252,16.464408094394873],[80.82975720359784,16.464754781959723],[80.82944728274619,16.464890007254738],[80.82885247385818,16.465153540463117],[80.82850274725739,16.465159818105008],[80.82769539695752,16.465172159038843],[80.82655264543125,16.46445940676467],[80.82654183067503,16.46446635057874],[80.8264048435197,16.464574040197665],[80.82597227661961,16.464907537712183],[80.82586052341412,16.464997876029965],[80.82565505158104,16.46534923521079],[80.82561179163501,16.465422283968266],[80.82528014270878,16.466034611387894],[80.82498454227877,16.46657386322582],[80.82486198269292,16.466820896167157],[80.82471777997426,16.467102724075815],[80.82463487881378,16.467095594324302],[80.82458080446726,16.467102452145227],[80.82446544347842,16.467241538799843],[80.82437172646571,16.46728314373957],[80.8240148447914,16.467470506476626],[80.82391390400204,16.467564347804835],[80.8237372700037,16.467724207724952],[80.82340923114327,16.467727037383742],[80.82328306728422,16.467838229039028],[80.82291536395807,16.46819970995331],[80.82286128801152,16.468251853095435],[80.822727912388,16.468404821114497],[80.82250080823569,16.46852278821099],[80.82230612292435,16.46907616777493],[80.82203576802978,16.468873625499246],[80.82148064315652,16.468377951621775],[80.82099040694568,16.46797644827514],[80.82090749538885,16.467906630396335],[80.82061910594338,16.468034908360654],[80.82041363132714,16.468138986185956],[80.82027304733391,16.468208356003682],[80.82002068560112,16.46854220241933],[80.81984765103763,16.468736892139688],[80.81982602012775,16.468761238921832],[80.81971787907716,16.46885853423246],[80.81924201880568,16.46919541316486],[80.81912306274786,16.469282250731997],[80.8190040937391,16.469376041291245],[80.81875175062792,16.469507883854302],[80.8182362478668,16.469781994018348],[80.81795864693926,16.47032823701687],[80.81816409877197,16.470736138512436],[80.81856060240254,16.47145091678133],[80.8191841935792,16.472604993664635],[80.81942569948102,16.473044309693982],[80.81947615321675,16.473145418284496],[80.82049627510848,16.474962052232296],[80.82137223070048,16.47621753874422],[80.82194178737478,16.477037206860185],[80.8222842517252,16.476975252809],[80.82321794451107,16.47691435611188],[80.82343424147277,16.47684513520642],[80.82355681674966,16.4768070466187],[80.82382357799385,16.47705486546072],[80.82464549393738,16.477944679955403],[80.82509610087133,16.478652491170532],[80.82555031677661,16.479322096820848],[80.8258206841907,16.479960018397907],[80.82593965125936,16.480294606494038],[80.82602256801812,16.480521138782876],[80.82602617292753,16.480545572396586],[80.82608385296334,16.48081740089209],[80.82609465609109,16.480813915498832],[80.82720502188737,16.48061755399572],[80.82767369806325,16.480506987272427],[80.82774580204475,16.480489716463712],[80.8280342178051,16.480448566231892],[80.82880570435768,16.48034209993276],[80.82921667124886,16.480308081577512],[80.8294545136721,16.480277229447978],[80.82969248147344,16.480284589019256],[80.82971050741247,16.480281117607156],[80.82977535070603,16.48026733862671],[80.8312678731824,16.480120557642614],[80.8322123560338,16.480028322916084],[80.8327711588457,16.479966773407977],[80.83294778750482,16.479946197507182],[80.83373366623694,16.479874566897315],[80.83387073771964,16.479850406605625],[80.83427444127912,16.479781538317262],[80.83440062208595,16.4797609842481],[80.83457011491485,16.479733379591533],[80.83477553330927,16.479674525289415],[80.83490897384334,16.479636572034625],[80.83537401222998,16.47949816862527],[80.83577057810244,16.479397843595034],[80.83617427882224,16.479297652508052],[80.83653842280177,16.479207783737703],[80.83674021031122,16.47915944081354],[80.83741441952921,16.478983103351148],[80.83745410095042,16.478972780325616],[80.83755136394474,16.478941527449464],[80.83778206604035,16.478865426803967],[80.83824709935561,16.47870259047045],[80.8382976709201,16.478685274653085],[80.83832646163327,16.47867493054522],[80.83833722687534,16.478671444444213],[80.83836251255705,16.478660972677307],[80.8384417494399,16.47862980569327]]]}},
{"type":"Feature","properties":{"Village":"Enamala_Kuduru"},"geometry":{"type":"Polygon","coordinates":[[[80.66022263141546,16.47449024023321],[80.65890089954237,16.475647745968782],[80.65858695736601,16.475861500073304],[80.65748803041794,16.476616025123576],[80.65614052686081,16.47753394231098],[80.6555256526653,16.47796150702243],[80.65406034752817,16.47898004826718],[80.6538118171798,16.47911832232212],[80.6537075216314,16.47896685021089],[80.65361625260557,16.478840652548502],[80.65292287422325,16.479318494782675],[80.65280513221961,16.479393922486018],[80.65246504046716,16.479607666743064],[80.65191549102204,16.480010078306936],[80.65316735025594,16.481613082522607],[80.65376715909593,16.482395609417686],[80.6552537014136,16.484351919367068],[80.65589252494428,16.4852605933789],[80.65630987405092,16.485778071603722],[80.65636204544572,16.485841180779467],[80.65711825015416,16.486901299985533],[80.65792702904649,16.48778504247074],[80.65817498819099,16.487999729637153],[80.65830569901505,16.487987342556956],[80.65838372011538,16.488226955721057],[80.66001762853205,16.48800278559092],[80.66021362264887,16.48802831847796],[80.6604742632206,16.488482551218492],[80.66060455915397,16.48869704114866],[80.66061758713897,16.48872227145334],[80.66083918647523,16.489075604103753],[80.66128363800746,16.48901331509703],[80.66205487325988,16.488888497010176],[80.6622769250028,16.488964488419157],[80.6625515799119,16.488838895614368],[80.66375463738827,16.48834925225968],[80.6647750316189,16.48769544674173],[80.66546902357034,16.486864643342244],[80.66540382042305,16.4867763063637],[80.66579657060343,16.486323143162668],[80.66629443974372,16.485542435353942],[80.66645116527353,16.485605711824206],[80.66684439379245,16.48485004153171],[80.66808730951638,16.483957052230252],[80.66813978499847,16.48383109288111],[80.66959172744932,16.482976288788713],[80.67006245379478,16.48278797893295],[80.67082104768421,16.482373206129346],[80.67151418202587,16.48205916119834],[80.67316054191215,16.48218787455582],[80.67522470953129,16.482569280545285],[80.67596936357322,16.482709105081227],[80.67747202231284,16.48283755792951],[80.67819065810161,16.482901707215245],[80.68015004368488,16.483446801947842],[80.68054204808085,16.483485225384836],[80.68187512225094,16.483386415701425],[80.68186370105941,16.48230237364662],[80.68186375852717,16.48226456045705],[80.68181276765151,16.48141989733876],[80.6817353908825,16.480739094589364],[80.68169714349055,16.480108770136837],[80.68160601597434,16.479906958028817],[80.68154090354928,16.479755603934382],[80.68122835384243,16.47903662286793],[80.68100697786063,16.478519453809962],[80.68091580646735,16.478317597560697],[80.68055116792665,16.477510303527293],[80.68049904847112,16.47740938702715],[80.68035570099617,16.477144470985575],[80.6803427097382,16.477093989282537],[80.68031663086276,16.47705613540898],[80.68006925777173,16.476450693861803],[80.67967865648205,16.47550470909448],[80.67909254604801,16.474255868169585],[80.67915790596639,16.4742433658031],[80.67913192430429,16.47414248976786],[80.67904060214227,16.474041511677576],[80.67901454331633,16.473991009474187],[80.67888409435125,16.473839552459623],[80.67769702085444,16.47248893218426],[80.67739706583373,16.472122889217683],[80.67709702759153,16.471782098329264],[80.67690131973094,16.471580119823283],[80.67644465010152,16.471150806927934],[80.67644466959311,16.4711382025247],[80.67634032131895,16.471011993899868],[80.67628816673376,16.470936285165],[80.67546669483963,16.469800503258334],[80.67531021368491,16.469585937010294],[80.67533638841059,16.46956076948076],[80.67534945621063,16.469560790118475],[80.67528425416174,16.46947245609549],[80.67510191190061,16.469081430519708],[80.67504977795105,16.468993073310944],[80.67495851905198,16.468854280259063],[80.67485432967662,16.46862723567153],[80.67476320826128,16.468400211704505],[80.67467202831516,16.468210957145153],[80.67451510428626,16.46831154425709],[80.67265728445719,16.46974563144715],[80.67202942243748,16.470160577087775],[80.67152138711926,16.46916397230362],[80.67075273201942,16.46767528879787],[80.6706485481843,16.46744824219223],[80.67054440996138,16.46722119560694],[80.67040032804462,16.46743524008468],[80.67021767926525,16.46724588079556],[80.6700350110088,16.467069081985],[80.66934340969594,16.466475519177017],[80.6660848998109,16.469482932047498],[80.6648286163198,16.47061537431809],[80.66416122725781,16.47121934167231],[80.66283945934569,16.472427291014196],[80.66260391417542,16.472653784283267],[80.66231601017635,16.47290544391754],[80.66201499662859,16.47318224666253],[80.66141305320902,16.473710685862716],[80.66121717567285,16.47362213242509],[80.66022263141546,16.47449024023321]]]}}
  ]
}