{
    "type": "FeatureCollection",
    "features": [
    { "type": "Feature", "properties": { "FID": "0", "Village": "NANDAMURU" }, "geometry": { "type": "Polygon", "coordinates": [ [ [ 80.86263822023966, 16.446197494098204 ], [ 80.86217199914293, 16.445959740129297 ], [ 80.861657061984062, 16.445674536955146 ], [ 80.861360426307854, 16.445368226604632 ], [ 80.861514385674667, 16.445708698988884 ], [ 80.861562792792867, 16.445812133232998 ], [ 80.862530521942617, 16.446347981385991 ], [ 80.86263822023966, 16.446197494098204 ] ] ] } },
    { "type": "Feature", "properties": { "FID": "1", "Village": "NANDAMURU" }, "geometry": { "type": "Polygon", "coordinates": [ [ [ 80.86576684292983, 16.446496483923848 ], [ 80.865355522818419, 16.445991876946593 ], [ 80.865023639671207, 16.445616622257695 ], [ 80.864620753022834, 16.445198157352031 ], [ 80.864607466369222, 16.44518521386356 ], [ 80.86455427221351, 16.44514205130023 ], [ 80.864447931602285, 16.445047102773803 ], [ 80.864372188826891, 16.445055564556124 ], [ 80.86435437818885, 16.445055529348231 ], [ 80.864305375149428, 16.445059738218173 ], [ 80.864202892617598, 16.445072452817758 ], [ 80.86424272869354, 16.445115589056581 ], [ 80.864437432823024, 16.44533557899576 ], [ 80.864548059861562, 16.445460664259453 ], [ 80.865012785227336, 16.445969672028003 ], [ 80.865415603017595, 16.446401053265493 ], [ 80.865539541782439, 16.446534787700454 ], [ 80.865695528583331, 16.446509260650824 ], [ 80.865717815802228, 16.44650499882006 ], [ 80.86576684292983, 16.446496483923848 ] ] ] } },
    { "type": "Feature", "properties": { "FID": "2", "Village": "NANDAMURU" }, "geometry": { "type": "Polygon", "coordinates": [ [ [ 80.865012785227336, 16.445969672028003 ], [ 80.864548059861562, 16.445460664259453 ], [ 80.864437432823024, 16.44533557899576 ], [ 80.86424272869354, 16.445115589056581 ], [ 80.864202892617598, 16.445072452817758 ], [ 80.863747793160556, 16.445239488408461 ], [ 80.86296236211075, 16.445556557213198 ], [ 80.863412320938991, 16.446319590181151 ], [ 80.863606525500444, 16.446630000539351 ], [ 80.864673501695833, 16.446128326670099 ], [ 80.865012785227336, 16.445969672028003 ] ] ] } },
    { "type": "Feature", "properties": { "FID": "3", "Village": "NANDAMURU" }, "geometry": { "type": "Polygon", "coordinates": [ [ [ 80.854559307300207, 16.455305445780091 ], [ 80.855107444748242, 16.45522905107094 ], [ 80.855793704836685, 16.455135710731071 ], [ 80.855723345793251, 16.454976256309632 ], [ 80.855135193663628, 16.455043960284829 ], [ 80.854288557635812, 16.455149890970937 ], [ 80.854292794444305, 16.455188651220624 ], [ 80.85430988574511, 16.455317858062912 ], [ 80.854332150201699, 16.455317903148149 ], [ 80.854559307300207, 16.455305445780091 ] ] ] } },
    { "type": "Feature", "properties": { "FID": "4", "Village": "NANDAMURU" }, "geometry": { "type": "Polygon", "coordinates": [ [ [ 80.858683316567991, 16.455188885079988 ], [ 80.858601079127894, 16.454762451816951 ], [ 80.858088579700777, 16.454838927209916 ], [ 80.857812309617714, 16.454872818487459 ], [ 80.857081546471903, 16.454961770181487 ], [ 80.856435411470883, 16.455046584115387 ], [ 80.855793704836685, 16.455135710731071 ], [ 80.855969926564754, 16.455476219821996 ], [ 80.856119131491681, 16.455868343174163 ], [ 80.857229640251987, 16.45555626038044 ], [ 80.858683316567991, 16.455188885079988 ] ] ] } },
    { "type": "Feature", "properties": { "FID": "5", "Village": "NANDAMURU" }, "geometry": { "type": "Polygon", "coordinates": [ [ [ 80.865961057871047, 16.455685587728404 ], [ 80.865526042008838, 16.4546298236193 ], [ 80.865464675964475, 16.454453167174471 ], [ 80.865368304939082, 16.454164492359375 ], [ 80.865354946336723, 16.454164466012447 ], [ 80.864673324717742, 16.454223400931507 ], [ 80.864633225119562, 16.454227627450987 ], [ 80.864830537096665, 16.454783458003572 ], [ 80.865081166062296, 16.455360922294908 ], [ 80.865213065376807, 16.455666890280494 ], [ 80.865309769620026, 16.455895285395723 ], [ 80.865358822890926, 16.45588246492483 ], [ 80.865961057871047, 16.455685587728404 ] ] ] } },
    { "type": "Feature", "properties": { "FID": "6", "Village": "NANDAMURU" }, "geometry": { "type": "Polygon", "coordinates": [ [ [ 80.857812309617714, 16.454872818487459 ], [ 80.857786501727091, 16.454709148471657 ], [ 80.857617208983712, 16.45472603135644 ], [ 80.857541462174382, 16.45473449063228 ], [ 80.856757169047142, 16.454840556583882 ], [ 80.85670371051998, 16.454844754687837 ], [ 80.85574118130539, 16.454971986564708 ], [ 80.855723345793251, 16.454976256309632 ], [ 80.855793704836685, 16.455135710731071 ], [ 80.856435411470883, 16.455046584115387 ], [ 80.857081546471903, 16.454961770181487 ], [ 80.857812309617714, 16.454872818487459 ] ] ] } },
    { "type": "Feature", "properties": { "FID": "7", "Village": "NANDAMURU" }, "geometry": { "type": "Polygon", "coordinates": [ [ [ 80.855135193663628, 16.455043960284829 ], [ 80.854770715789613, 16.454126100411699 ], [ 80.855207840792389, 16.453993386579953 ], [ 80.854997318488813, 16.453415991672404 ], [ 80.854386330434451, 16.453586985216177 ], [ 80.854337253034998, 16.453604108814087 ], [ 80.854311016079279, 16.453517940851757 ], [ 80.854257389803962, 16.453552278186621 ], [ 80.853801950011658, 16.453775253882643 ], [ 80.85379297224155, 16.453788152905478 ], [ 80.853814948296346, 16.453839866358614 ], [ 80.854288557635812, 16.455149890970937 ], [ 80.855135193663628, 16.455043960284829 ] ] ] } },
    { "type": "Feature", "properties": { "FID": "8", "Village": "NANDAMURU" }, "geometry": { "type": "Polygon", "coordinates": [ [ [ 80.855723345793251, 16.454976256309632 ], [ 80.85574118130539, 16.454971986564708 ], [ 80.85670371051998, 16.454844754687837 ], [ 80.856757169047142, 16.454840556583882 ], [ 80.856189123229356, 16.453693965246327 ], [ 80.855783134635956, 16.453835235850338 ], [ 80.855207840792389, 16.453993386579953 ], [ 80.854770715789613, 16.454126100411699 ], [ 80.855135193663628, 16.455043960284829 ], [ 80.855723345793251, 16.454976256309632 ] ] ] } },
    { "type": "Feature", "properties": { "FID": "9", "Village": "NANDAMURU" }, "geometry": { "type": "Polygon", "coordinates": [ [ [ 80.854283144388219, 16.455322109649877 ], [ 80.85430988574511, 16.455317858062912 ], [ 80.854292794444305, 16.455188651220624 ], [ 80.854288557635812, 16.455149890970937 ], [ 80.854248505658333, 16.455145504115297 ], [ 80.85371372679532, 16.455221923668276 ], [ 80.853490926531251, 16.455251611923838 ], [ 80.853089854011614, 16.455306772417071 ], [ 80.853098567511807, 16.455341236039562 ], [ 80.853102828122701, 16.455375690618716 ], [ 80.853142279263849, 16.455487719993414 ], [ 80.853160090843531, 16.455487756161141 ], [ 80.853743888139547, 16.455402825949086 ], [ 80.85406926151974, 16.455347510837829 ], [ 80.854283144388219, 16.455322109649877 ] ] ] } },
    { "type": "Feature", "properties": { "FID": "10", "Village": "NANDAMURU" }, "geometry": { "type": "Polygon", "coordinates": [ [ [ 80.866933550723559, 16.448096246853975 ], [ 80.86674796000591, 16.447837537422327 ], [ 80.866147020043925, 16.446996711077663 ], [ 80.86576684292983, 16.446496483923848 ], [ 80.865717815802228, 16.44650499882006 ], [ 80.865695528583331, 16.446509260650824 ], [ 80.865539541782439, 16.446534787700454 ], [ 80.865649980158778, 16.44669431797206 ], [ 80.866083257407865, 16.447254930312244 ], [ 80.866547516243017, 16.447850060592053 ], [ 80.866768609885057, 16.448130368707648 ], [ 80.866834902440175, 16.448220931604876 ], [ 80.866933550723559, 16.448096246853975 ] ] ] } },
    { "type": "Feature", "properties": { "FID": "11", "Village": "NANDAMURU" }, "geometry": { "type": "Polygon", "coordinates": [ [ [ 80.866834902440175, 16.448220931604876 ], [ 80.866768609885057, 16.448130368707648 ], [ 80.866547516243017, 16.447850060592053 ], [ 80.866083257407865, 16.447254930312244 ], [ 80.865649980158778, 16.44669431797206 ], [ 80.865539541782439, 16.446534787700454 ], [ 80.865102060740014, 16.446736294930382 ], [ 80.864883640813446, 16.446778921264045 ], [ 80.86424990652732, 16.44704033153776 ], [ 80.864258788150281, 16.44704465484563 ], [ 80.865111259354904, 16.447489842506172 ], [ 80.865128998913193, 16.447502794747471 ], [ 80.866056814253028, 16.448012713405632 ], [ 80.866292144025735, 16.448133737463444 ], [ 80.866425322299108, 16.448207209106194 ], [ 80.866642889067109, 16.448319586338354 ], [ 80.86678577999902, 16.448246669541884 ], [ 80.866834902440175, 16.448220931604876 ] ] ] } },
    { "type": "Feature", "properties": { "FID": "12", "Village": "NANDAMURU" }, "geometry": { "type": "Polygon", "coordinates": [ [ [ 80.865111259354904, 16.447489842506172 ], [ 80.864258788150281, 16.44704465484563 ], [ 80.86424990652732, 16.44704033153776 ], [ 80.86368591244586, 16.446767941609021 ], [ 80.863548307233515, 16.446690165673541 ], [ 80.862664841065083, 16.446214769923362 ], [ 80.86263822023966, 16.446197494098204 ], [ 80.862530521942617, 16.446347981385991 ], [ 80.862854615454623, 16.446520866434494 ], [ 80.86423978798318, 16.44725990455553 ], [ 80.864932461366521, 16.447614356229913 ], [ 80.865111259354904, 16.447489842506172 ] ] ] } },
    { "type": "Feature", "properties": { "FID": "13", "Village": "NANDAMURU" }, "geometry": { "type": "Polygon", "coordinates": [ [ [ 80.859616767120983, 16.447461705309863 ], [ 80.860098028135141, 16.447385163625739 ], [ 80.860535038408159, 16.447269768887669 ], [ 80.860539491117322, 16.447269777771261 ], [ 80.861471657478049, 16.446991762009041 ], [ 80.861463014401508, 16.446944381604844 ], [ 80.861416276563659, 16.446539536528658 ], [ 80.859825055297208, 16.446837764721508 ], [ 80.858893162645145, 16.447068422472842 ], [ 80.858402947077167, 16.447144943439664 ], [ 80.858511418973478, 16.447657556518649 ], [ 80.858520324408573, 16.447657574371807 ], [ 80.859616767120983, 16.447461705309863 ] ] ] } },
    { "type": "Feature", "properties": { "FID": "14", "Village": "NANDAMURU" }, "geometry": { "type": "Polygon", "coordinates": [ [ [ 80.866642889067109, 16.448319586338354 ], [ 80.866425322299108, 16.448207209106194 ], [ 80.866292144025735, 16.448133737463444 ], [ 80.866056814253028, 16.448012713405632 ], [ 80.865128998913193, 16.447502794747471 ], [ 80.865111259354904, 16.447489842506172 ], [ 80.864932461366521, 16.447614356229913 ], [ 80.865900422534139, 16.448111437588995 ], [ 80.866189066327451, 16.44825410744663 ], [ 80.866442159938032, 16.448383777787654 ], [ 80.866642889067109, 16.448319586338354 ] ] ] } },
    { "type": "Feature", "properties": { "FID": "15", "Village": "NANDAMURU" }, "geometry": { "type": "Polygon", "coordinates": [ [ [ 80.861820721414219, 16.448284215993262 ], [ 80.861621850751177, 16.448012546455946 ], [ 80.862634146520236, 16.446933792439761 ], [ 80.862392178840182, 16.446403681345178 ], [ 80.861498182917288, 16.447026260772475 ], [ 80.861498206764665, 16.447021955074614 ], [ 80.861471657478049, 16.446991762009041 ], [ 80.860539491117322, 16.447269777771261 ], [ 80.860896748341219, 16.447886235685782 ], [ 80.860762808685124, 16.447950554820626 ], [ 80.861080398831234, 16.448493723671501 ], [ 80.861820721414219, 16.448284215993262 ] ] ] } },
    { "type": "Feature", "properties": { "FID": "16", "Village": "NANDAMURU" }, "geometry": { "type": "Polygon", "coordinates": [ [ [ 80.864198433198055, 16.44829754328563 ], [ 80.864626775489356, 16.448139065432841 ], [ 80.86443328130396, 16.447699485089412 ], [ 80.86423978798318, 16.44725990455553 ], [ 80.862854615454623, 16.446520866434494 ], [ 80.862530521942617, 16.446347981385991 ], [ 80.862392178840182, 16.446403681345178 ], [ 80.862634146520236, 16.446933792439761 ], [ 80.862779037239321, 16.447304374119103 ], [ 80.862853518553351, 16.447524126879738 ], [ 80.862981004010891, 16.44782148816202 ], [ 80.863038055921834, 16.447972302395051 ], [ 80.863085892896564, 16.448179073023987 ], [ 80.863146397578063, 16.448510747318878 ], [ 80.863168304103127, 16.448575376925273 ], [ 80.864154143756139, 16.448254398239772 ], [ 80.864176288474653, 16.448275970763877 ], [ 80.864198433198055, 16.44829754328563 ] ] ] } },
    { "type": "Feature", "properties": { "FID": "17", "Village": "NANDAMURU" }, "geometry": { "type": "Polygon", "coordinates": [ [ [ 80.866442159938032, 16.448383777787654 ], [ 80.866189066327451, 16.44825410744663 ], [ 80.865900422534139, 16.448111437588995 ], [ 80.864932461366521, 16.447614356229913 ], [ 80.86423978798318, 16.44725990455553 ], [ 80.86443328130396, 16.447699485089412 ], [ 80.864626775489356, 16.448139065432841 ], [ 80.864880890144477, 16.44808359262391 ], [ 80.865334498158973, 16.448187825627951 ], [ 80.865489203215475, 16.448394818421928 ], [ 80.865607716500065, 16.448705077654154 ], [ 80.866442159938032, 16.448383777787654 ] ] ] } },
    { "type": "Feature", "properties": { "FID": "18", "Village": "NANDAMURU" }, "geometry": { "type": "Polygon", "coordinates": [ [ [ 80.857786501727091, 16.454709148471657 ], [ 80.858543956968816, 16.454624553566791 ], [ 80.858294222493925, 16.453891957008011 ], [ 80.858105955374128, 16.453314609806014 ], [ 80.858141745609103, 16.453284541432989 ], [ 80.857962528606848, 16.452681401700765 ], [ 80.857516683296197, 16.452783843995824 ], [ 80.856927975140408, 16.452950584014403 ], [ 80.856919045514445, 16.452954871785849 ], [ 80.857125623176074, 16.45344181237909 ], [ 80.857286021515321, 16.453424911998475 ], [ 80.857570692758145, 16.454282446486719 ], [ 80.857512733656193, 16.454295247238186 ], [ 80.857617208983712, 16.45472603135644 ], [ 80.857786501727091, 16.454709148471657 ] ] ] } },
    { "type": "Feature", "properties": { "FID": "19", "Village": "NANDAMURU" }, "geometry": { "type": "Polygon", "coordinates": [ [ [ 80.857617208983712, 16.45472603135644 ], [ 80.857512733656193, 16.454295247238186 ], [ 80.857570692758145, 16.454282446486719 ], [ 80.857286021515321, 16.453424911998475 ], [ 80.857125623176074, 16.45344181237909 ], [ 80.856568310668266, 16.45356986283722 ], [ 80.856189123229356, 16.453693965246327 ], [ 80.856757169047142, 16.454840556583882 ], [ 80.857541462174382, 16.45473449063228 ], [ 80.857617208983712, 16.45472603135644 ] ] ] } },
    { "type": "Feature", "properties": { "FID": "20", "Village": "NANDAMURU" }, "geometry": { "type": "Polygon", "coordinates": [ [ [ 80.858601079127894, 16.454762451816951 ], [ 80.859010959198457, 16.454724521365122 ], [ 80.859572439631592, 16.454648141675772 ], [ 80.859760415995808, 16.454476287847083 ], [ 80.859613351720142, 16.454497522522423 ], [ 80.858646444865286, 16.454611841785916 ], [ 80.858543956968816, 16.454624553566791 ], [ 80.857786501727091, 16.454709148471657 ], [ 80.857812309617714, 16.454872818487459 ], [ 80.858088579700777, 16.454838927209916 ], [ 80.858601079127894, 16.454762451816951 ] ] ] } },
    { "type": "Feature", "properties": { "FID": "21", "Village": "NANDAMURU" }, "geometry": { "type": "Polygon", "coordinates": [ [ [ 80.856778251447778, 16.450250510112387 ], [ 80.857233116596149, 16.450126558752498 ], [ 80.857090581161827, 16.449333991319325 ], [ 80.857086128406365, 16.449333982362134 ], [ 80.856752716180608, 16.447636800371264 ], [ 80.856730213070321, 16.447679812512412 ], [ 80.856582386950805, 16.447838839350492 ], [ 80.856474515388314, 16.448019463333573 ], [ 80.856350889177776, 16.448630653841722 ], [ 80.855917787298367, 16.448845067845596 ], [ 80.85601885809433, 16.449086405313881 ], [ 80.856192958360793, 16.449004935256454 ], [ 80.856769345895202, 16.450250492184324 ], [ 80.856778251447778, 16.450250510112387 ] ] ] } },
    { "type": "Feature", "properties": { "FID": "22", "Village": "NANDAMURU" }, "geometry": { "type": "Polygon", "coordinates": [ [ [ 80.863168304103127, 16.448575376925273 ], [ 80.863146397578063, 16.448510747318878 ], [ 80.862976955381683, 16.448553468747981 ], [ 80.862967716487603, 16.448613730850635 ], [ 80.862780582296637, 16.44863488830217 ], [ 80.862200653481722, 16.448827507139924 ], [ 80.862324091197465, 16.449051651121799 ], [ 80.862490126692634, 16.449624668846447 ], [ 80.862753171469677, 16.450370096767713 ], [ 80.863252668594868, 16.450228997925088 ], [ 80.863569529860996, 16.450100453449213 ], [ 80.863367773414069, 16.449544600740087 ], [ 80.863168304103127, 16.448575376925273 ] ] ] } },
    { "type": "Feature", "properties": { "FID": "23", "Village": "NANDAMURU" }, "geometry": { "type": "Polygon", "coordinates": [ [ [ 80.857450105622377, 16.450342282167096 ], [ 80.857302158701827, 16.449721945720917 ], [ 80.857297849582338, 16.449696102594785 ], [ 80.857293396818562, 16.449696093641926 ], [ 80.857268547733142, 16.449360183703636 ], [ 80.857260073168405, 16.449282663273927 ], [ 80.857237761512792, 16.449291229896506 ], [ 80.857086128406365, 16.449333982362134 ], [ 80.857090581161827, 16.449333991319325 ], [ 80.857233116596149, 16.450126558752498 ], [ 80.857294090786809, 16.450372108737145 ], [ 80.857360954293483, 16.450359325935683 ], [ 80.857450105622377, 16.450342282167096 ] ] ] } },
    { "type": "Feature", "properties": { "FID": "24", "Village": "NANDAMURU" }, "geometry": { "type": "Polygon", "coordinates": [ [ [ 80.867138850743018, 16.448010535177655 ], [ 80.867130040182047, 16.447993294894296 ], [ 80.866933550723559, 16.448096246853975 ], [ 80.866834902440175, 16.448220931604876 ], [ 80.86678577999902, 16.448246669541884 ], [ 80.866642889067109, 16.448319586338354 ], [ 80.866442159938032, 16.448383777787654 ], [ 80.866641963426815, 16.448487508588666 ], [ 80.86709476665051, 16.448738143510372 ], [ 80.867387770193133, 16.448898031301685 ], [ 80.867611872403657, 16.449441006830618 ], [ 80.868006712998422, 16.450492418545469 ], [ 80.868046835464796, 16.450483885674778 ], [ 80.868216207162163, 16.450454077255518 ], [ 80.868269687961515, 16.45044557050478 ], [ 80.868027937697434, 16.449872408960303 ], [ 80.867716087922162, 16.449113974583099 ], [ 80.867703180242174, 16.44903212815192 ], [ 80.867690272506863, 16.448950293679662 ], [ 80.867672959458531, 16.448859839076125 ], [ 80.867499729208802, 16.448781995864955 ], [ 80.867451175911796, 16.44870439718467 ], [ 80.867292347863668, 16.448437117302653 ], [ 80.867138850743018, 16.448010535177655 ] ] ] } },
    { "type": "Feature", "properties": { "FID": "25", "Village": "NANDAMURU" }, "geometry": { "type": "Polygon", "coordinates": [ [ [ 80.866173714454149, 16.450230462022429 ], [ 80.866038171966068, 16.449778080040616 ], [ 80.865833808797277, 16.44888636444599 ], [ 80.865565859946614, 16.449027926032766 ], [ 80.864725366454621, 16.449637707275656 ], [ 80.864852618382997, 16.44997812436764 ], [ 80.86489274087657, 16.449969592100352 ], [ 80.865009994286851, 16.450508053588507 ], [ 80.866173714454149, 16.450230462022429 ] ] ] } },
    { "type": "Feature", "properties": { "FID": "26", "Village": "NANDAMURU" }, "geometry": { "type": "Polygon", "coordinates": [ [ [ 80.863795812235153, 16.450247296835325 ], [ 80.864725366454621, 16.449637707275656 ], [ 80.864457986566634, 16.449675930680304 ], [ 80.864440175507127, 16.449675895476563 ], [ 80.863569529860996, 16.450100453449213 ], [ 80.863252668594868, 16.450228997925088 ], [ 80.862753171469677, 16.450370096767713 ], [ 80.862712810521202, 16.450421697552329 ], [ 80.862717120373546, 16.450447540571027 ], [ 80.862939259330574, 16.450538401978836 ], [ 80.863795812235153, 16.450247296835325 ] ] ] } },
    { "type": "Feature", "properties": { "FID": "27", "Village": "NANDAMURU" }, "geometry": { "type": "Polygon", "coordinates": [ [ [ 80.861218035776275, 16.450173286011065 ], [ 80.860625503632164, 16.448621989117722 ], [ 80.8602688068693, 16.448707404156121 ], [ 80.859680199051695, 16.448869846508256 ], [ 80.86000398045168, 16.449890978862832 ], [ 80.860133301774397, 16.449856791218405 ], [ 80.860387718673451, 16.45055054784649 ], [ 80.861218035776275, 16.450173286011065 ] ] ] } },
    { "type": "Feature", "properties": { "FID": "28", "Village": "NANDAMURU" }, "geometry": { "type": "Polygon", "coordinates": [ [ [ 80.855586926691899, 16.450687306220001 ], [ 80.85648372132394, 16.450366172053553 ], [ 80.85677377471896, 16.450254806843589 ], [ 80.856778251447778, 16.450250510112387 ], [ 80.856769345895202, 16.450250492184324 ], [ 80.856192958360793, 16.449004935256454 ], [ 80.85601885809433, 16.449086405313881 ], [ 80.855054797523337, 16.449493504516809 ], [ 80.855564614803342, 16.450695872661534 ], [ 80.855586926691899, 16.450687306220001 ], [ 80.855586926691899, 16.450687306220001 ] ] ] } },
    { "type": "Feature", "properties": { "FID": "29", "Village": "NANDAMURU" }, "geometry": { "type": "Polygon", "coordinates": [ [ [ 80.868006712998422, 16.450492418545469 ], [ 80.867611872403657, 16.449441006830618 ], [ 80.867175027385443, 16.449526276400068 ], [ 80.866038171966068, 16.449778080040616 ], [ 80.866173714454149, 16.450230462022429 ], [ 80.866321761145002, 16.450837887262491 ], [ 80.868006712998422, 16.450492418545469 ] ] ] } },
    { "type": "Feature", "properties": { "FID": "30", "Village": "NANDAMURU" }, "geometry": { "type": "Polygon", "coordinates": [ [ [ 80.854288557635812, 16.455149890970937 ], [ 80.853814948296346, 16.453839866358614 ], [ 80.85379297224155, 16.453788152905478 ], [ 80.853099041811973, 16.454458560093688 ], [ 80.852857288583394, 16.454690579024607 ], [ 80.85287924044917, 16.454746598262421 ], [ 80.853028282715314, 16.455168863657399 ], [ 80.853050378900107, 16.455199048723184 ], [ 80.853067877987783, 16.455255058895357 ], [ 80.853089854011614, 16.455306772417071 ], [ 80.853490926531251, 16.455251611923838 ], [ 80.85371372679532, 16.455221923668276 ], [ 80.854248505658333, 16.455145504115297 ], [ 80.854288557635812, 16.455149890970937 ] ] ] } },
    { "type": "Feature", "properties": { "FID": "31", "Village": "NANDAMURU" }, "geometry": { "type": "Polygon", "coordinates": [ [ [ 80.869216884385537, 16.457151621349777 ], [ 80.869216908065695, 16.457147315653941 ], [ 80.869204022865347, 16.457061175633797 ], [ 80.869195401163836, 16.457009489880765 ], [ 80.869156911419992, 16.456720929937187 ], [ 80.869058330830811, 16.45602320699361 ], [ 80.869058354514138, 16.456018901297355 ], [ 80.86828717149622, 16.456168093435537 ], [ 80.867663009846552, 16.456326182625936 ], [ 80.868088442513269, 16.457485261239452 ], [ 80.868092895457053, 16.457485269964341 ], [ 80.869212431449128, 16.457151612648826 ], [ 80.869216884385537, 16.457151621349777 ] ] ] } },
    { "type": "Feature", "properties": { "FID": "32", "Village": "NANDAMURU" }, "geometry": { "type": "Polygon", "coordinates": [ [ [ 80.860625503632164, 16.448621989117722 ], [ 80.861080398831234, 16.448493723671501 ], [ 80.860762808685124, 16.447950554820626 ], [ 80.860896748341219, 16.447886235685782 ], [ 80.860539491117322, 16.447269777771261 ], [ 80.860535038408159, 16.447269768887669 ], [ 80.860098028135141, 16.447385163625739 ], [ 80.859616767120983, 16.447461705309863 ], [ 80.8602688068693, 16.448707404156121 ], [ 80.860625503632164, 16.448621989117722 ] ] ] } },
    { "type": "Feature", "properties": { "FID": "33", "Village": "NANDAMURU" }, "geometry": { "type": "Polygon", "coordinates": [ [ [ 80.863146397578063, 16.448510747318878 ], [ 80.863085892896564, 16.448179073023987 ], [ 80.863038055921834, 16.447972302395051 ], [ 80.862981004010891, 16.44782148816202 ], [ 80.862853518553351, 16.447524126879738 ], [ 80.862779037239321, 16.447304374119103 ], [ 80.862634146520236, 16.446933792439761 ], [ 80.861621850751177, 16.448012546455946 ], [ 80.861820721414219, 16.448284215993262 ], [ 80.862200653481722, 16.448827507139924 ], [ 80.862780582296637, 16.44863488830217 ], [ 80.862967716487603, 16.448613730850635 ], [ 80.862976955381683, 16.448553468747981 ], [ 80.863146397578063, 16.448510747318878 ] ] ] } },
    { "type": "Feature", "properties": { "FID": "34", "Village": "NANDAMURU" }, "geometry": { "type": "Polygon", "coordinates": [ [ [ 80.859680199051695, 16.448869846508256 ], [ 80.8602688068693, 16.448707404156121 ], [ 80.859616767120983, 16.447461705309863 ], [ 80.858520324408573, 16.447657574371807 ], [ 80.858511418973478, 16.447657556518649 ], [ 80.858462176020893, 16.447704820983528 ], [ 80.858860069562994, 16.449018906323129 ], [ 80.858917572751238, 16.44908792536976 ], [ 80.859680199051695, 16.448869846508256 ] ] ] } },
    { "type": "Feature", "properties": { "FID": "35", "Village": "NANDAMURU" }, "geometry": { "type": "Polygon", "coordinates": [ [ [ 80.857260073168405, 16.449282663273927 ], [ 80.857260192875941, 16.449261134795282 ], [ 80.8572384558301, 16.449166364720003 ], [ 80.857086608508936, 16.448446976142023 ], [ 80.857030255580256, 16.448171283184049 ], [ 80.856865327380916, 16.447404516839946 ], [ 80.856752716180608, 16.447636800371264 ], [ 80.857086128406365, 16.449333982362134 ], [ 80.857237761512792, 16.449291229896506 ], [ 80.857260073168405, 16.449282663273927 ] ] ] } },
    { "type": "Feature", "properties": { "FID": "36", "Village": "NANDAMURU" }, "geometry": { "type": "Polygon", "coordinates": [ [ [ 80.858917572751238, 16.44908792536976 ], [ 80.858860069562994, 16.449018906323129 ], [ 80.858462176020893, 16.447704820983528 ], [ 80.858511418973478, 16.447657556518649 ], [ 80.858402947077167, 16.447144943439664 ], [ 80.85686539922979, 16.447391599750784 ], [ 80.856865327380916, 16.447404516839946 ], [ 80.857030255580256, 16.448171283184049 ], [ 80.857086608508936, 16.448446976142023 ], [ 80.8572384558301, 16.449166364720003 ], [ 80.857260192875941, 16.449261134795282 ], [ 80.857260073168405, 16.449282663273927 ], [ 80.857268547733142, 16.449360183703636 ], [ 80.857741077928523, 16.44926210120008 ], [ 80.858373990844058, 16.449151422099746 ], [ 80.858632477181246, 16.449108882885774 ], [ 80.858917572751238, 16.44908792536976 ] ] ] } },
    { "type": "Feature", "properties": { "FID": "37", "Village": "NANDAMURU" }, "geometry": { "type": "Polygon", "coordinates": [ [ [ 80.857148079805597, 16.452606567461263 ], [ 80.856728357940369, 16.451214920063791 ], [ 80.85648372132394, 16.450366172053553 ], [ 80.855586926691899, 16.450687306220001 ], [ 80.855793210775218, 16.451225952400751 ], [ 80.855995043108621, 16.451764601339399 ], [ 80.856322976684567, 16.452846027780282 ], [ 80.856323000647848, 16.452841722086287 ], [ 80.856684327102968, 16.452726194934744 ], [ 80.857148079805597, 16.452606567461263 ] ] ] } },
    { "type": "Feature", "properties": { "FID": "38", "Village": "NANDAMURU" }, "geometry": { "type": "Polygon", "coordinates": [ [ [ 80.855716396565512, 16.453025621674563 ], [ 80.856322976684567, 16.452846027780282 ], [ 80.855995043108621, 16.451764601339399 ], [ 80.855793210775218, 16.451225952400751 ], [ 80.855586926691899, 16.450687306220001 ], [ 80.855564614803342, 16.450695872661534 ], [ 80.855341399873893, 16.450798759723245 ], [ 80.855314587136959, 16.450815940492628 ], [ 80.855020163642266, 16.45091437760513 ], [ 80.855120466717267, 16.451293497676168 ], [ 80.855120418738636, 16.451302109064727 ], [ 80.855291115270774, 16.451832072291211 ], [ 80.855422397210603, 16.452245700713242 ], [ 80.855466301893671, 16.452357738682622 ], [ 80.855716396565512, 16.453025621674563 ], [ 80.855716396565512, 16.453025621674563 ] ] ] } },
    { "type": "Feature", "properties": { "FID": "39", "Village": "NANDAMURU" }, "geometry": { "type": "Polygon", "coordinates": [ [ [ 80.865681896484091, 16.453015381501785 ], [ 80.866804961814793, 16.452845362001227 ], [ 80.866743832492133, 16.452625648926279 ], [ 80.866458518849939, 16.452685368317287 ], [ 80.866258033781037, 16.45189699883856 ], [ 80.866210667524797, 16.451604103069034 ], [ 80.865421498466361, 16.451787707319713 ], [ 80.865591166670782, 16.452511418731707 ], [ 80.865243370555689, 16.452596859718785 ], [ 80.86529106837088, 16.452829463958651 ], [ 80.865505089676361, 16.452778217102463 ], [ 80.865565932666726, 16.453049574963352 ], [ 80.865681896484091, 16.453015381501785 ] ] ] } },
    { "type": "Feature", "properties": { "FID": "40", "Village": "NANDAMURU" }, "geometry": { "type": "Polygon", "coordinates": [ [ [ 80.856919045514445, 16.452954871785849 ], [ 80.856927975140408, 16.452950584014403 ], [ 80.857516683296197, 16.452783843995824 ], [ 80.857962528606848, 16.452681401700765 ], [ 80.858082922542096, 16.452651503163253 ], [ 80.85800406365496, 16.452418822819279 ], [ 80.857901481158521, 16.452448757075857 ], [ 80.857883621994347, 16.452457332702402 ], [ 80.857148079805597, 16.452606567461263 ], [ 80.856684327102968, 16.452726194934744 ], [ 80.856323000647848, 16.452841722086287 ], [ 80.856322976684567, 16.452846027780282 ], [ 80.855716396565512, 16.453025621674563 ], [ 80.855893575200284, 16.453193903135173 ], [ 80.856919045514445, 16.452954871785849 ] ] ] } },
    { "type": "Feature", "properties": { "FID": "41", "Village": "NANDAMURU" }, "geometry": { "type": "Polygon", "coordinates": [ [ [ 80.867611872403657, 16.449441006830618 ], [ 80.867387770193133, 16.448898031301685 ], [ 80.86709476665051, 16.448738143510372 ], [ 80.866641963426815, 16.448487508588666 ], [ 80.865833808797277, 16.44888636444599 ], [ 80.866038171966068, 16.449778080040616 ], [ 80.867175027385443, 16.449526276400068 ], [ 80.867611872403657, 16.449441006830618 ] ] ] } },
    { "type": "Feature", "properties": { "FID": "42", "Village": "NANDAMURU" }, "geometry": { "type": "Polygon", "coordinates": [ [ [ 80.864440175507127, 16.449675895476563 ], [ 80.864277730597919, 16.449257905139447 ], [ 80.86446986498764, 16.449137724107253 ], [ 80.864431478895128, 16.448831928390376 ], [ 80.864189527731284, 16.4482975256734 ], [ 80.864198433198055, 16.44829754328563 ], [ 80.864176288474653, 16.448275970763877 ], [ 80.864154143756139, 16.448254398239772 ], [ 80.863168304103127, 16.448575376925273 ], [ 80.863367773414069, 16.449544600740087 ], [ 80.863569529860996, 16.450100453449213 ], [ 80.864440175507127, 16.449675895476563 ] ] ] } },
    { "type": "Feature", "properties": { "FID": "43", "Village": "NANDAMURU" }, "geometry": { "type": "Polygon", "coordinates": [ [ [ 80.862490126692634, 16.449624668846447 ], [ 80.862324091197465, 16.449051651121799 ], [ 80.862200653481722, 16.448827507139924 ], [ 80.861820721414219, 16.448284215993262 ], [ 80.861080398831234, 16.448493723671501 ], [ 80.860625503632164, 16.448621989117722 ], [ 80.861218035776275, 16.450173286011065 ], [ 80.862490126692634, 16.449624668846447 ] ] ] } },
    { "type": "Feature", "properties": { "FID": "44", "Village": "NANDAMURU" }, "geometry": { "type": "Polygon", "coordinates": [ [ [ 80.854860288018088, 16.453234873432969 ], [ 80.854496102719722, 16.452265356597024 ], [ 80.854373860757789, 16.451830217197916 ], [ 80.854308413060622, 16.451588951140703 ], [ 80.854132413860256, 16.451209677371683 ], [ 80.854128057107374, 16.451192445575199 ], [ 80.853365175402558, 16.451453561009536 ], [ 80.853324956002297, 16.451479313838018 ], [ 80.853408718319756, 16.451630184812171 ], [ 80.853417551852814, 16.451643119964423 ], [ 80.853523362076089, 16.45183279927096 ], [ 80.853682065458798, 16.452117312122095 ], [ 80.85368647023455, 16.452125932539133 ], [ 80.853893495131558, 16.452531092030995 ], [ 80.854272140861966, 16.453302575037302 ], [ 80.854298497812835, 16.453367214539966 ], [ 80.854860288018088, 16.453234873432969 ] ] ] } },
    { "type": "Feature", "properties": { "FID": "45", "Village": "NANDAMURU" }, "geometry": { "type": "Polygon", "coordinates": [ [ [ 80.854997318488813, 16.453415991672404 ], [ 80.855826710629103, 16.45320668545676 ], [ 80.855893575200284, 16.453193903135173 ], [ 80.855716396565512, 16.453025621674563 ], [ 80.855069859576105, 16.453183628251818 ], [ 80.854860288018088, 16.453234873432969 ], [ 80.854298497812835, 16.453367214539966 ], [ 80.854329283621851, 16.453436168748805 ], [ 80.854346782923756, 16.453492178825307 ], [ 80.854311016079279, 16.453517940851757 ], [ 80.854337253034998, 16.453604108814087 ], [ 80.854386330434451, 16.453586985216177 ], [ 80.854997318488813, 16.453415991672404 ] ] ] } },
    { "type": "Feature", "properties": { "FID": "46", "Village": "NANDAMURU" }, "geometry": { "type": "Polygon", "coordinates": [ [ [ 80.859775031529125, 16.453447125056474 ], [ 80.859798896192174, 16.453158688008035 ], [ 80.859830113867318, 16.453150138918073 ], [ 80.859783592821955, 16.452706578357205 ], [ 80.859633773320112, 16.452422087850074 ], [ 80.859410749677949, 16.452490533668584 ], [ 80.858577533161949, 16.45258790910389 ], [ 80.858082922542096, 16.452651503163253 ], [ 80.858349450725768, 16.453569137124134 ], [ 80.858371260539172, 16.453650989969802 ], [ 80.859298660662517, 16.45343325506434 ], [ 80.859508027791634, 16.453416450972195 ], [ 80.85947649943931, 16.453480974043931 ], [ 80.859775031529125, 16.453447125056474 ] ] ] } },
    { "type": "Feature", "properties": { "FID": "47", "Village": "NANDAMURU" }, "geometry": { "type": "Polygon", "coordinates": [ [ [ 80.862365666545813, 16.454412587705956 ], [ 80.862748827980027, 16.454374596854954 ], [ 80.863372658574889, 16.454298330709786 ], [ 80.863395851425722, 16.454130452709435 ], [ 80.862620766818765, 16.454180584233821 ], [ 80.862340236185929, 16.454180027092427 ], [ 80.862010867049364, 16.454153538022492 ], [ 80.861929046649109, 16.454454777293748 ], [ 80.861937952395778, 16.454454795004107 ], [ 80.862365666545813, 16.454412587705956 ] ] ] } },
    { "type": "Feature", "properties": { "FID": "48", "Village": "NANDAMURU" }, "geometry": { "type": "Polygon", "coordinates": [ [ [ 80.863606525500444, 16.446630000539351 ], [ 80.863412320938991, 16.446319590181151 ], [ 80.86296236211075, 16.445556557213198 ], [ 80.863747793160556, 16.445239488408461 ], [ 80.863703909142401, 16.445123134413372 ], [ 80.862385111371339, 16.445266926462381 ], [ 80.862376206043535, 16.445266908774173 ], [ 80.861360450157761, 16.445363920906125 ], [ 80.861360426307854, 16.445368226604632 ], [ 80.861657061984062, 16.445674536955146 ], [ 80.86217199914293, 16.445959740129297 ], [ 80.86263822023966, 16.446197494098204 ], [ 80.862664841065083, 16.446214769923362 ], [ 80.863548307233515, 16.446690165673541 ], [ 80.86368591244586, 16.446767941609021 ], [ 80.863606525500444, 16.446630000539351 ] ] ] } },
    { "type": "Feature", "properties": { "FID": "49", "Village": "NANDAMURU" }, "geometry": { "type": "Polygon", "coordinates": [ [ [ 80.861534962067296, 16.45646477467772 ], [ 80.861901751872963, 16.455363234605144 ], [ 80.861826153714929, 16.454540687495008 ], [ 80.861929022808994, 16.454459082988677 ], [ 80.861309858729996, 16.454496602444085 ], [ 80.860494553088827, 16.454572480437225 ], [ 80.859817443427531, 16.454631408551059 ], [ 80.859572439631592, 16.454648141675772 ], [ 80.859978006221041, 16.45537662275698 ], [ 80.860442050721318, 16.456010493426085 ], [ 80.861112101769578, 16.456433792314172 ], [ 80.861298933502155, 16.45646861044705 ], [ 80.861459238591735, 16.456468929670105 ], [ 80.86153050914821, 16.456464765813681 ], [ 80.861534962067296, 16.45646477467772 ] ] ] } },
    { "type": "Feature", "properties": { "FID": "50", "Village": "NANDAMURU" }, "geometry": { "type": "Polygon", "coordinates": [ [ [ 80.86648123003296, 16.456642486309324 ], [ 80.867364379743705, 16.456377265598249 ], [ 80.867368856382768, 16.456372968642683 ], [ 80.867043160613775, 16.455679104612678 ], [ 80.866476356777682, 16.454295847075407 ], [ 80.866266810668463, 16.454342797972405 ], [ 80.866201181138891, 16.454131687400949 ], [ 80.866080929985102, 16.454135756421998 ], [ 80.865377210673984, 16.454164509923523 ], [ 80.865368304939082, 16.454164492359375 ], [ 80.865464675964475, 16.454453167174471 ], [ 80.865526042008838, 16.4546298236193 ], [ 80.865961057871047, 16.455685587728404 ], [ 80.866441153715016, 16.456642407475034 ], [ 80.86648123003296, 16.456642486309324 ], [ 80.86648123003296, 16.456642486309324 ] ] ] } },
    { "type": "Feature", "properties": { "FID": "51", "Village": "NANDAMURU" }, "geometry": { "type": "Polygon", "coordinates": [ [ [ 80.860949501678377, 16.444794731816973 ], [ 80.860875524595443, 16.444484558674343 ], [ 80.860724182368486, 16.444475645440967 ], [ 80.860523837190343, 16.444470940085587 ], [ 80.860034165603707, 16.444448433848667 ], [ 80.859744948852779, 16.444422021486414 ], [ 80.859415668228038, 16.444382611348832 ], [ 80.859001919416784, 16.444321502847806 ], [ 80.858690473591921, 16.444277821537415 ], [ 80.858831595485057, 16.4445235317982 ], [ 80.858827166744391, 16.444519217180691 ], [ 80.858827142838891, 16.444523522878828 ], [ 80.858772157080821, 16.444803298173003 ], [ 80.857907278215592, 16.444995322213078 ], [ 80.857915322135383, 16.445150357166394 ], [ 80.858779508453125, 16.445083186380455 ], [ 80.85879286642988, 16.445083213141611 ], [ 80.860561333264329, 16.444936047435842 ], [ 80.860583596544132, 16.444936091848021 ], [ 80.860931142305304, 16.444893727386305 ], [ 80.860957858235778, 16.444893780633478 ], [ 80.860949477819588, 16.444799037515597 ], [ 80.860949501678377, 16.444794731816973 ] ] ] } },
    { "type": "Feature", "properties": { "FID": "52", "Village": "NANDAMURU" }, "geometry": { "type": "Polygon", "coordinates": [ [ [ 80.864018283880839, 16.444637195302896 ], [ 80.863804485299568, 16.444649689449559 ], [ 80.863786603310388, 16.444662571292156 ], [ 80.863073798199778, 16.44473006296661 ], [ 80.862191768030186, 16.444801509795994 ], [ 80.86225331878353, 16.444943721724755 ], [ 80.862297225790982, 16.44505575835937 ], [ 80.862332394257834, 16.445137649362174 ], [ 80.862385111371339, 16.445266926462381 ], [ 80.863703909142401, 16.445123134413372 ], [ 80.863747793160556, 16.445239488408461 ], [ 80.864202892617598, 16.445072452817758 ], [ 80.864305375149428, 16.445059738218173 ], [ 80.86435437818885, 16.445055529348231 ], [ 80.864372188826891, 16.445055564556124 ], [ 80.864447931602285, 16.445047102773803 ], [ 80.8643372097238, 16.444939240252655 ], [ 80.864310636491155, 16.44491335323886 ], [ 80.864239774571871, 16.444844321185535 ], [ 80.864137886862153, 16.444749393266338 ], [ 80.86409357444262, 16.444710553898776 ], [ 80.864018283880839, 16.444637195302896 ] ] ] } },
    { "type": "Feature", "properties": { "FID": "53", "Village": "NANDAMURU" }, "geometry": { "type": "Polygon", "coordinates": [ [ [ 80.858827142838891, 16.444523522878828 ], [ 80.858827166744391, 16.444519217180691 ], [ 80.858831595485057, 16.4445235317982 ], [ 80.858690473591921, 16.444277821537415 ], [ 80.858463568754956, 16.444247214556043 ], [ 80.857991947801239, 16.444181682283492 ], [ 80.857587057292022, 16.44412920026684 ], [ 80.857097626392388, 16.44406363020363 ], [ 80.856629297631443, 16.444209083042292 ], [ 80.856312489330307, 16.444329017707137 ], [ 80.85625000858056, 16.444354726263899 ], [ 80.856378128894875, 16.444535825766348 ], [ 80.856575120145422, 16.445143356631739 ], [ 80.857897511494357, 16.445150321410093 ], [ 80.857915322135383, 16.445150357166394 ], [ 80.857907278215592, 16.444995322213078 ], [ 80.858772157080821, 16.444803298173003 ], [ 80.858827142838891, 16.444523522878828 ], [ 80.858827142838891, 16.444523522878828 ] ] ] } },
    { "type": "Feature", "properties": { "FID": "54", "Village": "NANDAMURU" }, "geometry": { "type": "Polygon", "coordinates": [ [ [ 80.859538726718966, 16.445476540864014 ], [ 80.859761431778693, 16.445464068875683 ], [ 80.860674548704722, 16.445397000041474 ], [ 80.860692550287808, 16.445362589975648 ], [ 80.860561333264329, 16.444936047435842 ], [ 80.85879286642988, 16.445083213141611 ], [ 80.858779508453125, 16.445083186380455 ], [ 80.858836651883166, 16.445216790933735 ], [ 80.858898224217981, 16.445354698125978 ], [ 80.8589246055583, 16.445415031401858 ], [ 80.858950939108666, 16.445483976069752 ], [ 80.858964153696306, 16.445509837006814 ], [ 80.859538726718966, 16.445476540864014 ] ] ] } },
    { "type": "Feature", "properties": { "FID": "55", "Village": "NANDAMURU" }, "geometry": { "type": "Polygon", "coordinates": [ [ [ 80.858836651883166, 16.445216790933735 ], [ 80.858779508453125, 16.445083186380455 ], [ 80.857915322135383, 16.445150357166394 ], [ 80.857897511494357, 16.445150321410093 ], [ 80.856575120145422, 16.445143356631739 ], [ 80.856588190664226, 16.445195051900001 ], [ 80.85659673666305, 16.44525965529197 ], [ 80.856608920872986, 16.445470661352509 ], [ 80.856617323096273, 16.44556111088481 ], [ 80.856621440403373, 16.445621399610101 ], [ 80.85662550980409, 16.445690299729034 ], [ 80.858019817486436, 16.445576847690603 ], [ 80.858037628166457, 16.445576883436825 ], [ 80.858964153696306, 16.445509837006814 ], [ 80.858950939108666, 16.445483976069752 ], [ 80.8589246055583, 16.445415031401858 ], [ 80.858898224217981, 16.445354698125978 ], [ 80.858836651883166, 16.445216790933735 ] ] ] } },
    { "type": "Feature", "properties": { "FID": "56", "Village": "NANDAMURU" }, "geometry": { "type": "Polygon", "coordinates": [ [ [ 80.861360426307854, 16.445368226604632 ], [ 80.861360450157761, 16.445363920906125 ], [ 80.862376206043535, 16.445266908774173 ], [ 80.862385111371339, 16.445266926462381 ], [ 80.862332394257834, 16.445137649362174 ], [ 80.862297225790982, 16.44505575835937 ], [ 80.86225331878353, 16.444943721724755 ], [ 80.862191768030186, 16.444801509795994 ], [ 80.862169504763955, 16.444801465554647 ], [ 80.861233922853117, 16.444894330655025 ], [ 80.861193848956773, 16.444894250835727 ], [ 80.860957858235778, 16.444893780633478 ], [ 80.860931142305304, 16.444893727386305 ], [ 80.860583596544132, 16.444936091848021 ], [ 80.860561333264329, 16.444936047435842 ], [ 80.860692550287808, 16.445362589975648 ], [ 80.86085246447638, 16.445431800766489 ], [ 80.861061095715371, 16.445548471717093 ], [ 80.861562792792867, 16.445812133232998 ], [ 80.861514385674667, 16.445708698988884 ], [ 80.861360426307854, 16.445368226604632 ] ] ] } },
    { "type": "Feature", "properties": { "FID": "57", "Village": "NANDAMURU" }, "geometry": { "type": "Polygon", "coordinates": [ [ [ 80.858258519324977, 16.446692538591424 ], [ 80.858019817486436, 16.445576847690603 ], [ 80.85662550980409, 16.445690299729034 ], [ 80.856787861187271, 16.446922105552311 ], [ 80.858258519324977, 16.446692538591424 ] ] ] } },
    { "type": "Feature", "properties": { "FID": "58", "Village": "NANDAMURU" }, "geometry": { "type": "Polygon", "coordinates": [ [ [ 80.862392178840182, 16.446403681345178 ], [ 80.862530521942617, 16.446347981385991 ], [ 80.861562792792867, 16.445812133232998 ], [ 80.861588197306119, 16.446049011769365 ], [ 80.861427757679024, 16.44607452689926 ], [ 80.861416276563659, 16.446539536528658 ], [ 80.861463014401508, 16.446944381604844 ], [ 80.861471657478049, 16.446991762009041 ], [ 80.861498206764665, 16.447021955074614 ], [ 80.861498182917288, 16.447026260772475 ], [ 80.862392178840182, 16.446403681345178 ] ] ] } },
    { "type": "Feature", "properties": { "FID": "59", "Village": "NANDAMURU" }, "geometry": { "type": "Polygon", "coordinates": [ [ [ 80.865539541782439, 16.446534787700454 ], [ 80.865415603017595, 16.446401053265493 ], [ 80.865012785227336, 16.445969672028003 ], [ 80.864673501695833, 16.446128326670099 ], [ 80.863606525500444, 16.446630000539351 ], [ 80.86368591244586, 16.446767941609021 ], [ 80.86424990652732, 16.44704033153776 ], [ 80.864883640813446, 16.446778921264045 ], [ 80.865102060740014, 16.446736294930382 ], [ 80.865539541782439, 16.446534787700454 ] ] ] } },
    { "type": "Feature", "properties": { "FID": "60", "Village": "NANDAMURU" }, "geometry": { "type": "Polygon", "coordinates": [ [ [ 80.861416276563659, 16.446539536528658 ], [ 80.861427757679024, 16.44607452689926 ], [ 80.861588197306119, 16.446049011769365 ], [ 80.861562792792867, 16.445812133232998 ], [ 80.861061095715371, 16.445548471717093 ], [ 80.86085246447638, 16.445431800766489 ], [ 80.860692550287808, 16.445362589975648 ], [ 80.860674548704722, 16.445397000041474 ], [ 80.859761431778693, 16.445464068875683 ], [ 80.859538726718966, 16.445476540864014 ], [ 80.859823850912591, 16.446252168991293 ], [ 80.858740354398833, 16.446521274767615 ], [ 80.858893162645145, 16.447068422472842 ], [ 80.859825055297208, 16.446837764721508 ], [ 80.861416276563659, 16.446539536528658 ], [ 80.861416276563659, 16.446539536528658 ] ] ] } },
    { "type": "Feature", "properties": { "FID": "61", "Village": "NANDAMURU" }, "geometry": { "type": "Polygon", "coordinates": [ [ [ 80.859823850912591, 16.446252168991293 ], [ 80.859538726718966, 16.445476540864014 ], [ 80.858964153696306, 16.445509837006814 ], [ 80.858037628166457, 16.445576883436825 ], [ 80.858019817486436, 16.445576847690603 ], [ 80.858258519324977, 16.446692538591424 ], [ 80.856787861187271, 16.446922105552311 ], [ 80.85686539922979, 16.447391599750784 ], [ 80.858402947077167, 16.447144943439664 ], [ 80.858893162645145, 16.447068422472842 ], [ 80.858740354398833, 16.446521274767615 ], [ 80.859823850912591, 16.446252168991293 ] ] ] } },
    { "type": "Feature", "properties": { "FID": "62", "Village": "NANDAMURU" }, "geometry": { "type": "Polygon", "coordinates": [ [ [ 80.864725366454621, 16.449637707275656 ], [ 80.865565859946614, 16.449027926032766 ], [ 80.865833808797277, 16.44888636444599 ], [ 80.866641963426815, 16.448487508588666 ], [ 80.866442159938032, 16.448383777787654 ], [ 80.865607716500065, 16.448705077654154 ], [ 80.865003862519004, 16.449199059246059 ], [ 80.864457986566634, 16.449675930680304 ], [ 80.864725366454621, 16.449637707275656 ] ] ] } },
    { "type": "Feature", "properties": { "FID": "63", "Village": "NANDAMURU" }, "geometry": { "type": "Polygon", "coordinates": [ [ [ 80.864457986566634, 16.449675930680304 ], [ 80.865003862519004, 16.449199059246059 ], [ 80.865607716500065, 16.448705077654154 ], [ 80.865489203215475, 16.448394818421928 ], [ 80.865334498158973, 16.448187825627951 ], [ 80.864880890144477, 16.44808359262391 ], [ 80.864626775489356, 16.448139065432841 ], [ 80.864198433198055, 16.44829754328563 ], [ 80.864189527731284, 16.4482975256734 ], [ 80.864431478895128, 16.448831928390376 ], [ 80.86446986498764, 16.449137724107253 ], [ 80.864277730597919, 16.449257905139447 ], [ 80.864440175507127, 16.449675895476563 ], [ 80.864457986566634, 16.449675930680304 ] ] ] } },
    { "type": "Feature", "properties": { "FID": "64", "Village": "NANDAMURU" }, "geometry": { "type": "Polygon", "coordinates": [ [ [ 80.855564614803342, 16.450695872661534 ], [ 80.855054797523337, 16.449493504516809 ], [ 80.85601885809433, 16.449086405313881 ], [ 80.855917787298367, 16.448845067845596 ], [ 80.854592262640821, 16.449393536980878 ], [ 80.854373585845607, 16.449483514983491 ], [ 80.854346869296123, 16.449483460892573 ], [ 80.854839926825946, 16.450496344147247 ], [ 80.855020163642266, 16.45091437760513 ], [ 80.855314587136959, 16.450815940492628 ], [ 80.855341399873893, 16.450798759723245 ], [ 80.855564614803342, 16.450695872661534 ] ] ] } },
    { "type": "Feature", "properties": { "FID": "65", "Village": "NANDAMURU" }, "geometry": { "type": "Polygon", "coordinates": [ [ [ 80.860249324232129, 16.450614857734287 ], [ 80.860387718673451, 16.45055054784649 ], [ 80.860133301774397, 16.449856791218405 ], [ 80.86000398045168, 16.449890978862832 ], [ 80.859680199051695, 16.448869846508256 ], [ 80.858917572751238, 16.44908792536976 ], [ 80.859144670305952, 16.449889260443577 ], [ 80.859490214378056, 16.451009481110628 ], [ 80.860249324232129, 16.450614857734287 ] ] ] } },
    { "type": "Feature", "properties": { "FID": "66", "Village": "NANDAMURU" }, "geometry": { "type": "Polygon", "coordinates": [ [ [ 80.859490214378056, 16.451009481110628 ], [ 80.859144670305952, 16.449889260443577 ], [ 80.858917572751238, 16.44908792536976 ], [ 80.858632477181246, 16.449108882885774 ], [ 80.858373990844058, 16.449151422099746 ], [ 80.857741077928523, 16.44926210120008 ], [ 80.857268547733142, 16.449360183703636 ], [ 80.857293396818562, 16.449696093641926 ], [ 80.857297849582338, 16.449696102594785 ], [ 80.858225256026259, 16.449474054562291 ], [ 80.858334350566651, 16.449874719536027 ], [ 80.858740364063678, 16.45133092262585 ], [ 80.859490214378056, 16.451009481110628 ] ] ] } },
    { "type": "Feature", "properties": { "FID": "67", "Village": "NANDAMURU" }, "geometry": { "type": "Polygon", "coordinates": [ [ [ 80.854128057107374, 16.451192445575199 ], [ 80.853947845971192, 16.450770105680565 ], [ 80.853882278997077, 16.450550379904506 ], [ 80.853719735947152, 16.450153910064145 ], [ 80.853938594265017, 16.450033792921591 ], [ 80.853802071572559, 16.449762242413783 ], [ 80.852796714340315, 16.450388864242314 ], [ 80.852778446453158, 16.45047063623257 ], [ 80.853144193594801, 16.451156004233443 ], [ 80.853324956002297, 16.451479313838018 ], [ 80.853365175402558, 16.451453561009536 ], [ 80.854128057107374, 16.451192445575199 ] ] ] } },
    { "type": "Feature", "properties": { "FID": "68", "Village": "NANDAMURU" }, "geometry": { "type": "Polygon", "coordinates": [ [ [ 80.865147182968428, 16.451468529200994 ], [ 80.865121393116212, 16.451300554294665 ], [ 80.865183756112742, 16.451296371605288 ], [ 80.865009994286851, 16.450508053588507 ], [ 80.86489274087657, 16.449969592100352 ], [ 80.864852618382997, 16.44997812436764 ], [ 80.864725366454621, 16.449637707275656 ], [ 80.863795812235153, 16.450247296835325 ], [ 80.864011214502597, 16.450751507177408 ], [ 80.863681232023154, 16.450836980846454 ], [ 80.86374976353946, 16.451327983311618 ], [ 80.863919089008078, 16.451306789769991 ], [ 80.863949116479162, 16.451513524898704 ], [ 80.864791457797097, 16.451377406349057 ], [ 80.864844201969774, 16.451502377082122 ], [ 80.865147182968428, 16.451468529200994 ] ] ] } },
    { "type": "Feature", "properties": { "FID": "69", "Village": "NANDAMURU" }, "geometry": { "type": "Polygon", "coordinates": [ [ [ 80.858740364063678, 16.45133092262585 ], [ 80.858334350566651, 16.449874719536027 ], [ 80.858225256026259, 16.449474054562291 ], [ 80.857297849582338, 16.449696102594785 ], [ 80.857302158701827, 16.449721945720917 ], [ 80.857450105622377, 16.450342282167096 ], [ 80.85748919915396, 16.45051890817885 ], [ 80.857597837989587, 16.451001381695992 ], [ 80.85776837349087, 16.451561482836151 ], [ 80.857768349559862, 16.451565788531081 ], [ 80.858740364063678, 16.45133092262585 ] ] ] } },
    { "type": "Feature", "properties": { "FID": "70", "Village": "NANDAMURU" }, "geometry": { "type": "Polygon", "coordinates": [ [ [ 80.855120466717267, 16.451293497676168 ], [ 80.855020163642266, 16.45091437760513 ], [ 80.854839926825946, 16.450496344147247 ], [ 80.854346869296123, 16.449483460892573 ], [ 80.854315699988433, 16.449483397782188 ], [ 80.853802071572559, 16.449762242413783 ], [ 80.853938594265017, 16.450033792921591 ], [ 80.853719735947152, 16.450153910064145 ], [ 80.853882278997077, 16.450550379904506 ], [ 80.853947845971192, 16.450770105680565 ], [ 80.854128057107374, 16.451192445575199 ], [ 80.854132413860256, 16.451209677371683 ], [ 80.854308413060622, 16.451588951140703 ], [ 80.855120466717267, 16.451293497676168 ] ] ] } },
    { "type": "Feature", "properties": { "FID": "71", "Village": "NANDAMURU" }, "geometry": { "type": "Polygon", "coordinates": [ [ [ 80.861150949430311, 16.451030019309719 ], [ 80.861610755850265, 16.45081994146436 ], [ 80.861994768514791, 16.450626946854211 ], [ 80.862712810521202, 16.450421697552329 ], [ 80.862753171469677, 16.450370096767713 ], [ 80.862490126692634, 16.449624668846447 ], [ 80.861218035776275, 16.450173286011065 ], [ 80.860387718673451, 16.45055054784649 ], [ 80.860249324232129, 16.450614857734287 ], [ 80.86075080825762, 16.451722470351683 ], [ 80.861219737043825, 16.451473659889874 ], [ 80.861034532571423, 16.451146042419889 ], [ 80.861150949430311, 16.451030019309719 ] ] ] } },
    { "type": "Feature", "properties": { "FID": "72", "Village": "NANDAMURU" }, "geometry": { "type": "Polygon", "coordinates": [ [ [ 80.862717120373546, 16.450447540571027 ], [ 80.862712810521202, 16.450421697552329 ], [ 80.861994768514791, 16.450626946854211 ], [ 80.861610755850265, 16.45081994146436 ], [ 80.861150949430311, 16.451030019309719 ], [ 80.861561148290789, 16.451737002002162 ], [ 80.86269411589025, 16.451386170997697 ], [ 80.86273797692715, 16.451506818876915 ], [ 80.863032386070586, 16.451412676629328 ], [ 80.862717120373546, 16.450447540571027 ] ] ] } },
    { "type": "Feature", "properties": { "FID": "73", "Village": "NANDAMURU" }, "geometry": { "type": "Polygon", "coordinates": [ [ [ 80.868361298221387, 16.451599713337341 ], [ 80.868287117195649, 16.451324000447954 ], [ 80.868169119516793, 16.45091901740679 ], [ 80.868006712998422, 16.450492418545469 ], [ 80.866321761145002, 16.450837887262491 ], [ 80.866574539767555, 16.451833035306016 ], [ 80.867265437681979, 16.451705220448684 ], [ 80.868361298221387, 16.451599713337341 ] ] ] } },
    { "type": "Feature", "properties": { "FID": "74", "Village": "NANDAMURU" }, "geometry": { "type": "Polygon", "coordinates": [ [ [ 80.866574539767555, 16.451833035306016 ], [ 80.866321761145002, 16.450837887262491 ], [ 80.866173714454149, 16.450230462022429 ], [ 80.865009994286851, 16.450508053588507 ], [ 80.865183756112742, 16.451296371605288 ], [ 80.865121393116212, 16.451300554294665 ], [ 80.865147182968428, 16.451468529200994 ], [ 80.865159970954778, 16.451571892288666 ], [ 80.865391659563684, 16.451546514858439 ], [ 80.865421498466361, 16.451787707319713 ], [ 80.866210667524797, 16.451604103069034 ], [ 80.866258033781037, 16.45189699883856 ], [ 80.866574539767555, 16.451833035306016 ] ] ] } },
    { "type": "Feature", "properties": { "FID": "75", "Village": "NANDAMURU" }, "geometry": { "type": "Polygon", "coordinates": [ [ [ 80.868906743629012, 16.452009838221905 ], [ 80.868827706185598, 16.451807313686345 ], [ 80.868801368303181, 16.451738370267954 ], [ 80.868608074478658, 16.451260030589641 ], [ 80.868537801077849, 16.451083357549198 ], [ 80.868269687961515, 16.45044557050478 ], [ 80.868216207162163, 16.450454077255518 ], [ 80.868046835464796, 16.450483885674778 ], [ 80.868006712998422, 16.450492418545469 ], [ 80.868169119516793, 16.45091901740679 ], [ 80.868287117195649, 16.451324000447954 ], [ 80.868361298221387, 16.451599713337341 ], [ 80.86843244839153, 16.451617075607512 ], [ 80.868523824888669, 16.452004783402508 ], [ 80.868554994620695, 16.452004844403664 ], [ 80.868586140660213, 16.452009211097966 ], [ 80.868652885562696, 16.452017953184804 ], [ 80.868733012618861, 16.452022415684073 ], [ 80.868906743629012, 16.452009838221905 ] ] ] } },
    { "type": "Feature", "properties": { "FID": "76", "Village": "NANDAMURU" }, "geometry": { "type": "Polygon", "coordinates": [ [ [ 80.859466859783936, 16.452008390747242 ], [ 80.860016190026528, 16.451703781110396 ], [ 80.860165699194155, 16.452044233444095 ], [ 80.86075080825762, 16.451722470351683 ], [ 80.860249324232129, 16.450614857734287 ], [ 80.859490214378056, 16.451009481110628 ], [ 80.858740364063678, 16.45133092262585 ], [ 80.857768349559862, 16.451565788531081 ], [ 80.857781444741477, 16.451613178004298 ], [ 80.85800406365496, 16.452418822819279 ], [ 80.858931530025842, 16.452188172385366 ], [ 80.859466859783936, 16.452008390747242 ] ] ] } },
    { "type": "Feature", "properties": { "FID": "77", "Village": "NANDAMURU" }, "geometry": { "type": "Polygon", "coordinates": [ [ [ 80.85800406365496, 16.452418822819279 ], [ 80.857781444741477, 16.451613178004298 ], [ 80.857768349559862, 16.451565788531081 ], [ 80.85776837349087, 16.451561482836151 ], [ 80.857597837989587, 16.451001381695992 ], [ 80.85748919915396, 16.45051890817885 ], [ 80.857450105622377, 16.450342282167096 ], [ 80.857360954293483, 16.450359325935683 ], [ 80.857294090786809, 16.450372108737145 ], [ 80.857298471676472, 16.450385046736226 ], [ 80.857686918972931, 16.451798147046812 ], [ 80.857883621994347, 16.452457332702402 ], [ 80.857901481158521, 16.452448757075857 ], [ 80.85800406365496, 16.452418822819279 ] ] ] } },
    { "type": "Feature", "properties": { "FID": "78", "Village": "NANDAMURU" }, "geometry": { "type": "Polygon", "coordinates": [ [ [ 80.862941530178617, 16.442882575456927 ], [ 80.862906218897365, 16.44282653070001 ], [ 80.862879431800081, 16.442839394803062 ], [ 80.862727566725567, 16.442925208421268 ], [ 80.862718637685134, 16.442929496448293 ], [ 80.862696279286624, 16.442946687024257 ], [ 80.862978531586492, 16.44343811414214 ], [ 80.863220997298725, 16.443877793041885 ], [ 80.863786603310388, 16.444662571292156 ], [ 80.863804485299568, 16.444649689449559 ], [ 80.864018283880839, 16.444637195302896 ], [ 80.863951827228306, 16.44457678336029 ], [ 80.863925230302925, 16.444555201997073 ], [ 80.86373998014507, 16.444236198115441 ], [ 80.863267904426522, 16.44344729936336 ], [ 80.863157755602643, 16.443236087457581 ], [ 80.863153350604364, 16.443227467230511 ], [ 80.863126920622776, 16.443175745866064 ], [ 80.863109276832077, 16.443145570654401 ], [ 80.862941530178617, 16.442882575456927 ] ] ] } },
    { "type": "Feature", "properties": { "FID": "79", "Village": "NANDAMURU" }, "geometry": { "type": "Polygon", "coordinates": [ [ [ 80.862711995301495, 16.442520437278176 ], [ 80.862672445998086, 16.442425620383375 ], [ 80.862368477848335, 16.442640316178068 ], [ 80.86172475181786, 16.443099763495919 ], [ 80.861077214242869, 16.443442946045408 ], [ 80.860991564695553, 16.443632228233202 ], [ 80.860987088211601, 16.443636525058952 ], [ 80.860964443349559, 16.443705371876131 ], [ 80.860926651090097, 16.444097131449567 ], [ 80.860875524595443, 16.444484558674343 ], [ 80.860949501678377, 16.444794731816973 ], [ 80.860949477819588, 16.444799037515597 ], [ 80.860957858235778, 16.444893780633478 ], [ 80.861193848956773, 16.444894250835727 ], [ 80.861564468528897, 16.444705535909797 ], [ 80.862537981611567, 16.444195063308001 ], [ 80.863220997298725, 16.443877793041885 ], [ 80.862978531586492, 16.44343811414214 ], [ 80.862696279286624, 16.442946687024257 ], [ 80.862718637685134, 16.442929496448293 ], [ 80.862727566725567, 16.442925208421268 ], [ 80.862879431800081, 16.442839394803062 ], [ 80.862906218897365, 16.44282653070001 ], [ 80.862892980149013, 16.442804975702103 ], [ 80.862884146379884, 16.442792040936347 ], [ 80.862817738338151, 16.442723017231138 ], [ 80.862711995301495, 16.442520437278176 ] ] ] } },
    { "type": "Feature", "properties": { "FID": "80", "Village": "NANDAMURU" }, "geometry": { "type": "Polygon", "coordinates": [ [ [ 80.862191768030186, 16.444801509795994 ], [ 80.863073798199778, 16.44473006296661 ], [ 80.863786603310388, 16.444662571292156 ], [ 80.863220997298725, 16.443877793041885 ], [ 80.862537981611567, 16.444195063308001 ], [ 80.861564468528897, 16.444705535909797 ], [ 80.861193848956773, 16.444894250835727 ], [ 80.861233922853117, 16.444894330655025 ], [ 80.862169504763955, 16.444801465554647 ], [ 80.862191768030186, 16.444801509795994 ] ] ] } },
    { "type": "Feature", "properties": { "FID": "81", "Village": "NANDAMURU" }, "geometry": { "type": "Polygon", "coordinates": [ [ [ 80.869137155298347, 16.45383592400535 ], [ 80.868958567058712, 16.453112209999308 ], [ 80.868754684493865, 16.452130101679472 ], [ 80.868732988929537, 16.452026721381877 ], [ 80.868733012618861, 16.452022415684073 ], [ 80.868652885562696, 16.452017953184804 ], [ 80.868586140660213, 16.452009211097966 ], [ 80.868554994620695, 16.452004844403664 ], [ 80.868523824888669, 16.452004783402508 ], [ 80.868615391279306, 16.452358045564907 ], [ 80.868637560647855, 16.452375311918772 ], [ 80.868695139429704, 16.452431399241718 ], [ 80.868689786299441, 16.452595018999446 ], [ 80.868689620466242, 16.452625158882352 ], [ 80.868728511482502, 16.452840522156698 ], [ 80.868918894065544, 16.453848414582467 ], [ 80.86895899349939, 16.453844187241749 ], [ 80.869012427830327, 16.453844291705028 ], [ 80.869070338704759, 16.453840099161049 ], [ 80.869137155298347, 16.45383592400535 ] ] ] } },
    { "type": "Feature", "properties": { "FID": "82", "Village": "NANDAMURU" }, "geometry": { "type": "Polygon", "coordinates": [ [ [ 80.867297749442727, 16.453922741862687 ], [ 80.867302202305069, 16.453922750603777 ], [ 80.868157288934555, 16.453877064233371 ], [ 80.868918894065544, 16.453848414582467 ], [ 80.868728511482502, 16.452840522156698 ], [ 80.86780125952582, 16.453053969492657 ], [ 80.86688290609672, 16.453245925401411 ], [ 80.866887335213136, 16.453250239848007 ], [ 80.867092846597799, 16.453935256759838 ], [ 80.867297749442727, 16.453922741862687 ] ] ] } },
    { "type": "Feature", "properties": { "FID": "83", "Village": "NANDAMURU" }, "geometry": { "type": "Polygon", "coordinates": [ [ [ 80.856189123229356, 16.453693965246327 ], [ 80.856568310668266, 16.45356986283722 ], [ 80.857125623176074, 16.45344181237909 ], [ 80.856919045514445, 16.452954871785849 ], [ 80.855893575200284, 16.453193903135173 ], [ 80.855826710629103, 16.45320668545676 ], [ 80.854997318488813, 16.453415991672404 ], [ 80.855207840792389, 16.453993386579953 ], [ 80.855783134635956, 16.453835235850338 ], [ 80.856189123229356, 16.453693965246327 ] ] ] } },
    { "type": "Feature", "properties": { "FID": "84", "Village": "NANDAMURU" }, "geometry": { "type": "Polygon", "coordinates": [ [ [ 80.865315750506625, 16.454004956610952 ], [ 80.865792325713699, 16.453984367397034 ], [ 80.866901373507559, 16.453934880616057 ], [ 80.867092846597799, 16.453935256759838 ], [ 80.866887335213136, 16.453250239848007 ], [ 80.86688290609672, 16.453245925401411 ], [ 80.866804961814793, 16.452845362001227 ], [ 80.865681896484091, 16.453015381501785 ], [ 80.86570778219145, 16.453166109610418 ], [ 80.865475830320378, 16.453238850032871 ], [ 80.865283240935852, 16.453440840144289 ], [ 80.864993544133668, 16.453487631652152 ], [ 80.865088583143432, 16.4540174256298 ], [ 80.865315750506625, 16.454004956610952 ] ] ] } },
    { "type": "Feature", "properties": { "FID": "85", "Village": "NANDAMURU" }, "geometry": { "type": "Polygon", "coordinates": [ [ [ 80.868922470555688, 16.454007734081067 ], [ 80.868962570022234, 16.454003506739969 ], [ 80.868993763758183, 16.453999261981114 ], [ 80.869051698361872, 16.453990763745601 ], [ 80.869091797822307, 16.453986536379727 ], [ 80.869163091010137, 16.453978064222056 ], [ 80.869149969225163, 16.453934981145753 ], [ 80.869150016586531, 16.453926369751468 ], [ 80.86914130030793, 16.453891906770515 ], [ 80.869141323988799, 16.453887601073355 ], [ 80.869137155298347, 16.45383592400535 ], [ 80.869070338704759, 16.453840099161049 ], [ 80.869012427830327, 16.453844291705028 ], [ 80.86895899349939, 16.453844187241749 ], [ 80.868918894065544, 16.453848414582467 ], [ 80.868157288934555, 16.453877064233371 ], [ 80.867302202305069, 16.453922750603777 ], [ 80.867297749442727, 16.453922741862687 ], [ 80.867359188148029, 16.454086480701008 ], [ 80.867541803091271, 16.454078227562636 ], [ 80.86838800832102, 16.45402821708737 ], [ 80.868922470555688, 16.454007734081067 ] ] ] } },
    { "type": "Feature", "properties": { "FID": "86", "Village": "NANDAMURU" }, "geometry": { "type": "Polygon", "coordinates": [ [ [ 80.865368304939082, 16.454164492359375 ], [ 80.865377210673984, 16.454164509923523 ], [ 80.866080929985102, 16.454135756421998 ], [ 80.866201181138891, 16.454131687400949 ], [ 80.866749003101617, 16.454111116630532 ], [ 80.867359188148029, 16.454086480701008 ], [ 80.867297749442727, 16.453922741862687 ], [ 80.867092846597799, 16.453935256759838 ], [ 80.866901373507559, 16.453934880616057 ], [ 80.865792325713699, 16.453984367397034 ], [ 80.865315750506625, 16.454004956610952 ], [ 80.865354946336723, 16.454164466012447 ], [ 80.865368304939082, 16.454164492359375 ] ] ] } },
    { "type": "Feature", "properties": { "FID": "87", "Village": "NANDAMURU" }, "geometry": { "type": "Polygon", "coordinates": [ [ [ 80.863969462150592, 16.454277983876818 ], [ 80.864076354817357, 16.454273889639616 ], [ 80.864633225119562, 16.454227627450987 ], [ 80.864673324717742, 16.454223400931507 ], [ 80.865354946336723, 16.454164466012447 ], [ 80.865315750506625, 16.454004956610952 ], [ 80.865088583143432, 16.4540174256298 ], [ 80.864380363703035, 16.454054778390756 ], [ 80.863395851425722, 16.454130452709435 ], [ 80.863372658574889, 16.454298330709786 ], [ 80.863969462150592, 16.454277983876818 ] ] ] } },
    { "type": "Feature", "properties": { "FID": "88", "Village": "NANDAMURU" }, "geometry": { "type": "Polygon", "coordinates": [ [ [ 80.862010867049364, 16.454153538022492 ], [ 80.862340236185929, 16.454180027092427 ], [ 80.862620766818765, 16.454180584233821 ], [ 80.863395851425722, 16.454130452709435 ], [ 80.864380363703035, 16.454054778390756 ], [ 80.865088583143432, 16.4540174256298 ], [ 80.864993544133668, 16.453487631652152 ], [ 80.865283240935852, 16.453440840144289 ], [ 80.865475830320378, 16.453238850032871 ], [ 80.86570778219145, 16.453166109610418 ], [ 80.865681896484091, 16.453015381501785 ], [ 80.865565932666726, 16.453049574963352 ], [ 80.865505089676361, 16.452778217102463 ], [ 80.86529106837088, 16.452829463958651 ], [ 80.865243370555689, 16.452596859718785 ], [ 80.865591166670782, 16.452511418731707 ], [ 80.865421498466361, 16.451787707319713 ], [ 80.865391659563684, 16.451546514858439 ], [ 80.865159970954778, 16.451571892288666 ], [ 80.865147182968428, 16.451468529200994 ], [ 80.864844201969774, 16.451502377082122 ], [ 80.864791457797097, 16.451377406349057 ], [ 80.863949116479162, 16.451513524898704 ], [ 80.863919089008078, 16.451306789769991 ], [ 80.86374976353946, 16.451327983311618 ], [ 80.863681232023154, 16.450836980846454 ], [ 80.864011214502597, 16.450751507177408 ], [ 80.863795812235153, 16.450247296835325 ], [ 80.862939259330574, 16.450538401978836 ], [ 80.862717120373546, 16.450447540571027 ], [ 80.863032386070586, 16.451412676629328 ], [ 80.86273797692715, 16.451506818876915 ], [ 80.86269411589025, 16.451386170997697 ], [ 80.861561148290789, 16.451737002002162 ], [ 80.861150949430311, 16.451030019309719 ], [ 80.861034532571423, 16.451146042419889 ], [ 80.861219737043825, 16.451473659889874 ], [ 80.86075080825762, 16.451722470351683 ], [ 80.860165699194155, 16.452044233444095 ], [ 80.860016190026528, 16.451703781110396 ], [ 80.859466859783936, 16.452008390747242 ], [ 80.859410749677949, 16.452490533668584 ], [ 80.859633773320112, 16.452422087850074 ], [ 80.859783592821955, 16.452706578357205 ], [ 80.859830113867318, 16.453150138918073 ], [ 80.859798896192174, 16.453158688008035 ], [ 80.859775031529125, 16.453447125056474 ], [ 80.859843625797268, 16.45392519956475 ], [ 80.859992094628495, 16.454442304910661 ], [ 80.860165899935524, 16.454416817632449 ], [ 80.861110672302786, 16.454280918532454 ], [ 80.861507406953251, 16.454204205313779 ], [ 80.862010867049364, 16.454153538022492 ] ] ] } },
    { "type": "Feature", "properties": { "FID": "89", "Village": "NANDAMURU" }, "geometry": { "type": "Polygon", "coordinates": [ [ [ 80.857883621994347, 16.452457332702402 ], [ 80.857686918972931, 16.451798147046812 ], [ 80.857298471676472, 16.450385046736226 ], [ 80.857294090786809, 16.450372108737145 ], [ 80.857233116596149, 16.450126558752498 ], [ 80.856778251447778, 16.450250510112387 ], [ 80.85677377471896, 16.450254806843589 ], [ 80.85648372132394, 16.450366172053553 ], [ 80.856728357940369, 16.451214920063791 ], [ 80.857148079805597, 16.452606567461263 ], [ 80.857883621994347, 16.452457332702402 ] ] ] } },
    { "type": "Feature", "properties": { "FID": "90", "Village": "NANDAMURU" }, "geometry": { "type": "Polygon", "coordinates": [ [ [ 80.859410749677949, 16.452490533668584 ], [ 80.859466859783936, 16.452008390747242 ], [ 80.858931530025842, 16.452188172385366 ], [ 80.85800406365496, 16.452418822819279 ], [ 80.858082922542096, 16.452651503163253 ], [ 80.858577533161949, 16.45258790910389 ], [ 80.859410749677949, 16.452490533668584 ] ] ] } },
    { "type": "Feature", "properties": { "FID": "91", "Village": "NANDAMURU" }, "geometry": { "type": "Polygon", "coordinates": [ [ [ 80.866743832492133, 16.452625648926279 ], [ 80.866763305193146, 16.452324273179993 ], [ 80.86728457047262, 16.452273628175753 ], [ 80.868523824888669, 16.452004783402508 ], [ 80.86843244839153, 16.451617075607512 ], [ 80.868361298221387, 16.451599713337341 ], [ 80.867265437681979, 16.451705220448684 ], [ 80.866574539767555, 16.451833035306016 ], [ 80.866258033781037, 16.45189699883856 ], [ 80.866458518849939, 16.452685368317287 ], [ 80.866743832492133, 16.452625648926279 ] ] ] } },
    { "type": "Feature", "properties": { "FID": "92", "Village": "NANDAMURU" }, "geometry": { "type": "Polygon", "coordinates": [ [ [ 80.868728511482502, 16.452840522156698 ], [ 80.868689620466242, 16.452625158882352 ], [ 80.868689786299441, 16.452595018999446 ], [ 80.868695139429704, 16.452431399241718 ], [ 80.868637560647855, 16.452375311918772 ], [ 80.868615391279306, 16.452358045564907 ], [ 80.868523824888669, 16.452004783402508 ], [ 80.86728457047262, 16.452273628175753 ], [ 80.866763305193146, 16.452324273179993 ], [ 80.866743832492133, 16.452625648926279 ], [ 80.866804961814793, 16.452845362001227 ], [ 80.86688290609672, 16.453245925401411 ], [ 80.86780125952582, 16.453053969492657 ], [ 80.868728511482502, 16.452840522156698 ] ] ] } },
    { "type": "Feature", "properties": { "FID": "93", "Village": "NANDAMURU" }, "geometry": { "type": "Polygon", "coordinates": [ [ [ 80.855716396565512, 16.453025621674563 ], [ 80.855466301893671, 16.452357738682622 ], [ 80.855422397210603, 16.452245700713242 ], [ 80.855291115270774, 16.451832072291211 ], [ 80.855120418738636, 16.451302109064727 ], [ 80.855120466717267, 16.451293497676168 ], [ 80.854308413060622, 16.451588951140703 ], [ 80.854373860757789, 16.451830217197916 ], [ 80.854496102719722, 16.452265356597024 ], [ 80.854860288018088, 16.453234873432969 ], [ 80.855069859576105, 16.453183628251818 ], [ 80.855716396565512, 16.453025621674563 ] ] ] } },
    { "type": "Feature", "properties": { "FID": "94", "Village": "NANDAMURU" }, "geometry": { "type": "Polygon", "coordinates": [ [ [ 80.859760415995808, 16.454476287847083 ], [ 80.859992094628495, 16.454442304910661 ], [ 80.859843625797268, 16.45392519956475 ], [ 80.859775031529125, 16.453447125056474 ], [ 80.85947649943931, 16.453480974043931 ], [ 80.859508027791634, 16.453416450972195 ], [ 80.859298660662517, 16.45343325506434 ], [ 80.858371260539172, 16.453650989969802 ], [ 80.858506691576707, 16.454120707045895 ], [ 80.858646444865286, 16.454611841785916 ], [ 80.859613351720142, 16.454497522522423 ], [ 80.859760415995808, 16.454476287847083 ] ] ] } },
    { "type": "Feature", "properties": { "FID": "95", "Village": "NANDAMURU" }, "geometry": { "type": "Polygon", "coordinates": [ [ [ 80.858646444865286, 16.454611841785916 ], [ 80.858506691576707, 16.454120707045895 ], [ 80.858371260539172, 16.453650989969802 ], [ 80.858349450725768, 16.453569137124134 ], [ 80.858082922542096, 16.452651503163253 ], [ 80.857962528606848, 16.452681401700765 ], [ 80.858141745609103, 16.453284541432989 ], [ 80.858105955374128, 16.453314609806014 ], [ 80.858294222493925, 16.453891957008011 ], [ 80.858543956968816, 16.454624553566791 ], [ 80.858646444865286, 16.454611841785916 ] ] ] } },
    { "type": "Feature", "properties": { "FID": "96", "Village": "NANDAMURU" }, "geometry": { "type": "Polygon", "coordinates": [ [ [ 80.861929022808994, 16.454459082988677 ], [ 80.861929046649109, 16.454454777293748 ], [ 80.862010867049364, 16.454153538022492 ], [ 80.861507406953251, 16.454204205313779 ], [ 80.861110672302786, 16.454280918532454 ], [ 80.860165899935524, 16.454416817632449 ], [ 80.859992094628495, 16.454442304910661 ], [ 80.859760415995808, 16.454476287847083 ], [ 80.859572439631592, 16.454648141675772 ], [ 80.859817443427531, 16.454631408551059 ], [ 80.860494553088827, 16.454572480437225 ], [ 80.861309858729996, 16.454496602444085 ], [ 80.861929022808994, 16.454459082988677 ] ] ] } },
    { "type": "Feature", "properties": { "FID": "97", "Village": "NANDAMURU" }, "geometry": { "type": "Polygon", "coordinates": [ [ [ 80.859978006221041, 16.45537662275698 ], [ 80.859572439631592, 16.454648141675772 ], [ 80.859010959198457, 16.454724521365122 ], [ 80.858601079127894, 16.454762451816951 ], [ 80.858683316567991, 16.455188885079988 ], [ 80.858796437738761, 16.455667049075316 ], [ 80.859978006221041, 16.45537662275698 ] ] ] } },
    { "type": "Feature", "properties": { "FID": "98", "Village": "NANDAMURU" }, "geometry": { "type": "Polygon", "coordinates": [ [ [ 80.869224888176248, 16.455696296056114 ], [ 80.869233508636057, 16.454938502156239 ], [ 80.869239263866717, 16.454701697532428 ], [ 80.86924021102314, 16.454529469657089 ], [ 80.869167425472526, 16.453999601409137 ], [ 80.869163091010137, 16.453978064222056 ], [ 80.869091797822307, 16.453986536379727 ], [ 80.869051698361872, 16.453990763745601 ], [ 80.868993763758183, 16.453999261981114 ], [ 80.868962570022234, 16.454003506739969 ], [ 80.868922470555688, 16.454007734081067 ], [ 80.868976093907378, 16.454782992304636 ], [ 80.869041892840826, 16.455773441790978 ], [ 80.869041869157201, 16.455777747487328 ], [ 80.869046322062246, 16.455777756191676 ], [ 80.869046345745758, 16.455773450495325 ], [ 80.869073039492449, 16.455777808415785 ], [ 80.869099709558029, 16.455786472029221 ], [ 80.869184220035919, 16.455803860157886 ], [ 80.869219819601497, 16.455808235462261 ], [ 80.869224248827663, 16.455812549859218 ], [ 80.869224888176248, 16.455696296056114 ] ] ] } },
    { "type": "Feature", "properties": { "FID": "99", "Village": "NANDAMURU" }, "geometry": { "type": "Polygon", "coordinates": [ [ [ 80.865224736567214, 16.455972621002626 ], [ 80.865229189475883, 16.455972629788103 ], [ 80.865309769620026, 16.455895285395723 ], [ 80.865213065376807, 16.455666890280494 ], [ 80.865081166062296, 16.455360922294908 ], [ 80.864830537096665, 16.454783458003572 ], [ 80.864633225119562, 16.454227627450987 ], [ 80.864076354817357, 16.454273889639616 ], [ 80.863969462150592, 16.454277983876818 ], [ 80.864341034072766, 16.455531689913581 ], [ 80.864569183928907, 16.456147862004102 ], [ 80.864684912095299, 16.456156702148576 ], [ 80.865224736567214, 16.455972621002626 ] ] ] } },
    { "type": "Feature", "properties": { "FID": "100", "Village": "NANDAMURU" }, "geometry": { "type": "Polygon", "coordinates": [ [ [ 80.869058354514138, 16.456018901297355 ], [ 80.86904613259405, 16.455812201762445 ], [ 80.869041869157201, 16.455777747487328 ], [ 80.869041892840826, 16.455773441790978 ], [ 80.868976093907378, 16.454782992304636 ], [ 80.868922470555688, 16.454007734081067 ], [ 80.86838800832102, 16.45402821708737 ], [ 80.867541803091271, 16.454078227562636 ], [ 80.867359188148029, 16.454086480701008 ], [ 80.867772445597652, 16.455051897449657 ], [ 80.86828717149622, 16.456168093435537 ], [ 80.869058354514138, 16.456018901297355 ] ] ] } },
    { "type": "Feature", "properties": { "FID": "101", "Village": "NANDAMURU" }, "geometry": { "type": "Polygon", "coordinates": [ [ [ 80.856740837296414, 16.456175303489136 ], [ 80.858796437738761, 16.455667049075316 ], [ 80.858683316567991, 16.455188885079988 ], [ 80.857229640251987, 16.45555626038044 ], [ 80.856119131491681, 16.455868343174163 ], [ 80.856268373347078, 16.456256160742587 ], [ 80.856740837296414, 16.456175303489136 ] ] ] } },
    { "type": "Feature", "properties": { "FID": "102", "Village": "NANDAMURU" }, "geometry": { "type": "Polygon", "coordinates": [ [ [ 80.864569183928907, 16.456147862004102 ], [ 80.864341034072766, 16.455531689913581 ], [ 80.863969462150592, 16.454277983876818 ], [ 80.863372658574889, 16.454298330709786 ], [ 80.863420283135284, 16.454543852410001 ], [ 80.863594351572203, 16.455276173464235 ], [ 80.86393613267451, 16.456280088062201 ], [ 80.864569183928907, 16.456147862004102 ] ] ] } },
    { "type": "Feature", "properties": { "FID": "103", "Village": "NANDAMURU" }, "geometry": { "type": "Polygon", "coordinates": [ [ [ 80.867663009846552, 16.456326182625936 ], [ 80.86828717149622, 16.456168093435537 ], [ 80.867772445597652, 16.455051897449657 ], [ 80.867359188148029, 16.454086480701008 ], [ 80.866749003101617, 16.454111116630532 ], [ 80.866201181138891, 16.454131687400949 ], [ 80.866266810668463, 16.454342797972405 ], [ 80.866476356777682, 16.454295847075407 ], [ 80.867043160613775, 16.455679104612678 ], [ 80.867368856382768, 16.456372968642683 ], [ 80.867649651094808, 16.456326156424172 ], [ 80.867663009846552, 16.456326182625936 ] ] ] } },
    { "type": "Feature", "properties": { "FID": "104", "Village": "NANDAMURU" }, "geometry": { "type": "Polygon", "coordinates": [ [ [ 80.861112101769578, 16.456433792314172 ], [ 80.860442050721318, 16.456010493426085 ], [ 80.859978006221041, 16.45537662275698 ], [ 80.858796437738761, 16.455667049075316 ], [ 80.859009538095407, 16.456584598838827 ], [ 80.859078824734766, 16.456937808349618 ], [ 80.859078776927262, 16.456946419735814 ], [ 80.859957004651321, 16.456754418053016 ], [ 80.861116029797316, 16.456528526452153 ], [ 80.861112101769578, 16.456433792314172 ] ] ] } },
    { "type": "Feature", "properties": { "FID": "105", "Village": "NANDAMURU" }, "geometry": { "type": "Polygon", "coordinates": [ [ [ 80.857311012673918, 16.4569385668817 ], [ 80.858269552218502, 16.456729510788602 ], [ 80.859009538095407, 16.456584598838827 ], [ 80.858796437738761, 16.455667049075316 ], [ 80.856740837296414, 16.456175303489136 ], [ 80.856835926983109, 16.456692183833542 ], [ 80.856927701518856, 16.457002381890547 ], [ 80.857311012673918, 16.4569385668817 ] ] ] } },
    { "type": "Feature", "properties": { "FID": "106", "Village": "NANDAMURU" }, "geometry": { "type": "Polygon", "coordinates": [ [ [ 80.862360655096381, 16.456927131016059 ], [ 80.862359133420242, 16.456397521790116 ], [ 80.862355371609937, 16.45627264780962 ], [ 80.862404642948889, 16.455415903066719 ], [ 80.862365666545813, 16.454412587705956 ], [ 80.861937952395778, 16.454454795004107 ], [ 80.861929046649109, 16.454454777293748 ], [ 80.861929022808994, 16.454459082988677 ], [ 80.861826153714929, 16.454540687495008 ], [ 80.861901751872963, 16.455363234605144 ], [ 80.861534962067296, 16.45646477467772 ], [ 80.861456090231599, 16.45703728125839 ], [ 80.861456042528928, 16.457045892645851 ], [ 80.861531813927868, 16.457033126269046 ], [ 80.862240330655467, 16.456944114901187 ], [ 80.862360655096381, 16.456927131016059 ] ] ] } },
    { "type": "Feature", "properties": { "FID": "107", "Village": "NANDAMURU" }, "geometry": { "type": "Polygon", "coordinates": [ [ [ 80.855975086859345, 16.456948793605555 ], [ 80.856443255040404, 16.456837788189013 ], [ 80.856268373347078, 16.456256160742587 ], [ 80.856119131491681, 16.455868343174163 ], [ 80.855969926564754, 16.455476219821996 ], [ 80.855793704836685, 16.455135710731071 ], [ 80.855107444748242, 16.45522905107094 ], [ 80.854559307300207, 16.455305445780091 ], [ 80.854905782718447, 16.456257715446483 ], [ 80.854945115097479, 16.456391272942856 ], [ 80.855115396079057, 16.456998726606777 ], [ 80.855132895917734, 16.457054736602995 ], [ 80.855944012248699, 16.45693150795902 ], [ 80.855975086859345, 16.456948793605555 ] ] ] } },
    { "type": "Feature", "properties": { "FID": "108", "Village": "NANDAMURU" }, "geometry": { "type": "Polygon", "coordinates": [ [ [ 80.854749463859307, 16.457140076079011 ], [ 80.855132895917734, 16.457054736602995 ], [ 80.855115396079057, 16.456998726606777 ], [ 80.854945115097479, 16.456391272942856 ], [ 80.854905782718447, 16.456257715446483 ], [ 80.854559307300207, 16.455305445780091 ], [ 80.854332150201699, 16.455317903148149 ], [ 80.85430988574511, 16.455317858062912 ], [ 80.854283144388219, 16.455322109649877 ], [ 80.854037779088188, 16.455403421678451 ], [ 80.854295890087442, 16.456230646774674 ], [ 80.854615731856626, 16.457165639938481 ], [ 80.854749463859307, 16.457140076079011 ] ] ] } },
    { "type": "Feature", "properties": { "FID": "109", "Village": "NANDAMURU" }, "geometry": { "type": "Polygon", "coordinates": [ [ [ 80.869412482126961, 16.457212283840171 ], [ 80.869541854054717, 16.457169479047263 ], [ 80.869568619020868, 16.457160919817721 ], [ 80.869586454439656, 16.457156648894756 ], [ 80.869345260258967, 16.456480176360834 ], [ 80.869271739041849, 16.456083904429008 ], [ 80.869224248827663, 16.455812549859218 ], [ 80.869219819601497, 16.455808235462261 ], [ 80.869184220035919, 16.455803860157886 ], [ 80.869099709558029, 16.455786472029221 ], [ 80.869073039492449, 16.455777808415785 ], [ 80.869046345745758, 16.455773450495325 ], [ 80.869046322062246, 16.455777756191676 ], [ 80.869041869157201, 16.455777747487328 ], [ 80.86904613259405, 16.455812201762445 ], [ 80.869058354514138, 16.456018901297355 ], [ 80.869058330830811, 16.45602320699361 ], [ 80.869156911419992, 16.456720929937187 ], [ 80.869195401163836, 16.457009489880765 ], [ 80.869204022865347, 16.457061175633797 ], [ 80.869216908065695, 16.457147315653941 ], [ 80.869216884385537, 16.457151621349777 ], [ 80.869221266281784, 16.457164547138134 ], [ 80.869225577138678, 16.457190390013857 ], [ 80.869238486036352, 16.457272224335963 ], [ 80.869345569672845, 16.457233681857378 ], [ 80.869412482126961, 16.457212283840171 ] ] ] } },
    { "type": "Feature", "properties": { "FID": "110", "Village": "NANDAMURU" }, "geometry": { "type": "Polygon", "coordinates": [ [ [ 80.854615731856626, 16.457165639938481 ], [ 80.854295890087442, 16.456230646774674 ], [ 80.854037779088188, 16.455403421678451 ], [ 80.854283144388219, 16.455322109649877 ], [ 80.85406926151974, 16.455347510837829 ], [ 80.853743888139547, 16.455402825949086 ], [ 80.853160090843531, 16.455487756161141 ], [ 80.853142279263849, 16.455487719993414 ], [ 80.853286941841716, 16.455897059066089 ], [ 80.853475437368317, 16.456431353444128 ], [ 80.853435265007278, 16.456448494890054 ], [ 80.853426359173469, 16.456448476817723 ], [ 80.853750818201746, 16.457353340448375 ], [ 80.853777559848325, 16.457349088932475 ], [ 80.854615731856626, 16.457165639938481 ] ] ] } },
    { "type": "Feature", "properties": { "FID": "111", "Village": "NANDAMURU" }, "geometry": { "type": "Polygon", "coordinates": [ [ [ 80.868088442513269, 16.457485261239452 ], [ 80.867663009846552, 16.456326182625936 ], [ 80.867649651094808, 16.456326156424172 ], [ 80.867368856382768, 16.456372968642683 ], [ 80.867364379743705, 16.456377265598249 ], [ 80.86648123003296, 16.456642486309324 ], [ 80.867093661599668, 16.457827769073898 ], [ 80.868088442513269, 16.457485261239452 ] ] ] } },
    { "type": "Feature", "properties": { "FID": "112", "Village": "NANDAMURU" }, "geometry": { "type": "Polygon", "coordinates": [ [ [ 80.867820061759872, 16.457725856750717 ], [ 80.867891303802367, 16.457704467710712 ], [ 80.867913615964255, 16.457695899964801 ], [ 80.867931475175837, 16.457687323488244 ], [ 80.869238486036352, 16.457272224335963 ], [ 80.869225577138678, 16.457190390013857 ], [ 80.869221266281784, 16.457164547138134 ], [ 80.869216884385537, 16.457151621349777 ], [ 80.869212431449128, 16.457151612648826 ], [ 80.868092895457053, 16.457485269964341 ], [ 80.868088442513269, 16.457485261239452 ], [ 80.867093661599668, 16.457827769073898 ], [ 80.867088995102549, 16.457866511582438 ], [ 80.867075114238006, 16.457961210631925 ], [ 80.867079567192434, 16.457961219378419 ], [ 80.867820061759872, 16.457725856750717 ] ] ] } },
    { "type": "Feature", "properties": { "FID": "113", "Village": "NANDAMURU" }, "geometry": { "type": "Polygon", "coordinates": [ [ [ 80.861263938116508, 16.45796263291292 ], [ 80.861268391069729, 16.457962641782888 ], [ 80.861286711825514, 16.457067084146594 ], [ 80.861298933502155, 16.45646861044705 ], [ 80.861112101769578, 16.456433792314172 ], [ 80.861116029797316, 16.456528526452153 ], [ 80.859957004651321, 16.456754418053016 ], [ 80.859078776927262, 16.456946419735814 ], [ 80.859235043228807, 16.457674402775599 ], [ 80.861039891679653, 16.457411051670633 ], [ 80.861029005343667, 16.457768406472127 ], [ 80.861027883875693, 16.457970774055845 ], [ 80.861263938116508, 16.45796263291292 ] ] ] } },
    { "type": "Feature", "properties": { "FID": "114", "Village": "NANDAMURU" }, "geometry": { "type": "Polygon", "coordinates": [ [ [ 80.867093661599668, 16.457827769073898 ], [ 80.86648123003296, 16.456642486309324 ], [ 80.866441153715016, 16.456642407475034 ], [ 80.865961057871047, 16.455685587728404 ], [ 80.865358822890926, 16.45588246492483 ], [ 80.865309769620026, 16.455895285395723 ], [ 80.865229189475883, 16.455972629788103 ], [ 80.865224736567214, 16.455972621002626 ], [ 80.865608171792445, 16.456692436080541 ], [ 80.866296298381002, 16.457877870338777 ], [ 80.866326756723353, 16.458007102519559 ], [ 80.866750167241364, 16.457939043408157 ], [ 80.867075802338917, 16.457836345478579 ], [ 80.867093661599668, 16.457827769073898 ] ] ] } },
    { "type": "Feature", "properties": { "FID": "115", "Village": "NANDAMURU" }, "geometry": { "type": "Polygon", "coordinates": [ [ [ 80.865502270899555, 16.458130344986127 ], [ 80.866326756723353, 16.458007102519559 ], [ 80.866296298381002, 16.457877870338777 ], [ 80.865608171792445, 16.456692436080541 ], [ 80.865224736567214, 16.455972621002626 ], [ 80.864684912095299, 16.456156702148576 ], [ 80.864825574493025, 16.4564885221175 ], [ 80.86500074345382, 16.457022779965616 ], [ 80.86539082812665, 16.458151653928752 ], [ 80.865502270899555, 16.458130344986127 ] ] ] } },
    { "type": "Feature", "properties": { "FID": "116", "Village": "NANDAMURU" }, "geometry": { "type": "Polygon", "coordinates": [ [ [ 80.861029005343667, 16.457768406472127 ], [ 80.861039891679653, 16.457411051670633 ], [ 80.859235043228807, 16.457674402775599 ], [ 80.859307982564047, 16.458169708926903 ], [ 80.859316768984669, 16.458191255213215 ], [ 80.859316792883561, 16.458186949520567 ], [ 80.860560037324007, 16.458021509973253 ], [ 80.861029005343667, 16.457768406472127 ] ] ] } },
    { "type": "Feature", "properties": { "FID": "117", "Village": "NANDAMURU" }, "geometry": { "type": "Polygon", "coordinates": [ [ [ 80.857311012673918, 16.4569385668817 ], [ 80.856927701518856, 16.457002381890547 ], [ 80.856835926983109, 16.456692183833542 ], [ 80.856740837296414, 16.456175303489136 ], [ 80.856268373347078, 16.456256160742587 ], [ 80.856443255040404, 16.456837788189013 ], [ 80.855975086859345, 16.456948793605555 ], [ 80.856137143096092, 16.45823223104858 ], [ 80.856137119127055, 16.458236536740305 ], [ 80.856181696646445, 16.458228015142012 ], [ 80.857076824680135, 16.458212595024587 ], [ 80.857508522222574, 16.458256520525719 ], [ 80.85742202469207, 16.45779563244658 ], [ 80.857311012673918, 16.4569385668817 ] ] ] } },
    { "type": "Feature", "properties": { "FID": "118", "Village": "NANDAMURU" }, "geometry": { "type": "Polygon", "coordinates": [ [ [ 80.867075114238006, 16.457961210631925 ], [ 80.867088995102549, 16.457866511582438 ], [ 80.867093661599668, 16.457827769073898 ], [ 80.867075802338917, 16.457836345478579 ], [ 80.866750167241364, 16.457939043408157 ], [ 80.866326756723353, 16.458007102519559 ], [ 80.865502270899555, 16.458130344986127 ], [ 80.865519251060221, 16.458281079408906 ], [ 80.86565298245749, 16.45825550858952 ], [ 80.867075114238006, 16.457961210631925 ] ] ] } },
    { "type": "Feature", "properties": { "FID": "119", "Village": "NANDAMURU" }, "geometry": { "type": "Polygon", "coordinates": [ [ [ 80.86539082812665, 16.458151653928752 ], [ 80.86500074345382, 16.457022779965616 ], [ 80.864825574493025, 16.4564885221175 ], [ 80.864684912095299, 16.456156702148576 ], [ 80.864569183928907, 16.456147862004102 ], [ 80.86393613267451, 16.456280088062201 ], [ 80.864049291142052, 16.456753943581102 ], [ 80.864432562010094, 16.458309074215556 ], [ 80.86539082812665, 16.458151653928752 ] ] ] } },
    { "type": "Feature", "properties": { "FID": "120", "Village": "NANDAMURU" }, "geometry": { "type": "Polygon", "coordinates": [ [ [ 80.858269552218502, 16.456729510788602 ], [ 80.857311012673918, 16.4569385668817 ], [ 80.85742202469207, 16.45779563244658 ], [ 80.857508522222574, 16.458256520525719 ], [ 80.85765982709033, 16.458274047534744 ], [ 80.857891225035473, 16.458300346760758 ], [ 80.857926848716886, 16.4583004182916 ], [ 80.858550250784674, 16.458301669076224 ], [ 80.858269552218502, 16.456729510788602 ] ] ] } },
    { "type": "Feature", "properties": { "FID": "121", "Village": "NANDAMURU" }, "geometry": { "type": "Polygon", "coordinates": [ [ [ 80.859316768984669, 16.458191255213215 ], [ 80.859307982564047, 16.458169708926903 ], [ 80.859235043228807, 16.457674402775599 ], [ 80.859078776927262, 16.456946419735814 ], [ 80.859078824734766, 16.456937808349618 ], [ 80.859009538095407, 16.456584598838827 ], [ 80.858269552218502, 16.456729510788602 ], [ 80.858550250784674, 16.458301669076224 ], [ 80.858884414081857, 16.458267892849982 ], [ 80.85888460534936, 16.458233447309933 ], [ 80.859316768984669, 16.458191255213215 ] ] ] } },
    { "type": "Feature", "properties": { "FID": "122", "Village": "NANDAMURU" }, "geometry": { "type": "Polygon", "coordinates": [ [ [ 80.856137119127055, 16.458236536740305 ], [ 80.856137143096092, 16.45823223104858 ], [ 80.855975086859345, 16.456948793605555 ], [ 80.855944012248699, 16.45693150795902 ], [ 80.855132895917734, 16.457054736602995 ], [ 80.854749463859307, 16.457140076079011 ], [ 80.855040996358454, 16.458363495836903 ], [ 80.855049782314993, 16.458385042298076 ], [ 80.855245940138673, 16.458342381360737 ], [ 80.855424202469806, 16.458316907054041 ], [ 80.855834162503271, 16.458266065816474 ], [ 80.856137119127055, 16.458236536740305 ] ] ] } },
    { "type": "Feature", "properties": { "FID": "123", "Village": "NANDAMURU" }, "geometry": { "type": "Polygon", "coordinates": [ [ [ 80.86115077719127, 16.458293949509372 ], [ 80.861263938116508, 16.45796263291292 ], [ 80.861027883875693, 16.457970774055845 ], [ 80.861029005343667, 16.457768406472127 ], [ 80.860560037324007, 16.458021509973253 ], [ 80.859316792883561, 16.458186949520567 ], [ 80.859316768984669, 16.458191255213215 ], [ 80.859377963314316, 16.458398053210018 ], [ 80.859382320687047, 16.458415284890464 ], [ 80.859462521815004, 16.458406833871205 ], [ 80.859613803094064, 16.45842866516416 ], [ 80.859636067911509, 16.458428709688757 ], [ 80.860745342961408, 16.458331892959542 ], [ 80.861021569746143, 16.458306609247106 ], [ 80.86115077719127, 16.458293949509372 ], [ 80.86115077719127, 16.458293949509372 ] ] ] } },
    { "type": "Feature", "properties": { "FID": "124", "Village": "NANDAMURU" }, "geometry": { "type": "Polygon", "coordinates": [ [ [ 80.863991385655751, 16.458368481994693 ], [ 80.864432562010094, 16.458309074215556 ], [ 80.864049291142052, 16.456753943581102 ], [ 80.86393613267451, 16.456280088062201 ], [ 80.863594351572203, 16.455276173464235 ], [ 80.863420283135284, 16.454543852410001 ], [ 80.863372658574889, 16.454298330709786 ], [ 80.862748827980027, 16.454374596854954 ], [ 80.862365666545813, 16.454412587705956 ], [ 80.862404642948889, 16.455415903066719 ], [ 80.862355371609937, 16.45627264780962 ], [ 80.862359133420242, 16.456397521790116 ], [ 80.862876029183539, 16.456333961928451 ], [ 80.862903150323561, 16.457065991801969 ], [ 80.862952963337932, 16.458525856464814 ], [ 80.863991385655751, 16.458368481994693 ] ] ] } },
    { "type": "Feature", "properties": { "FID": "125", "Village": "NANDAMURU" }, "geometry": { "type": "Polygon", "coordinates": [ [ [ 80.859382320687047, 16.458415284890464 ], [ 80.859377963314316, 16.458398053210018 ], [ 80.859316768984669, 16.458191255213215 ], [ 80.85888460534936, 16.458233447309933 ], [ 80.858884414081857, 16.458267892849982 ], [ 80.858550250784674, 16.458301669076224 ], [ 80.857926848716886, 16.4583004182916 ], [ 80.857926705139349, 16.458326252444831 ], [ 80.857935204260897, 16.458399467093795 ], [ 80.857939322212545, 16.458459755724821 ], [ 80.857943367714014, 16.458533081034368 ], [ 80.857952273645012, 16.45853309891551 ], [ 80.858749725366806, 16.458465687039951 ], [ 80.858838832468777, 16.458457254106644 ], [ 80.859382320687047, 16.458415284890464 ] ] ] } },
    { "type": "Feature", "properties": { "FID": "126", "Village": "NANDAMURU" }, "geometry": { "type": "Polygon", "coordinates": [ [ [ 80.861456042528928, 16.457045892645851 ], [ 80.861456090231599, 16.45703728125839 ], [ 80.861534962067296, 16.45646477467772 ], [ 80.86153050914821, 16.456464765813681 ], [ 80.861459238591735, 16.456468929670105 ], [ 80.861298933502155, 16.45646861044705 ], [ 80.861286711825514, 16.457067084146594 ], [ 80.861268391069729, 16.457962641782888 ], [ 80.861281654507522, 16.457979891165419 ], [ 80.861438835557067, 16.458544375826225 ], [ 80.861427576329945, 16.458165328623881 ], [ 80.861444679946558, 16.457489361358611 ], [ 80.861456042528928, 16.457045892645851 ] ] ] } },
    { "type": "Feature", "properties": { "FID": "127", "Village": "NANDAMURU" }, "geometry": { "type": "Polygon", "coordinates": [ [ [ 80.865505892176017, 16.45828105306952 ], [ 80.865519251060221, 16.458281079408906 ], [ 80.865502270899555, 16.458130344986127 ], [ 80.86539082812665, 16.458151653928752 ], [ 80.864432562010094, 16.458309074215556 ], [ 80.863991385655751, 16.458368481994693 ], [ 80.863999362890965, 16.45853654128209 ], [ 80.863999267708252, 16.458553764057395 ], [ 80.864012602814753, 16.458558096186778 ], [ 80.864418251669477, 16.458481275567078 ], [ 80.864431634352798, 16.458476996281917 ], [ 80.865118127974867, 16.458344874270473 ], [ 80.865336513280994, 16.458310859223722 ], [ 80.865389996355432, 16.458302353230774 ], [ 80.865505892176017, 16.45828105306952 ], [ 80.865505892176017, 16.45828105306952 ] ] ] } },
    { "type": "Feature", "properties": { "FID": "128", "Village": "NANDAMURU" }, "geometry": { "type": "Polygon", "coordinates": [ [ [ 80.855049782314993, 16.458385042298076 ], [ 80.855040996358454, 16.458363495836903 ], [ 80.854749463859307, 16.457140076079011 ], [ 80.854615731856626, 16.457165639938481 ], [ 80.853777559848325, 16.457349088932475 ], [ 80.853750818201746, 16.457353340448375 ], [ 80.854096788917232, 16.458396030775795 ], [ 80.854153908338006, 16.458534049774848 ], [ 80.85417174420914, 16.458529780167805 ], [ 80.854189267921953, 16.458581484542567 ], [ 80.854251657464047, 16.458572999437404 ], [ 80.855049782314993, 16.458385042298076 ] ] ] } },
    { "type": "Feature", "properties": { "FID": "129", "Village": "NANDAMURU" }, "geometry": { "type": "Polygon", "coordinates": [ [ [ 80.862952963337932, 16.458525856464814 ], [ 80.862903150323561, 16.457065991801969 ], [ 80.862876029183539, 16.456333961928451 ], [ 80.862359133420242, 16.456397521790116 ], [ 80.862360655096381, 16.456927131016059 ], [ 80.862348079157741, 16.457590190182461 ], [ 80.86240470036546, 16.458623800087288 ], [ 80.862952868062877, 16.458543079238968 ], [ 80.862952963337932, 16.458525856464814 ] ] ] } },
    { "type": "Feature", "properties": { "FID": "130", "Village": "NANDAMURU" }, "geometry": { "type": "Polygon", "coordinates": [ [ [ 80.86240470036546, 16.458623800087288 ], [ 80.862348079157741, 16.457590190182461 ], [ 80.862360655096381, 16.456927131016059 ], [ 80.862240330655467, 16.456944114901187 ], [ 80.861531813927868, 16.457033126269046 ], [ 80.861456042528928, 16.457045892645851 ], [ 80.861444679946558, 16.457489361358611 ], [ 80.861427576329945, 16.458165328623881 ], [ 80.861438835557067, 16.458544375826225 ], [ 80.861647338014862, 16.458686880315945 ], [ 80.862213103543311, 16.458644948093074 ], [ 80.86240470036546, 16.458623800087288 ] ] ] } },
    { "type": "Feature", "properties": { "FID": "131", "Village": "NANDAMURU" }, "geometry": { "type": "Polygon", "coordinates": [ [ [ 80.862395246313014, 16.458722813341801 ], [ 80.862733886510597, 16.458684734131943 ], [ 80.863954809425309, 16.458540758851274 ], [ 80.863999362890965, 16.45853654128209 ], [ 80.863991385655751, 16.458368481994693 ], [ 80.862952963337932, 16.458525856464814 ], [ 80.862952868062877, 16.458543079238968 ], [ 80.86240470036546, 16.458623800087288 ], [ 80.862213103543311, 16.458644948093074 ], [ 80.861647338014862, 16.458686880315945 ], [ 80.861438835557067, 16.458544375826225 ], [ 80.861281654507522, 16.457979891165419 ], [ 80.861268391069729, 16.457962641782888 ], [ 80.861263938116508, 16.45796263291292 ], [ 80.86115077719127, 16.458293949509372 ], [ 80.861159611538014, 16.458306884333524 ], [ 80.86117725637709, 16.458337059673802 ], [ 80.861406591410926, 16.458738069946833 ], [ 80.861437261309803, 16.458828551567542 ], [ 80.862083371493299, 16.458752333735042 ], [ 80.862395246313014, 16.458722813341801 ] ] ] } },
    { "type": "Feature", "properties": { "FID": "0", "Village": "Neppalle" }, "geometry": { "type": "Polygon", "coordinates": [ [ [ 80.811781741075151, 16.400944806503833 ], [ 80.810889956921358, 16.40052390141841 ], [ 80.810662018081388, 16.400207052258782 ], [ 80.81057627949906, 16.400241357572092 ], [ 80.809933080089053, 16.400591552869422 ], [ 80.809697224401702, 16.400728903868597 ], [ 80.810159475294526, 16.401809978859241 ], [ 80.810595264697838, 16.401665989439049 ], [ 80.811917248934932, 16.401034436822716 ], [ 80.811781741075151, 16.400944806503833 ] ] ] } },
{ "type": "Feature", "properties": { "FID": "1", "Village": "Neppalle" }, "geometry": { "type": "Polygon", "coordinates": [ [ [ 80.810128652300577, 16.419813726572212 ], [ 80.81040726899117, 16.419738365539864 ], [ 80.81029355981957, 16.419421655910181 ], [ 80.809750962419713, 16.419365936126709 ], [ 80.808950709566005, 16.419653996990618 ], [ 80.809121329494317, 16.420094652680852 ], [ 80.810128652300577, 16.419813726572212 ] ] ] } },
{ "type": "Feature", "properties": { "FID": "2", "Village": "Neppalle" }, "geometry": { "type": "Polygon", "coordinates": [ [ [ 80.810026923628627, 16.408334105950452 ], [ 80.809899624779092, 16.407618205354193 ], [ 80.80935681221311, 16.407707006073011 ], [ 80.809336737704186, 16.406922416801621 ], [ 80.809295160061723, 16.406185974950311 ], [ 80.809230957336936, 16.406151486293211 ], [ 80.808173426111225, 16.406604415834728 ], [ 80.808365157819708, 16.407217167141958 ], [ 80.808414582925224, 16.407540680950138 ], [ 80.808628612840167, 16.407644173952907 ], [ 80.808713313841523, 16.408215501376993 ], [ 80.809006017718858, 16.408243388956649 ], [ 80.809055455911462, 16.408560039750096 ], [ 80.809848275206491, 16.40841647108024 ], [ 80.810026923628627, 16.408334105950452 ] ] ] } },
{ "type": "Feature", "properties": { "FID": "3", "Village": "Neppalle" }, "geometry": { "type": "Polygon", "coordinates": [ [ [ 80.806414170208257, 16.408198898100466 ], [ 80.805937621054284, 16.407131580884791 ], [ 80.805551821666356, 16.407261858689999 ], [ 80.805030261518894, 16.407447022350492 ], [ 80.804637260804142, 16.407611699364317 ], [ 80.804758202101809, 16.407866502616578 ], [ 80.805299618736626, 16.408582922426689 ], [ 80.805714005925154, 16.408438897616026 ], [ 80.80592832165992, 16.408377226275558 ], [ 80.806414170208257, 16.408198898100466 ] ] ] } },
{ "type": "Feature", "properties": { "FID": "4", "Village": "Neppalle" }, "geometry": { "type": "Polygon", "coordinates": [ [ [ 80.810109447903102, 16.401837445633987 ], [ 80.810159475294526, 16.401809978859241 ], [ 80.809697224401702, 16.400728903868597 ], [ 80.809461368352686, 16.400866273714474 ], [ 80.80905402180673, 16.401079115543403 ], [ 80.80892537156366, 16.401154659388784 ], [ 80.808017878527934, 16.40156648093431 ], [ 80.807181853477374, 16.401937075886579 ], [ 80.807138989454671, 16.40195078684469 ], [ 80.808974122459745, 16.401870464504917 ], [ 80.810109447903102, 16.401837445633987 ] ] ] } },
{ "type": "Feature", "properties": { "FID": "5", "Village": "Neppalle" }, "geometry": { "type": "Polygon", "coordinates": [ [ [ 80.809741992050007, 16.403770890223946 ], [ 80.809514429021988, 16.403233797850437 ], [ 80.808435541304419, 16.403659174895132 ], [ 80.808364341582376, 16.403542074481166 ], [ 80.80835006137923, 16.40354205690296 ], [ 80.808114319494322, 16.403610605497157 ], [ 80.807943597262721, 16.403238749018254 ], [ 80.807657851258725, 16.403320980292481 ], [ 80.807136184737075, 16.403574969036306 ], [ 80.807114740659728, 16.403588706474192 ], [ 80.807327815305882, 16.404242777120565 ], [ 80.808235132654161, 16.403941089372868 ], [ 80.808298991006595, 16.404175155333334 ], [ 80.808584726167837, 16.40409980517018 ], [ 80.808627401246426, 16.404196205374593 ], [ 80.808834571314975, 16.404134522206117 ], [ 80.809741992050007, 16.403770890223946 ] ] ] } },
{ "type": "Feature", "properties": { "FID": "6", "Village": "Neppalle" }, "geometry": { "type": "Polygon", "coordinates": [ [ [ 80.806700091075996, 16.403891019430123 ], [ 80.806374528411183, 16.402225138418501 ], [ 80.806310232198058, 16.402245704602944 ], [ 80.805324235787069, 16.402629869931083 ], [ 80.80550134024962, 16.403435301176103 ], [ 80.805649814006358, 16.404281988488336 ], [ 80.806700091075996, 16.403891019430123 ] ] ] } },
{ "type": "Feature", "properties": { "FID": "7", "Village": "Neppalle" }, "geometry": { "type": "Polygon", "coordinates": [ [ [ 80.808621230038341, 16.416088577801194 ], [ 80.807687633048545, 16.415034466230406 ], [ 80.807039094509875, 16.414311038226931 ], [ 80.806654305609399, 16.413849450294602 ], [ 80.806397772716224, 16.413546325331072 ], [ 80.806219237234231, 16.413559867683251 ], [ 80.806846396376272, 16.414255743844876 ], [ 80.807359537450964, 16.414820719724325 ], [ 80.807744365551898, 16.41526164136971 ], [ 80.808542612840625, 16.416129772898714 ], [ 80.808621230038341, 16.416088577801194 ] ] ] } },
{ "type": "Feature", "properties": { "FID": "8", "Village": "Neppalle" }, "geometry": { "type": "Polygon", "coordinates": [ [ [ 80.81522024570522, 16.415422140205642 ], [ 80.815236430022523, 16.41429349653443 ], [ 80.814657852180758, 16.414409795771537 ], [ 80.814364963668524, 16.414485145398181 ], [ 80.814641664477733, 16.415538458468077 ], [ 80.81522024570522, 16.415422140205642 ] ] ] } },
{ "type": "Feature", "properties": { "FID": "9", "Village": "Neppalle" }, "geometry": { "type": "Polygon", "coordinates": [ [ [ 80.799076005539192, 16.415216352223005 ], [ 80.799662249940269, 16.414797299094616 ], [ 80.800348733305611, 16.414233831071769 ], [ 80.801156883328957, 16.413498465477804 ], [ 80.800708015611008, 16.412940438048469 ], [ 80.798271139701896, 16.414079779778906 ], [ 80.798448237076613, 16.414878333933949 ], [ 80.798455292221888, 16.414926516743261 ], [ 80.79846188396364, 16.415236213805365 ], [ 80.798604182423531, 16.415525457537335 ], [ 80.799076005539192, 16.415216352223005 ] ] ] } },
{ "type": "Feature", "properties": { "FID": "10", "Village": "Neppalle" }, "geometry": { "type": "Polygon", "coordinates": [ [ [ 80.808571755233743, 16.415792592109998 ], [ 80.807766463597346, 16.41486939619762 ], [ 80.807673565684169, 16.414910573350323 ], [ 80.808493126302949, 16.415840669149262 ], [ 80.808571755233743, 16.415792592109998 ] ] ] } },
{ "type": "Feature", "properties": { "FID": "11", "Village": "Neppalle" }, "geometry": { "type": "Polygon", "coordinates": [ [ [ 80.807390009926493, 16.405440356616438 ], [ 80.807704414734687, 16.405303105290901 ], [ 80.807569428215587, 16.40491064672236 ], [ 80.807562311804816, 16.404896873976426 ], [ 80.807327815305882, 16.404242777120565 ], [ 80.807114740659728, 16.403588706474192 ], [ 80.806900156973441, 16.403808683428554 ], [ 80.806700091075996, 16.403891019430123 ], [ 80.807011295545252, 16.405605055810565 ], [ 80.807390009926493, 16.405440356616438 ] ] ] } },
{ "type": "Feature", "properties": { "FID": "12", "Village": "Neppalle" }, "geometry": { "type": "Polygon", "coordinates": [ [ [ 80.807412774780644, 16.408798885527474 ], [ 80.807207500875421, 16.407759415004559 ], [ 80.807164647460766, 16.407766243984106 ], [ 80.806764555155979, 16.407903407419127 ], [ 80.806778538197094, 16.408075474167237 ], [ 80.806414170208257, 16.408198898100466 ], [ 80.80592832165992, 16.408377226275558 ], [ 80.805714005925154, 16.408438897616026 ], [ 80.805299618736626, 16.408582922426689 ], [ 80.805670483729628, 16.40883113524605 ], [ 80.805741862790711, 16.408844987980967 ], [ 80.80599109318679, 16.409237589544862 ], [ 80.806476777113005, 16.409155589605742 ], [ 80.806455522951026, 16.409059215578427 ], [ 80.807277085452696, 16.40881248176656 ], [ 80.807412774780644, 16.408798885527474 ] ] ] } },
{ "type": "Feature", "properties": { "FID": "13", "Village": "Neppalle" }, "geometry": { "type": "Polygon", "coordinates": [ [ [ 80.812310733613486, 16.40057380208642 ], [ 80.812303605320025, 16.400566911463052 ], [ 80.812296488728904, 16.400553138869885 ], [ 80.81178365147025, 16.3998230072486 ], [ 80.811440745329975, 16.399932702261019 ], [ 80.810776340063285, 16.400159017796256 ], [ 80.810662018081388, 16.400207052258782 ], [ 80.810889956921358, 16.40052390141841 ], [ 80.811781741075151, 16.400944806503833 ], [ 80.812310733613486, 16.40057380208642 ] ] ] } },
{ "type": "Feature", "properties": { "FID": "14", "Village": "Neppalle" }, "geometry": { "type": "Polygon", "coordinates": [ [ [ 80.809055455911462, 16.408560039750096 ], [ 80.809006017718858, 16.408243388956649 ], [ 80.808713313841523, 16.408215501376993 ], [ 80.808628612840167, 16.407644173952907 ], [ 80.808414582925224, 16.407540680950138 ], [ 80.807993154202109, 16.407629627515711 ], [ 80.807992336076325, 16.408104502076135 ], [ 80.807998587079283, 16.408620677193305 ], [ 80.807934324499797, 16.408620597954265 ], [ 80.80791983045826, 16.408744455665936 ], [ 80.808134086600333, 16.408717191886044 ], [ 80.80809786360966, 16.409019954232775 ], [ 80.808269218992933, 16.409027047325843 ], [ 80.80835434589666, 16.409350624180924 ], [ 80.808611444522683, 16.409323412666446 ], [ 80.808675506172619, 16.409440485059196 ], [ 80.808789644779864, 16.409502563177305 ], [ 80.809075222090414, 16.409523559938421 ], [ 80.809033526787829, 16.408855937849612 ], [ 80.809055455911462, 16.408560039750096 ] ] ] } },
{ "type": "Feature", "properties": { "FID": "15", "Village": "Neppalle" }, "geometry": { "type": "Polygon", "coordinates": [ [ [ 80.806005774803893, 16.413126019102176 ], [ 80.805578100254223, 16.412691922909726 ], [ 80.804751522044683, 16.411706732045623 ], [ 80.804715772162211, 16.411734215304701 ], [ 80.805463877237671, 16.412677997651368 ], [ 80.805970000973559, 16.413167266487328 ], [ 80.806005774803893, 16.413126019102176 ] ] ] } },
{ "type": "Feature", "properties": { "FID": "16", "Village": "Neppalle" }, "geometry": { "type": "Polygon", "coordinates": [ [ [ 80.807834489492393, 16.41268781803501 ], [ 80.807905941288439, 16.412660378287711 ], [ 80.807699497755337, 16.412295378885016 ], [ 80.807628010451111, 16.412343464443783 ], [ 80.807077674755732, 16.412645591013515 ], [ 80.807063381998361, 16.412652455300258 ], [ 80.806105824581962, 16.413077969585416 ], [ 80.806248418987352, 16.413202022180364 ], [ 80.807692025000847, 16.41248806494627 ], [ 80.807834489492393, 16.41268781803501 ] ] ] } },
{ "type": "Feature", "properties": { "FID": "17", "Village": "Neppalle" }, "geometry": { "type": "Polygon", "coordinates": [ [ [ 80.801669353444396, 16.414435080721823 ], [ 80.801655120781703, 16.414407534856473 ], [ 80.801555504339845, 16.414207831815222 ], [ 80.801413154066836, 16.413946117833209 ], [ 80.801156883328957, 16.413498465477804 ], [ 80.800348733305611, 16.414233831071769 ], [ 80.799662249940269, 16.414797299094616 ], [ 80.799076005539192, 16.415216352223005 ], [ 80.79953878239337, 16.415973977853866 ], [ 80.799581601388411, 16.415987796319417 ], [ 80.800997020987097, 16.415074272678872 ], [ 80.801483132394765, 16.414758298022004 ], [ 80.801369247046793, 16.414551694888868 ], [ 80.801669353444396, 16.414435080721823 ] ] ] } },
{ "type": "Feature", "properties": { "FID": "18", "Village": "Neppalle" }, "geometry": { "type": "Polygon", "coordinates": [ [ [ 80.809118486594954, 16.405119032244414 ], [ 80.810183100658705, 16.404693634367582 ], [ 80.809983895529584, 16.404273570858283 ], [ 80.809376594944197, 16.404499951570067 ], [ 80.808762188343266, 16.404705656719162 ], [ 80.808726582255673, 16.404650557114319 ], [ 80.808469383243491, 16.404739706533793 ], [ 80.808419627185529, 16.404608887688273 ], [ 80.807562311804816, 16.404896873976426 ], [ 80.807569428215587, 16.40491064672236 ], [ 80.807704414734687, 16.405303105290901 ], [ 80.807818218510704, 16.405557878936726 ], [ 80.808475457923592, 16.40535911128644 ], [ 80.809118486594954, 16.405119032244414 ] ] ] } },
{ "type": "Feature", "properties": { "FID": "19", "Village": "Neppalle" }, "geometry": { "type": "Polygon", "coordinates": [ [ [ 80.804942529839238, 16.412732422749006 ], [ 80.804237305501474, 16.411768027180933 ], [ 80.803830113780847, 16.411932684775511 ], [ 80.803458632394168, 16.412035467736324 ], [ 80.803508398970052, 16.412159405690726 ], [ 80.803878200051059, 16.413020135014545 ], [ 80.804649604328432, 16.412828404704424 ], [ 80.804942529839238, 16.412732422749006 ] ] ] } },
{ "type": "Feature", "properties": { "FID": "20", "Village": "Neppalle" }, "geometry": { "type": "Polygon", "coordinates": [ [ [ 80.807164647460766, 16.407766243984106 ], [ 80.807058185648586, 16.407394485500078 ], [ 80.807401071645145, 16.407305443767878 ], [ 80.80734429422651, 16.407105796245659 ], [ 80.807294502731352, 16.40699560393789 ], [ 80.806487216430625, 16.407249256729884 ], [ 80.806394881798468, 16.406966962016668 ], [ 80.805937621054284, 16.407131580884791 ], [ 80.806414170208257, 16.408198898100466 ], [ 80.806778538197094, 16.408075474167237 ], [ 80.806764555155979, 16.407903407419127 ], [ 80.807164647460766, 16.407766243984106 ] ] ] } },
{ "type": "Feature", "properties": { "FID": "21", "Village": "Neppalle" }, "geometry": { "type": "Polygon", "coordinates": [ [ [ 80.811171799163461, 16.402726536536388 ], [ 80.810579996524325, 16.402244076436133 ], [ 80.810109447903102, 16.401837445633987 ], [ 80.810016285686117, 16.402036909200621 ], [ 80.810301463737247, 16.402285028246272 ], [ 80.811164295035724, 16.402939887955203 ], [ 80.811171799163461, 16.402726536536388 ] ] ] } },
{ "type": "Feature", "properties": { "FID": "22", "Village": "Neppalle" }, "geometry": { "type": "Polygon", "coordinates": [ [ [ 80.81061532039422, 16.406641819884602 ], [ 80.811258350745788, 16.406401734341276 ], [ 80.811279642224534, 16.406477462033262 ], [ 80.812151450457449, 16.406065583460808 ], [ 80.811881084017045, 16.405500913835073 ], [ 80.811702966576547, 16.405273592122633 ], [ 80.811525107661751, 16.404894847882321 ], [ 80.810588971294393, 16.405347937321483 ], [ 80.810495901992113, 16.405492345297311 ], [ 80.810367214061174, 16.405588535865316 ], [ 80.809195480804718, 16.406020685160009 ], [ 80.809230957336936, 16.406151486293211 ], [ 80.809295160061723, 16.406185974950311 ], [ 80.809336737704186, 16.406922416801621 ], [ 80.809900956977359, 16.406840524284565 ], [ 80.81061532039422, 16.406641819884602 ] ] ] } },
{ "type": "Feature", "properties": { "FID": "23", "Village": "Neppalle" }, "geometry": { "type": "Polygon", "coordinates": [ [ [ 80.814822278627773, 16.405834818891769 ], [ 80.814800962609709, 16.405772855475053 ], [ 80.814651204686584, 16.40566254483829 ], [ 80.814941803956856, 16.406936098365968 ], [ 80.815113157827255, 16.406943185863316 ], [ 80.814971270528432, 16.406399320113024 ], [ 80.81481513843984, 16.405834810321299 ], [ 80.814822278627773, 16.405834818891769 ] ] ] } },
{ "type": "Feature", "properties": { "FID": "24", "Village": "Neppalle" }, "geometry": { "type": "Polygon", "coordinates": [ [ [ 80.814941803956856, 16.406936098365968 ], [ 80.814651204686584, 16.40566254483829 ], [ 80.814409496823274, 16.405035994085576 ], [ 80.813509090537963, 16.405475356455135 ], [ 80.814171613743568, 16.406370831390205 ], [ 80.814648984873983, 16.406977038725799 ], [ 80.814941803956856, 16.406936098365968 ] ] ] } },
{ "type": "Feature", "properties": { "FID": "25", "Village": "Neppalle" }, "geometry": { "type": "Polygon", "coordinates": [ [ [ 80.814057046965289, 16.410782175889651 ], [ 80.812629066981501, 16.410725395694122 ], [ 80.811993492457248, 16.410772798916394 ], [ 80.811979129700291, 16.410820955318396 ], [ 80.811964790372429, 16.41085534779376 ], [ 80.812650406219674, 16.410773595374437 ], [ 80.814099749456744, 16.410864811037641 ], [ 80.814057046965289, 16.410782175889651 ] ] ] } },
{ "type": "Feature", "properties": { "FID": "26", "Village": "Neppalle" }, "geometry": { "type": "Polygon", "coordinates": [ [ [ 80.801054980586784, 16.4105389927029 ], [ 80.800678080445238, 16.409664485424425 ], [ 80.800293905520235, 16.408879433860918 ], [ 80.800066217128759, 16.408424915243149 ], [ 80.800059101123878, 16.408411142252074 ], [ 80.79934348044803, 16.409311808543453 ], [ 80.799350608595162, 16.409318699599179 ], [ 80.799926266071324, 16.410854150551952 ], [ 80.801054980586784, 16.4105389927029 ] ] ] } },
{ "type": "Feature", "properties": { "FID": "27", "Village": "Neppalle" }, "geometry": { "type": "Polygon", "coordinates": [ [ [ 80.799926266071324, 16.410854150551952 ], [ 80.799350608595162, 16.409318699599179 ], [ 80.79934348044803, 16.409311808543453 ], [ 80.79930056562408, 16.409353045702495 ], [ 80.799236156859322, 16.409435547298223 ], [ 80.799243260677628, 16.409456202273674 ], [ 80.799570268800863, 16.410275592780302 ], [ 80.799797727364364, 16.410860869058215 ], [ 80.799926266071324, 16.410854150551952 ] ] ] } },
{ "type": "Feature", "properties": { "FID": "28", "Village": "Neppalle" }, "geometry": { "type": "Polygon", "coordinates": [ [ [ 80.811964790372429, 16.41085534779376 ], [ 80.811979129700291, 16.410820955318396 ], [ 80.811993492457248, 16.410772798916394 ], [ 80.812208195294986, 16.410483997296691 ], [ 80.812437646203151, 16.40991995332989 ], [ 80.812438395098937, 16.409479488540224 ], [ 80.812410793394477, 16.408915113766234 ], [ 80.812310946256233, 16.408846172953151 ], [ 80.812345840135521, 16.409321090867142 ], [ 80.812316295609278, 16.40989916030518 ], [ 80.812194301007807, 16.410256875192069 ], [ 80.812072551952625, 16.410470068769655 ], [ 80.812008148152813, 16.410552574325372 ], [ 80.811907878376132, 16.410731403102762 ], [ 80.811664871385176, 16.410868747393355 ], [ 80.811679105212761, 16.410896292602111 ], [ 80.811964790372429, 16.41085534779376 ] ] ] } },
{ "type": "Feature", "properties": { "FID": "29", "Village": "Neppalle" }, "geometry": { "type": "Polygon", "coordinates": [ [ [ 80.815758203983208, 16.409745000490791 ], [ 80.814601296043179, 16.409846843294897 ], [ 80.81401598662849, 16.409729145580538 ], [ 80.814057046965289, 16.410782175889651 ], [ 80.814763850459656, 16.410838081632523 ], [ 80.81587034154731, 16.410997692895691 ], [ 80.815758203983208, 16.409745000490791 ] ] ] } },
{ "type": "Feature", "properties": { "FID": "30", "Village": "Neppalle" }, "geometry": { "type": "Polygon", "coordinates": [ [ [ 80.803235358317039, 16.409048315079996 ], [ 80.802843721012422, 16.408442190039253 ], [ 80.802623432386909, 16.407836299075452 ], [ 80.802531247657171, 16.407471419207777 ], [ 80.802181291364178, 16.407519152201477 ], [ 80.802408393075623, 16.408310884665855 ], [ 80.802863805657381, 16.409206152777362 ], [ 80.803235358317039, 16.409048315079996 ] ] ] } },
{ "type": "Feature", "properties": { "FID": "31", "Village": "Neppalle" }, "geometry": { "type": "Polygon", "coordinates": [ [ [ 80.811679105212761, 16.410896292602111 ], [ 80.811664871385176, 16.410868747393355 ], [ 80.811907878376132, 16.410731403102762 ], [ 80.812008148152813, 16.410552574325372 ], [ 80.811651974698407, 16.410056639305466 ], [ 80.811417141606711, 16.409588360135363 ], [ 80.811188557301207, 16.409643137718039 ], [ 80.811052879371772, 16.409649854427755 ], [ 80.810981429108523, 16.409677295269301 ], [ 80.810260032381294, 16.409807172391442 ], [ 80.810081476975029, 16.409834481994494 ], [ 80.810116495202237, 16.4102336985944 ], [ 80.81022915053758, 16.411162922267884 ], [ 80.809979119347616, 16.411231436240719 ], [ 80.810100034464, 16.411506882312789 ], [ 80.810871725995568, 16.411198116653182 ], [ 80.811679105212761, 16.410896292602111 ] ] ] } },
{ "type": "Feature", "properties": { "FID": "32", "Village": "Neppalle" }, "geometry": { "type": "Polygon", "coordinates": [ [ [ 80.80601711394587, 16.410703520897638 ], [ 80.806211274569691, 16.409912315752322 ], [ 80.806118915278702, 16.409643784902062 ], [ 80.805275675829122, 16.410035027710677 ], [ 80.805275233567954, 16.410289660240984 ], [ 80.805039578218697, 16.410303130446643 ], [ 80.804160979816174, 16.410494728233676 ], [ 80.804737504646525, 16.41155531111572 ], [ 80.805230538420503, 16.411356348864352 ], [ 80.805573671067592, 16.411129651920017 ], [ 80.805852491837328, 16.410930421474898 ], [ 80.80601711394587, 16.410703520897638 ] ] ] } },
{ "type": "Feature", "properties": { "FID": "33", "Village": "Neppalle" }, "geometry": { "type": "Polygon", "coordinates": [ [ [ 80.809478194588067, 16.41187086556625 ], [ 80.809122107958743, 16.411326752633538 ], [ 80.808894408003923, 16.410865361475057 ], [ 80.809080140333009, 16.410817415778101 ], [ 80.808973141234816, 16.410755346587557 ], [ 80.808794490158292, 16.41083771077454 ], [ 80.809014943061513, 16.411361030920219 ], [ 80.809363841804853, 16.41193266311587 ], [ 80.809478194588067, 16.41187086556625 ] ] ] } },
{ "type": "Feature", "properties": { "FID": "34", "Village": "Neppalle" }, "geometry": { "type": "Polygon", "coordinates": [ [ [ 80.815476264199475, 16.411802431893648 ], [ 80.815533375853278, 16.411809382252148 ], [ 80.815655481259299, 16.411382845787983 ], [ 80.814941779042925, 16.411182394102948 ], [ 80.814170978558522, 16.410968126446768 ], [ 80.812928494959493, 16.411001037164858 ], [ 80.813013443503849, 16.411434723565527 ], [ 80.813099163236529, 16.411414181266508 ], [ 80.813613434620819, 16.411318454585537 ], [ 80.814206179936434, 16.41126409384421 ], [ 80.81436210497202, 16.411952498274424 ], [ 80.815476264199475, 16.411802431893648 ] ] ] } },
{ "type": "Feature", "properties": { "FID": "35", "Village": "Neppalle" }, "geometry": { "type": "Polygon", "coordinates": [ [ [ 80.810156969094152, 16.411617063551933 ], [ 80.811164516894308, 16.411177827533351 ], [ 80.811778859364821, 16.411020289410708 ], [ 80.811679105212761, 16.410896292602111 ], [ 80.810871725995568, 16.411198116653182 ], [ 80.810100034464, 16.411506882312789 ], [ 80.809478194588067, 16.41187086556625 ], [ 80.809363841804853, 16.41193266311587 ], [ 80.809435139584124, 16.411994707449562 ], [ 80.810156969094152, 16.411617063551933 ] ] ] } },
{ "type": "Feature", "properties": { "FID": "36", "Village": "Neppalle" }, "geometry": { "type": "Polygon", "coordinates": [ [ [ 80.811525107661751, 16.404894847882321 ], [ 80.81134716723686, 16.404564296367511 ], [ 80.810734796705404, 16.403579388851167 ], [ 80.810327445806607, 16.403792252164838 ], [ 80.809862996686107, 16.403991261729029 ], [ 80.809983895529584, 16.404273570858283 ], [ 80.810183100658705, 16.404693634367582 ], [ 80.809118486594954, 16.405119032244414 ], [ 80.809260557521611, 16.405545889312496 ], [ 80.809031977371532, 16.405600664613541 ], [ 80.809195480804718, 16.406020685160009 ], [ 80.810367214061174, 16.405588535865316 ], [ 80.810495901992113, 16.405492345297311 ], [ 80.810588971294393, 16.405347937321483 ], [ 80.811525107661751, 16.404894847882321 ] ] ] } },
{ "type": "Feature", "properties": { "FID": "37", "Village": "Neppalle" }, "geometry": { "type": "Polygon", "coordinates": [ [ [ 80.813223273482791, 16.405598887068624 ], [ 80.813252254334557, 16.405351170762113 ], [ 80.812368909404015, 16.404152599117854 ], [ 80.81134716723686, 16.404564296367511 ], [ 80.811525107661751, 16.404894847882321 ], [ 80.811702966576547, 16.405273592122633 ], [ 80.811881084017045, 16.405500913835073 ], [ 80.812151450457449, 16.406065583460808 ], [ 80.812415895084939, 16.405914500504725 ], [ 80.813223273482791, 16.405598887068624 ] ] ] } },
{ "type": "Feature", "properties": { "FID": "38", "Village": "Neppalle" }, "geometry": { "type": "Polygon", "coordinates": [ [ [ 80.802181291364178, 16.407519152201477 ], [ 80.801718415127795, 16.406823469538317 ], [ 80.801718403051311, 16.40683035149922 ], [ 80.801704110537187, 16.406837215427764 ], [ 80.800853383286366, 16.407428008460396 ], [ 80.800846218831552, 16.407441763334951 ], [ 80.800059101123878, 16.408411142252074 ], [ 80.800066217128759, 16.408424915243149 ], [ 80.800293905520235, 16.408879433860918 ], [ 80.801509366946235, 16.407951887720095 ], [ 80.802181291364178, 16.407519152201477 ] ] ] } },
{ "type": "Feature", "properties": { "FID": "39", "Village": "Neppalle" }, "geometry": { "type": "Polygon", "coordinates": [ [ [ 80.807628010451111, 16.412343464443783 ], [ 80.807429112063616, 16.411744467830179 ], [ 80.807294335690329, 16.411228133996079 ], [ 80.80738720816619, 16.411200720899974 ], [ 80.807281136267704, 16.410601857919708 ], [ 80.806909790043292, 16.410628926358054 ], [ 80.806866364916388, 16.410966089374625 ], [ 80.806652022812443, 16.411041525550157 ], [ 80.80675145244922, 16.411351356752995 ], [ 80.806608561389268, 16.411399353491248 ], [ 80.806750893066976, 16.411674808874608 ], [ 80.806636527648919, 16.411743486892874 ], [ 80.807063381998361, 16.412652455300258 ], [ 80.807077674755732, 16.412645591013515 ], [ 80.807628010451111, 16.412343464443783 ] ] ] } },
{ "type": "Feature", "properties": { "FID": "40", "Village": "Neppalle" }, "geometry": { "type": "Polygon", "coordinates": [ [ [ 80.809363841804853, 16.41193266311587 ], [ 80.809014943061513, 16.411361030920219 ], [ 80.808794490158292, 16.41083771077454 ], [ 80.808415825652062, 16.410968002511748 ], [ 80.80738720816619, 16.411200720899974 ], [ 80.807294335690329, 16.411228133996079 ], [ 80.807429112063616, 16.411744467830179 ], [ 80.807628010451111, 16.412343464443783 ], [ 80.807699497755337, 16.412295378885016 ], [ 80.807905941288439, 16.412660378287711 ], [ 80.809363841804853, 16.41193266311587 ] ] ] } },
{ "type": "Feature", "properties": { "FID": "41", "Village": "Neppalle" }, "geometry": { "type": "Polygon", "coordinates": [ [ [ 80.803458632394168, 16.412035467736324 ], [ 80.803830113780847, 16.411932684775511 ], [ 80.804237305501474, 16.411768027180933 ], [ 80.803596882977658, 16.41055595941841 ], [ 80.801946563454095, 16.411076932647656 ], [ 80.801353593736735, 16.411268878839042 ], [ 80.801389126342215, 16.411365290512478 ], [ 80.800688762998305, 16.411708502380609 ], [ 80.800324428593981, 16.41181815170691 ], [ 80.800544839987609, 16.41234148043343 ], [ 80.800679914282483, 16.412678868371195 ], [ 80.801015732434777, 16.412555418397808 ], [ 80.802187213132953, 16.412288501671878 ], [ 80.803458632394168, 16.412035467736324 ] ] ] } },
{ "type": "Feature", "properties": { "FID": "42", "Village": "Neppalle" }, "geometry": { "type": "Polygon", "coordinates": [ [ [ 80.805670997572349, 16.412650727551899 ], [ 80.805043919499269, 16.411913556121025 ], [ 80.804808705077662, 16.411672393560792 ], [ 80.804751522044683, 16.411706732045623 ], [ 80.805578100254223, 16.412691922909726 ], [ 80.805670997572349, 16.412650727551899 ] ] ] } },
{ "type": "Feature", "properties": { "FID": "43", "Village": "Neppalle" }, "geometry": { "type": "Polygon", "coordinates": [ [ [ 80.799901444607357, 16.41682776535686 ], [ 80.799580288589269, 16.4167310090873 ], [ 80.799194892057855, 16.416620406481801 ], [ 80.799166349594458, 16.416620370082679 ], [ 80.798159687296376, 16.416529618252689 ], [ 80.798159553027489, 16.416605319735019 ], [ 80.799244742230528, 16.416696171702206 ], [ 80.799508822006999, 16.416765327916689 ], [ 80.799858528232733, 16.416869002583496 ], [ 80.799901444607357, 16.41682776535686 ] ] ] } },
{ "type": "Feature", "properties": { "FID": "44", "Village": "Neppalle" }, "geometry": { "type": "Polygon", "coordinates": [ [ [ 80.797274202954355, 16.416569774671459 ], [ 80.797595565370429, 16.416549541257726 ], [ 80.798159553027489, 16.416605319735019 ], [ 80.798159687296376, 16.416529618252689 ], [ 80.797581418720185, 16.416473821457462 ], [ 80.796895801653093, 16.416541760463787 ], [ 80.796567139209344, 16.416651448989974 ], [ 80.796302675541341, 16.416809393531661 ], [ 80.796316809447177, 16.416891995362263 ], [ 80.796502709904686, 16.41675459553257 ], [ 80.796774228127191, 16.416644833589523 ], [ 80.797274202954355, 16.416569774671459 ] ] ] } },
{ "type": "Feature", "properties": { "FID": "45", "Village": "Neppalle" }, "geometry": { "type": "Polygon", "coordinates": [ [ [ 80.812368909404015, 16.404152599117854 ], [ 80.811164295035724, 16.402939887955203 ], [ 80.811056406802564, 16.403400849336332 ], [ 80.810734796705404, 16.403579388851167 ], [ 80.81134716723686, 16.404564296367511 ], [ 80.812368909404015, 16.404152599117854 ] ] ] } },
{ "type": "Feature", "properties": { "FID": "46", "Village": "Neppalle" }, "geometry": { "type": "Polygon", "coordinates": [ [ [ 80.805551821666356, 16.407261858689999 ], [ 80.805302749983028, 16.406779791055722 ], [ 80.804876299253735, 16.405650576857518 ], [ 80.804578004562956, 16.404734882274596 ], [ 80.804270822583277, 16.40482396410227 ], [ 80.804006529207442, 16.404885571253505 ], [ 80.803985195934288, 16.404892426527454 ], [ 80.804589195212841, 16.406510503900979 ], [ 80.805030261518894, 16.407447022350492 ], [ 80.805551821666356, 16.407261858689999 ] ] ] } },
{ "type": "Feature", "properties": { "FID": "47", "Village": "Neppalle" }, "geometry": { "type": "Polygon", "coordinates": [ [ [ 80.802182738634826, 16.40669329777414 ], [ 80.801969135632589, 16.406348910484887 ], [ 80.801911917434467, 16.406403913226178 ], [ 80.801904789301076, 16.406397022255611 ], [ 80.802531247657171, 16.407471419207777 ], [ 80.802645479490494, 16.407478444954666 ], [ 80.802182738634826, 16.40669329777414 ] ] ] } },
{ "type": "Feature", "properties": { "FID": "48", "Village": "Neppalle" }, "geometry": { "type": "Polygon", "coordinates": [ [ [ 80.803667186846852, 16.407094337418037 ], [ 80.803333230823355, 16.406157931478212 ], [ 80.802182738634826, 16.40669329777414 ], [ 80.802645479490494, 16.407478444954666 ], [ 80.803309922963336, 16.407238410812703 ], [ 80.803667186846852, 16.407094337418037 ] ] ] } },
{ "type": "Feature", "properties": { "FID": "49", "Village": "Neppalle" }, "geometry": { "type": "Polygon", "coordinates": [ [ [ 80.802531247657171, 16.407471419207777 ], [ 80.801904789301076, 16.406397022255611 ], [ 80.801718415127795, 16.406823469538317 ], [ 80.802181291364178, 16.407519152201477 ], [ 80.802531247657171, 16.407471419207777 ] ] ] } },
{ "type": "Feature", "properties": { "FID": "50", "Village": "Neppalle" }, "geometry": { "type": "Polygon", "coordinates": [ [ [ 80.805320160128517, 16.413200867744763 ], [ 80.804942529839238, 16.412732422749006 ], [ 80.804649604328432, 16.412828404704424 ], [ 80.803878200051059, 16.413020135014545 ], [ 80.803678195520689, 16.413061176205947 ], [ 80.803313720134852, 16.413239650242581 ], [ 80.802942027138812, 16.413473189458152 ], [ 80.803361731637509, 16.414368392177387 ], [ 80.804376589581651, 16.413791558831278 ], [ 80.805320160128517, 16.413200867744763 ] ] ] } },
{ "type": "Feature", "properties": { "FID": "51", "Village": "Neppalle" }, "geometry": { "type": "Polygon", "coordinates": [ [ [ 80.805282772234378, 16.414171217569251 ], [ 80.805926024722893, 16.413821018402029 ], [ 80.805448353686842, 16.413393741783338 ], [ 80.804969643766896, 16.413565194439606 ], [ 80.804633622681607, 16.413805644009901 ], [ 80.804953938840598, 16.414384148699131 ], [ 80.805282772234378, 16.414171217569251 ] ] ] } },
{ "type": "Feature", "properties": { "FID": "52", "Village": "Neppalle" }, "geometry": { "type": "Polygon", "coordinates": [ [ [ 80.811809144446343, 16.414199894570125 ], [ 80.811787898858896, 16.414096639134542 ], [ 80.812416495922534, 16.413959743399381 ], [ 80.812253400639818, 16.413291974933866 ], [ 80.812118739302221, 16.412699961665673 ], [ 80.811811641884461, 16.412733998662542 ], [ 80.811490087450167, 16.412871247255453 ], [ 80.810904383019761, 16.4129806455439 ], [ 80.810718790215773, 16.412946009297666 ], [ 80.810462110877822, 16.412725472747617 ], [ 80.810369709125482, 16.412477589644915 ], [ 80.809841022598533, 16.412648992410411 ], [ 80.810047352616394, 16.41308282846348 ], [ 80.810396092530013, 16.413750825473802 ], [ 80.810788995060477, 16.413648075507194 ], [ 80.811102130026569, 16.4142609721101 ], [ 80.811187510527901, 16.41444000745366 ], [ 80.811809144446343, 16.414199894570125 ] ] ] } },
{ "type": "Feature", "properties": { "FID": "53", "Village": "Neppalle" }, "geometry": { "type": "Polygon", "coordinates": [ [ [ 80.803075818862837, 16.414546964354344 ], [ 80.803361731637509, 16.414368392177387 ], [ 80.802942027138812, 16.413473189458152 ], [ 80.801719771795661, 16.414187393444113 ], [ 80.802517377365888, 16.415392763428091 ], [ 80.80273848086506, 16.415537582255276 ], [ 80.803410320660646, 16.41516678097776 ], [ 80.803075818862837, 16.414546964354344 ] ] ] } },
{ "type": "Feature", "properties": { "FID": "54", "Village": "Neppalle" }, "geometry": { "type": "Polygon", "coordinates": [ [ [ 80.800015766773953, 16.416786618911008 ], [ 80.799866336863232, 16.416490504216874 ], [ 80.799581601388411, 16.415987796319417 ], [ 80.79953878239337, 16.415973977853866 ], [ 80.799076005539192, 16.415216352223005 ], [ 80.798604182423531, 16.415525457537335 ], [ 80.799166349594458, 16.416620370082679 ], [ 80.799194892057855, 16.416620406481801 ], [ 80.799580288589269, 16.4167310090873 ], [ 80.799901444607357, 16.41682776535686 ], [ 80.800015766773953, 16.416786618911008 ] ] ] } },
{ "type": "Feature", "properties": { "FID": "55", "Village": "Neppalle" }, "geometry": { "type": "Polygon", "coordinates": [ [ [ 80.814118867900888, 16.416446211991239 ], [ 80.813841492606102, 16.415792128507075 ], [ 80.813805789852481, 16.415792085467093 ], [ 80.813614172902476, 16.415096755831907 ], [ 80.812899828212338, 16.415267942138765 ], [ 80.812444905720781, 16.414049243508764 ], [ 80.812416495922534, 16.413959743399381 ], [ 80.811787898858896, 16.414096639134542 ], [ 80.811809144446343, 16.414199894570125 ], [ 80.812199739948056, 16.415452907246827 ], [ 80.812313438241389, 16.415776517048247 ], [ 80.812320555375194, 16.415790289626678 ], [ 80.812611516526928, 16.416850427957208 ], [ 80.814118867900888, 16.416446211991239 ] ] ] } },
{ "type": "Feature", "properties": { "FID": "56", "Village": "Neppalle" }, "geometry": { "type": "Polygon", "coordinates": [ [ [ 80.807114740659728, 16.403588706474192 ], [ 80.807136184737075, 16.403574969036306 ], [ 80.807657851258725, 16.403320980292481 ], [ 80.807188708352598, 16.402102251909284 ], [ 80.806638877016184, 16.402129099280458 ], [ 80.806374528411183, 16.402225138418501 ], [ 80.806700091075996, 16.403891019430123 ], [ 80.806900156973441, 16.403808683428554 ], [ 80.807114740659728, 16.403588706474192 ] ] ] } },
{ "type": "Feature", "properties": { "FID": "57", "Village": "Neppalle" }, "geometry": { "type": "Polygon", "coordinates": [ [ [ 80.806497894085652, 16.413456983878973 ], [ 80.806248418987352, 16.413202022180364 ], [ 80.806105824581962, 16.413077969585416 ], [ 80.805670997572349, 16.412650727551899 ], [ 80.805578100254223, 16.412691922909726 ], [ 80.806005774803893, 16.413126019102176 ], [ 80.806397772716224, 16.413546325331072 ], [ 80.806497894085652, 16.413456983878973 ] ] ] } },
{ "type": "Feature", "properties": { "FID": "58", "Village": "Neppalle" }, "geometry": { "type": "Polygon", "coordinates": [ [ [ 80.814364963668524, 16.414485145398181 ], [ 80.814657852180758, 16.414409795771537 ], [ 80.815236430022523, 16.41429349653443 ], [ 80.815273791820388, 16.413309380509411 ], [ 80.814002428751039, 16.41352121331429 ], [ 80.813889125074468, 16.41296361763316 ], [ 80.812253400639818, 16.413291974933866 ], [ 80.812416495922534, 16.413959743399381 ], [ 80.812444905720781, 16.414049243508764 ], [ 80.814066157268684, 16.413837860953144 ], [ 80.814257821202503, 16.414505662418044 ], [ 80.814264973345374, 16.414498789049414 ], [ 80.814364963668524, 16.414485145398181 ] ] ] } },
{ "type": "Feature", "properties": { "FID": "59", "Village": "Neppalle" }, "geometry": { "type": "Polygon", "coordinates": [ [ [ 80.804633622681607, 16.413805644009901 ], [ 80.804969643766896, 16.413565194439606 ], [ 80.805448353686842, 16.413393741783338 ], [ 80.805320160128517, 16.413200867744763 ], [ 80.804376589581651, 16.413791558831278 ], [ 80.803361731637509, 16.414368392177387 ], [ 80.803075818862837, 16.414546964354344 ], [ 80.803354098217014, 16.414650543434568 ], [ 80.804633622681607, 16.413805644009901 ] ] ] } },
{ "type": "Feature", "properties": { "FID": "60", "Village": "Neppalle" }, "geometry": { "type": "Polygon", "coordinates": [ [ [ 80.80335709199646, 16.408848890607658 ], [ 80.803007899276466, 16.408469924318382 ], [ 80.802758940720068, 16.407925935246372 ], [ 80.802666755696805, 16.407561055438038 ], [ 80.802645479490494, 16.407478444954666 ], [ 80.802531247657171, 16.407471419207777 ], [ 80.802623432386909, 16.407836299075452 ], [ 80.802843721012422, 16.408442190039253 ], [ 80.803235358317039, 16.409048315079996 ], [ 80.80335709199646, 16.408848890607658 ] ] ] } },
{ "type": "Feature", "properties": { "FID": "61", "Village": "Neppalle" }, "geometry": { "type": "Polygon", "coordinates": [ [ [ 80.810116495202237, 16.4102336985944 ], [ 80.810081476975029, 16.409834481994494 ], [ 80.810260032381294, 16.409807172391442 ], [ 80.810210662587295, 16.40944924923458 ], [ 80.81030355737434, 16.409408070905723 ], [ 80.81019737146498, 16.408871127764616 ], [ 80.810026923628627, 16.408334105950452 ], [ 80.809848275206491, 16.40841647108024 ], [ 80.809055455911462, 16.408560039750096 ], [ 80.809033526787829, 16.408855937849612 ], [ 80.809075222090414, 16.409523559938421 ], [ 80.808789644779864, 16.409502563177305 ], [ 80.808853753902198, 16.409592107666729 ], [ 80.808895354113261, 16.410314785433776 ], [ 80.80900251845587, 16.410280507198863 ], [ 80.80902369125107, 16.410425054704241 ], [ 80.809866571289817, 16.410240274791622 ], [ 80.810116495202237, 16.4102336985944 ] ] ] } },
{ "type": "Feature", "properties": { "FID": "62", "Village": "Neppalle" }, "geometry": { "type": "Polygon", "coordinates": [ [ [ 80.809514429021988, 16.403233797850437 ], [ 80.809030994625829, 16.402015055949967 ], [ 80.807188708352598, 16.402102251909284 ], [ 80.807657851258725, 16.403320980292481 ], [ 80.807943597262721, 16.403238749018254 ], [ 80.808114319494322, 16.403610605497157 ], [ 80.80835006137923, 16.40354205690296 ], [ 80.808364341582376, 16.403542074481166 ], [ 80.808435541304419, 16.403659174895132 ], [ 80.809514429021988, 16.403233797850437 ] ] ] } },
{ "type": "Feature", "properties": { "FID": "63", "Village": "Neppalle" }, "geometry": { "type": "Polygon", "coordinates": [ [ [ 80.804578004562956, 16.404734882274596 ], [ 80.80550688006258, 16.404357531535389 ], [ 80.805649814006358, 16.404281988488336 ], [ 80.80550134024962, 16.403435301176103 ], [ 80.805408471215259, 16.403462713495564 ], [ 80.805422655852354, 16.403517786991223 ], [ 80.804465427347154, 16.403778127473071 ], [ 80.804243952136233, 16.403853552397013 ], [ 80.803701102731566, 16.404024922312171 ], [ 80.803658238014719, 16.404038632550222 ], [ 80.804006529207442, 16.404885571253505 ], [ 80.804270822583277, 16.40482396410227 ], [ 80.804578004562956, 16.404734882274596 ] ] ] } },
{ "type": "Feature", "properties": { "FID": "64", "Village": "Neppalle" }, "geometry": { "type": "Polygon", "coordinates": [ [ [ 80.809983895529584, 16.404273570858283 ], [ 80.809862996686107, 16.403991261729029 ], [ 80.809741992050007, 16.403770890223946 ], [ 80.808834571314975, 16.404134522206117 ], [ 80.808627401246426, 16.404196205374593 ], [ 80.808584726167837, 16.40409980517018 ], [ 80.808298991006595, 16.404175155333334 ], [ 80.808235132654161, 16.403941089372868 ], [ 80.807327815305882, 16.404242777120565 ], [ 80.807562311804816, 16.404896873976426 ], [ 80.808419627185529, 16.404608887688273 ], [ 80.808469383243491, 16.404739706533793 ], [ 80.808726582255673, 16.404650557114319 ], [ 80.808762188343266, 16.404705656719162 ], [ 80.809376594944197, 16.404499951570067 ], [ 80.809983895529584, 16.404273570858283 ] ] ] } },
{ "type": "Feature", "properties": { "FID": "65", "Village": "Neppalle" }, "geometry": { "type": "Polygon", "coordinates": [ [ [ 80.813043876266178, 16.40191671440126 ], [ 80.813058168030523, 16.401909849690362 ], [ 80.81285183112314, 16.401482898155333 ], [ 80.812773559576371, 16.401324517856668 ], [ 80.812759396390234, 16.401255680886905 ], [ 80.812560107240969, 16.400883812563794 ], [ 80.812417845237349, 16.400567049894839 ], [ 80.812396495442727, 16.400525732125931 ], [ 80.812375180754174, 16.400463768445835 ], [ 80.812353830979632, 16.400422450672409 ], [ 80.812346714390102, 16.400408678080769 ], [ 80.812346726090112, 16.400401796111076 ], [ 80.81193378992981, 16.399706195803724 ], [ 80.811962256077237, 16.399761286226124 ], [ 80.81178365147025, 16.3998230072486 ], [ 80.812296488728904, 16.400553138869885 ], [ 80.812303605320025, 16.400566911463052 ], [ 80.812310733613486, 16.40057380208642 ], [ 80.812495882267839, 16.400863088837646 ], [ 80.812829476314221, 16.402033448883998 ], [ 80.813043876266178, 16.40191671440126 ] ] ] } },
{ "type": "Feature", "properties": { "FID": "66", "Village": "Neppalle" }, "geometry": { "type": "Polygon", "coordinates": [ [ [ 80.807188708352598, 16.402102251909284 ], [ 80.809030994625829, 16.402015055949967 ], [ 80.809773594822644, 16.40199532036133 ], [ 80.810016285686117, 16.402036909200621 ], [ 80.810109447903102, 16.401837445633987 ], [ 80.808974122459745, 16.401870464504917 ], [ 80.807138989454671, 16.40195078684469 ], [ 80.806824637247914, 16.402060509556268 ], [ 80.806638877016184, 16.402129099280458 ], [ 80.807188708352598, 16.402102251909284 ] ] ] } },
{ "type": "Feature", "properties": { "FID": "67", "Village": "Neppalle" }, "geometry": { "type": "Polygon", "coordinates": [ [ [ 80.812829476314221, 16.402033448883998 ], [ 80.812495882267839, 16.400863088837646 ], [ 80.812310733613486, 16.40057380208642 ], [ 80.811781741075151, 16.400944806503833 ], [ 80.811917248934932, 16.401034436822716 ], [ 80.810595264697838, 16.401665989439049 ], [ 80.810159475294526, 16.401809978859241 ], [ 80.810109447903102, 16.401837445633987 ], [ 80.810579996524325, 16.402244076436133 ], [ 80.811171799163461, 16.402726536536388 ], [ 80.812286399598449, 16.402287443752144 ], [ 80.812829476314221, 16.402033448883998 ] ] ] } },
{ "type": "Feature", "properties": { "FID": "68", "Village": "Neppalle" }, "geometry": { "type": "Polygon", "coordinates": [ [ [ 80.813406840477413, 16.402612252156423 ], [ 80.813043876266178, 16.40191671440126 ], [ 80.812829476314221, 16.402033448883998 ], [ 80.813683648272402, 16.403589846684522 ], [ 80.813855150588552, 16.403507469592064 ], [ 80.813862290691219, 16.403507478194275 ], [ 80.813478007950323, 16.402749977689922 ], [ 80.813406840477413, 16.402612252156423 ] ] ] } },
{ "type": "Feature", "properties": { "FID": "69", "Village": "Neppalle" }, "geometry": { "type": "Polygon", "coordinates": [ [ [ 80.803333230823355, 16.406157931478212 ], [ 80.802920948518135, 16.405111333996167 ], [ 80.802299549982862, 16.405227545664328 ], [ 80.802369746257085, 16.40591585092524 ], [ 80.802333997111901, 16.405943333802067 ], [ 80.802341052919161, 16.405991516528783 ], [ 80.801969135632589, 16.406348910484887 ], [ 80.802182738634826, 16.40669329777414 ], [ 80.803333230823355, 16.406157931478212 ] ] ] } },
{ "type": "Feature", "properties": { "FID": "70", "Village": "Neppalle" }, "geometry": { "type": "Polygon", "coordinates": [ [ [ 80.799797727364364, 16.410860869058215 ], [ 80.799570268800863, 16.410275592780302 ], [ 80.799243260677628, 16.409456202273674 ], [ 80.799236156859322, 16.409435547298223 ], [ 80.799207522613514, 16.409476802639404 ], [ 80.798713532754434, 16.410226326521254 ], [ 80.798563183353437, 16.410453239547937 ], [ 80.798376278067465, 16.411161862894055 ], [ 80.799797727364364, 16.410860869058215 ] ] ] } },
{ "type": "Feature", "properties": { "FID": "71", "Village": "Neppalle" }, "geometry": { "type": "Polygon", "coordinates": [ [ [ 80.806652022812443, 16.411041525550157 ], [ 80.806866364916388, 16.410966089374625 ], [ 80.806909790043292, 16.410628926358054 ], [ 80.807281136267704, 16.410601857919708 ], [ 80.807288443013178, 16.410505500178907 ], [ 80.807916865433896, 16.410464984345449 ], [ 80.807945414990073, 16.410471901531679 ], [ 80.807652838517058, 16.410368310874212 ], [ 80.806910123156314, 16.410436212340645 ], [ 80.806402955616619, 16.410552577351996 ], [ 80.806302919091834, 16.410593764192491 ], [ 80.806281474182612, 16.410607501527359 ], [ 80.806145664302989, 16.410689916622676 ], [ 80.806116792841422, 16.410868812118931 ], [ 80.806187624295802, 16.411199234872438 ], [ 80.806573466787114, 16.411048310146384 ], [ 80.806652022812443, 16.411041525550157 ] ] ] } },
{ "type": "Feature", "properties": { "FID": "72", "Village": "Neppalle" }, "geometry": { "type": "Polygon", "coordinates": [ [ [ 80.808794490158292, 16.41083771077454 ], [ 80.808973141234816, 16.410755346587557 ], [ 80.808930795716179, 16.410466232455377 ], [ 80.808409443271486, 16.410527529085218 ], [ 80.807945414990073, 16.410471901531679 ], [ 80.807916865433896, 16.410464984345449 ], [ 80.807288443013178, 16.410505500178907 ], [ 80.807281136267704, 16.410601857919708 ], [ 80.80738720816619, 16.411200720899974 ], [ 80.808415825652062, 16.410968002511748 ], [ 80.808794490158292, 16.41083771077454 ] ] ] } },
{ "type": "Feature", "properties": { "FID": "73", "Village": "Neppalle" }, "geometry": { "type": "Polygon", "coordinates": [ [ [ 80.801630593763804, 16.416176208543309 ], [ 80.801809244926844, 16.416086968595273 ], [ 80.802209369419785, 16.415942952083086 ], [ 80.8027881153739, 16.415737221855014 ], [ 80.802745344377641, 16.415695876218731 ], [ 80.802652710091081, 16.415585648110316 ], [ 80.802259618636569, 16.415791612082288 ], [ 80.802173883829369, 16.415819031872505 ], [ 80.801109151463677, 16.416278740328099 ], [ 80.801144709064772, 16.416361368980308 ], [ 80.801166070260663, 16.41639580586893 ], [ 80.801630593763804, 16.416176208543309 ] ] ] } },
{ "type": "Feature", "properties": { "FID": "74", "Village": "Neppalle" }, "geometry": { "type": "Polygon", "coordinates": [ [ [ 80.808313877983323, 16.416267092489367 ], [ 80.808592525731498, 16.41617112615306 ], [ 80.808542612840625, 16.416129772898714 ], [ 80.807913935130173, 16.416307891306463 ], [ 80.807556716772211, 16.416417561863881 ], [ 80.807592336505522, 16.416465779667423 ], [ 80.808313877983323, 16.416267092489367 ] ] ] } },
{ "type": "Feature", "properties": { "FID": "75", "Village": "Neppalle" }, "geometry": { "type": "Polygon", "coordinates": [ [ [ 80.806095435990798, 16.419072383328182 ], [ 80.805775825241341, 16.418080982324621 ], [ 80.805406257752651, 16.417075563442392 ], [ 80.804620624728344, 16.417170930939751 ], [ 80.804284884766361, 16.417246212874193 ], [ 80.804391262524931, 16.417666146101606 ], [ 80.804740206274502, 16.418210448956568 ], [ 80.805046392112075, 16.418706332936317 ], [ 80.805430947603043, 16.419305543634479 ], [ 80.806095435990798, 16.419072383328182 ] ] ] } },
{ "type": "Feature", "properties": { "FID": "76", "Village": "Neppalle" }, "geometry": { "type": "Polygon", "coordinates": [ [ [ 80.811729059782934, 16.419292648428026 ], [ 80.810602810064239, 16.418135105104021 ], [ 80.810282047292645, 16.417804187414415 ], [ 80.809191458499356, 16.41668108996701 ], [ 80.808621230038341, 16.416088577801194 ], [ 80.808542612840625, 16.416129772898714 ], [ 80.808592525731498, 16.41617112615306 ], [ 80.809191245769043, 16.416804965204868 ], [ 80.810046595366614, 16.417693787902241 ], [ 80.810973217837784, 16.418665468845866 ], [ 80.811621855747134, 16.419347573848864 ], [ 80.811729059782934, 16.419292648428026 ] ] ] } },
{ "type": "Feature", "properties": { "FID": "77", "Village": "Neppalle" }, "geometry": { "type": "Polygon", "coordinates": [ [ [ 80.811621855747134, 16.419347573848864 ], [ 80.810973217837784, 16.418665468845866 ], [ 80.810046595366614, 16.417693787902241 ], [ 80.809191245769043, 16.416804965204868 ], [ 80.808592525731498, 16.41617112615306 ], [ 80.808313877983323, 16.416267092489367 ], [ 80.809076476208858, 16.417107631048754 ], [ 80.809689363822642, 16.417810344015415 ], [ 80.810402212806764, 16.418520250493945 ], [ 80.811271844989335, 16.419415967600226 ], [ 80.811621855747134, 16.419347573848864 ] ] ] } },
{ "type": "Feature", "properties": { "FID": "78", "Village": "Neppalle" }, "geometry": { "type": "Polygon", "coordinates": [ [ [ 80.807819727217222, 16.421249220967294 ], [ 80.807385425086167, 16.420505431798073 ], [ 80.806993744347466, 16.419892451907028 ], [ 80.806629366312634, 16.420008993887247 ], [ 80.806195500729316, 16.419017451873277 ], [ 80.806095435990798, 16.419072383328182 ], [ 80.805430947603043, 16.419305543634479 ], [ 80.805794131101706, 16.419877199156527 ], [ 80.80647075758182, 16.420882807202627 ], [ 80.806591935638806, 16.421006832954589 ], [ 80.807098357130457, 16.421337794893759 ], [ 80.807148175889381, 16.421434204111559 ], [ 80.807584118187734, 16.42122828410438 ], [ 80.80765538315913, 16.421310955762738 ], [ 80.807819727217222, 16.421249220967294 ] ] ] } },
{ "type": "Feature", "properties": { "FID": "79", "Village": "Neppalle" }, "geometry": { "type": "Polygon", "coordinates": [ [ [ 80.810734796705404, 16.403579388851167 ], [ 80.811056406802564, 16.403400849336332 ], [ 80.811164295035724, 16.402939887955203 ], [ 80.810301463737247, 16.402285028246272 ], [ 80.810016285686117, 16.402036909200621 ], [ 80.809773594822644, 16.40199532036133 ], [ 80.809030994625829, 16.402015055949967 ], [ 80.809514429021988, 16.403233797850437 ], [ 80.809741992050007, 16.403770890223946 ], [ 80.809862996686107, 16.403991261729029 ], [ 80.810327445806607, 16.403792252164838 ], [ 80.810734796705404, 16.403579388851167 ] ] ] } },
{ "type": "Feature", "properties": { "FID": "80", "Village": "Neppalle" }, "geometry": { "type": "Polygon", "coordinates": [ [ [ 80.813683648272402, 16.403589846684522 ], [ 80.812829476314221, 16.402033448883998 ], [ 80.812286399598449, 16.402287443752144 ], [ 80.811171799163461, 16.402726536536388 ], [ 80.811642293502516, 16.403167574809398 ], [ 80.811934638831474, 16.403401917277083 ], [ 80.812497501842884, 16.4041114630298 ], [ 80.813683648272402, 16.403589846684522 ] ] ] } },
{ "type": "Feature", "properties": { "FID": "81", "Village": "Neppalle" }, "geometry": { "type": "Polygon", "coordinates": [ [ [ 80.812497501842884, 16.4041114630298 ], [ 80.811934638831474, 16.403401917277083 ], [ 80.811642293502516, 16.403167574809398 ], [ 80.811171799163461, 16.402726536536388 ], [ 80.811164295035724, 16.402939887955203 ], [ 80.812368909404015, 16.404152599117854 ], [ 80.812497501842884, 16.4041114630298 ] ] ] } },
{ "type": "Feature", "properties": { "FID": "82", "Village": "Neppalle" }, "geometry": { "type": "Polygon", "coordinates": [ [ [ 80.802920948518135, 16.405111333996167 ], [ 80.803399463371534, 16.405029351157527 ], [ 80.803985195934288, 16.404892426527454 ], [ 80.804006529207442, 16.404885571253505 ], [ 80.803658238014719, 16.404038632550222 ], [ 80.802829486637123, 16.404333536399278 ], [ 80.802300743471875, 16.404546212267473 ], [ 80.802299549982862, 16.405227545664328 ], [ 80.802920948518135, 16.405111333996167 ] ] ] } },
{ "type": "Feature", "properties": { "FID": "83", "Village": "Neppalle" }, "geometry": { "type": "Polygon", "coordinates": [ [ [ 80.814409496823274, 16.405035994085576 ], [ 80.814345433169223, 16.404918904254561 ], [ 80.813683648272402, 16.403589846684522 ], [ 80.812497501842884, 16.4041114630298 ], [ 80.813509090537963, 16.405475356455135 ], [ 80.814409496823274, 16.405035994085576 ] ] ] } },
{ "type": "Feature", "properties": { "FID": "84", "Village": "Neppalle" }, "geometry": { "type": "Polygon", "coordinates": [ [ [ 80.813509090537963, 16.405475356455135 ], [ 80.812497501842884, 16.4041114630298 ], [ 80.812368909404015, 16.404152599117854 ], [ 80.813252254334557, 16.405351170762113 ], [ 80.813380497405902, 16.405516493149733 ], [ 80.813509090537963, 16.405475356455135 ] ] ] } },
{ "type": "Feature", "properties": { "FID": "85", "Village": "Neppalle" }, "geometry": { "type": "Polygon", "coordinates": [ [ [ 80.809230957336936, 16.406151486293211 ], [ 80.809195480804718, 16.406020685160009 ], [ 80.809031977371532, 16.405600664613541 ], [ 80.809260557521611, 16.405545889312496 ], [ 80.809118486594954, 16.405119032244414 ], [ 80.808475457923592, 16.40535911128644 ], [ 80.807818218510704, 16.405557878936726 ], [ 80.808173426111225, 16.406604415834728 ], [ 80.809230957336936, 16.406151486293211 ] ] ] } },
{ "type": "Feature", "properties": { "FID": "86", "Village": "Neppalle" }, "geometry": { "type": "Polygon", "coordinates": [ [ [ 80.814822592275917, 16.405648986660079 ], [ 80.814829860223, 16.405573293589757 ], [ 80.814659309410374, 16.405091350120284 ], [ 80.814324838608769, 16.404430258786892 ], [ 80.814324850241078, 16.404423376819018 ], [ 80.813940587234413, 16.403652113252914 ], [ 80.813862290691219, 16.403507478194275 ], [ 80.813855150588552, 16.403507469592064 ], [ 80.813683648272402, 16.403589846684522 ], [ 80.814345433169223, 16.404918904254561 ], [ 80.814409496823274, 16.405035994085576 ], [ 80.814651204686584, 16.40566254483829 ], [ 80.814800962609709, 16.405772855475053 ], [ 80.814822592275917, 16.405648986660079 ] ] ] } },
{ "type": "Feature", "properties": { "FID": "87", "Village": "Neppalle" }, "geometry": { "type": "Polygon", "coordinates": [ [ [ 80.800202981135882, 16.41185240734665 ], [ 80.799797727364364, 16.410860869058215 ], [ 80.798376278067465, 16.411161862894055 ], [ 80.798376229283306, 16.41118939072032 ], [ 80.798267061752767, 16.412352342542906 ], [ 80.799395665861908, 16.412106032458379 ], [ 80.800202981135882, 16.41185240734665 ] ] ] } },
{ "type": "Feature", "properties": { "FID": "88", "Village": "Neppalle" }, "geometry": { "type": "Polygon", "coordinates": [ [ [ 80.814898718709216, 16.407080568256468 ], [ 80.815055838667803, 16.407060110799037 ], [ 80.815084306712038, 16.407115219896767 ], [ 80.815127357047572, 16.40699137675043 ], [ 80.815120274844773, 16.406956958357178 ], [ 80.815113157827255, 16.406943185863316 ], [ 80.814941803956856, 16.406936098365968 ], [ 80.814648984873983, 16.406977038725799 ], [ 80.814171613743568, 16.406370831390205 ], [ 80.813509090537963, 16.405475356455135 ], [ 80.813380497405902, 16.405516493149733 ], [ 80.813957523989828, 16.406301753836754 ], [ 80.814221164597683, 16.40662554340922 ], [ 80.814577384961098, 16.407093946373834 ], [ 80.814720143125797, 16.407121664889722 ], [ 80.814898718709216, 16.407080568256468 ] ] ] } },
{ "type": "Feature", "properties": { "FID": "89", "Village": "Neppalle" }, "geometry": { "type": "Polygon", "coordinates": [ [ [ 80.80734429422651, 16.407105796245659 ], [ 80.807844335808255, 16.406975636971961 ], [ 80.807390009926493, 16.405440356616438 ], [ 80.807011295545252, 16.405605055810565 ], [ 80.806700091075996, 16.403891019430123 ], [ 80.805649814006358, 16.404281988488336 ], [ 80.80550688006258, 16.404357531535389 ], [ 80.805883076167703, 16.405644948535315 ], [ 80.806090248607774, 16.405583268105925 ], [ 80.806452027423845, 16.406953268939901 ], [ 80.806394881798468, 16.406966962016668 ], [ 80.806487216430625, 16.407249256729884 ], [ 80.807294502731352, 16.40699560393789 ], [ 80.80734429422651, 16.407105796245659 ] ] ] } },
{ "type": "Feature", "properties": { "FID": "90", "Village": "Neppalle" }, "geometry": { "type": "Polygon", "coordinates": [ [ [ 80.812934909291485, 16.407222743217755 ], [ 80.813164949626994, 16.406307679719792 ], [ 80.813380497405902, 16.405516493149733 ], [ 80.813252254334557, 16.405351170762113 ], [ 80.813223273482791, 16.405598887068624 ], [ 80.812813455130183, 16.407263888180353 ], [ 80.812934909291485, 16.407222743217755 ] ] ] } },
{ "type": "Feature", "properties": { "FID": "91", "Village": "Neppalle" }, "geometry": { "type": "Polygon", "coordinates": [ [ [ 80.805937621054284, 16.407131580884791 ], [ 80.806394881798468, 16.406966962016668 ], [ 80.806452027423845, 16.406953268939901 ], [ 80.806090248607774, 16.405583268105925 ], [ 80.805883076167703, 16.405644948535315 ], [ 80.80550688006258, 16.404357531535389 ], [ 80.804578004562956, 16.404734882274596 ], [ 80.804876299253735, 16.405650576857518 ], [ 80.805302749983028, 16.406779791055722 ], [ 80.805551821666356, 16.407261858689999 ], [ 80.805937621054284, 16.407131580884791 ] ] ] } },
{ "type": "Feature", "properties": { "FID": "92", "Village": "Neppalle" }, "geometry": { "type": "Polygon", "coordinates": [ [ [ 80.808365157819708, 16.407217167141958 ], [ 80.808173426111225, 16.406604415834728 ], [ 80.807818218510704, 16.405557878936726 ], [ 80.807704414734687, 16.405303105290901 ], [ 80.807390009926493, 16.405440356616438 ], [ 80.807844335808255, 16.406975636971961 ], [ 80.807936625109036, 16.407285458923656 ], [ 80.808365157819708, 16.407217167141958 ] ] ] } },
{ "type": "Feature", "properties": { "FID": "93", "Village": "Neppalle" }, "geometry": { "type": "Polygon", "coordinates": [ [ [ 80.804637260804142, 16.407611699364317 ], [ 80.805030261518894, 16.407447022350492 ], [ 80.804589195212841, 16.406510503900979 ], [ 80.803985195934288, 16.404892426527454 ], [ 80.803399463371534, 16.405029351157527 ], [ 80.804046455439391, 16.406557999147005 ], [ 80.804537237438552, 16.407645984309703 ], [ 80.804637260804142, 16.407611699364317 ] ] ] } },
{ "type": "Feature", "properties": { "FID": "94", "Village": "Neppalle" }, "geometry": { "type": "Polygon", "coordinates": [ [ [ 80.812813455130183, 16.407263888180353 ], [ 80.813223273482791, 16.405598887068624 ], [ 80.812415895084939, 16.405914500504725 ], [ 80.812151450457449, 16.406065583460808 ], [ 80.811279642224534, 16.406477462033262 ], [ 80.811578064767872, 16.407338091593964 ], [ 80.811413733593596, 16.407399829546385 ], [ 80.811498923729786, 16.407688976285389 ], [ 80.812813455130183, 16.407263888180353 ] ] ] } },
{ "type": "Feature", "properties": { "FID": "95", "Village": "Neppalle" }, "geometry": { "type": "Polygon", "coordinates": [ [ [ 80.804537237438552, 16.407645984309703 ], [ 80.804046455439391, 16.406557999147005 ], [ 80.803399463371534, 16.405029351157527 ], [ 80.802920948518135, 16.405111333996167 ], [ 80.803333230823355, 16.406157931478212 ], [ 80.803667186846852, 16.407094337418037 ], [ 80.803710040227926, 16.407087509150994 ], [ 80.804022839547855, 16.407817409556156 ], [ 80.804537237438552, 16.407645984309703 ] ] ] } },
{ "type": "Feature", "properties": { "FID": "96", "Village": "Neppalle" }, "geometry": { "type": "Polygon", "coordinates": [ [ [ 80.815147431562025, 16.407789729635937 ], [ 80.814898718709216, 16.407080568256468 ], [ 80.814720143125797, 16.407121664889722 ], [ 80.814577384961098, 16.407093946373834 ], [ 80.814221164597683, 16.40662554340922 ], [ 80.813957523989828, 16.406301753836754 ], [ 80.813380497405902, 16.405516493149733 ], [ 80.813164949626994, 16.406307679719792 ], [ 80.813442192819267, 16.407030641532938 ], [ 80.813092122968214, 16.407147231507597 ], [ 80.813504530517349, 16.408166281616893 ], [ 80.81433305807785, 16.408015876198426 ], [ 80.814690257381457, 16.407906193832606 ], [ 80.815147431562025, 16.407789729635937 ] ] ] } },
{ "type": "Feature", "properties": { "FID": "97", "Village": "Neppalle" }, "geometry": { "type": "Polygon", "coordinates": [ [ [ 80.813504530517349, 16.408166281616893 ], [ 80.813092122968214, 16.407147231507597 ], [ 80.813442192819267, 16.407030641532938 ], [ 80.813164949626994, 16.406307679719792 ], [ 80.812934909291485, 16.407222743217755 ], [ 80.812554546823407, 16.408357828554504 ], [ 80.813504530517349, 16.408166281616893 ] ] ] } },
{ "type": "Feature", "properties": { "FID": "98", "Village": "Neppalle" }, "geometry": { "type": "Polygon", "coordinates": [ [ [ 80.810848149560883, 16.408280053069809 ], [ 80.810592099715819, 16.40769475343096 ], [ 80.811413733593596, 16.407399829546385 ], [ 80.811578064767872, 16.407338091593964 ], [ 80.811279642224534, 16.406477462033262 ], [ 80.811258350745788, 16.406401734341276 ], [ 80.81061532039422, 16.406641819884602 ], [ 80.809900956977359, 16.406840524284565 ], [ 80.809336737704186, 16.406922416801621 ], [ 80.80935681221311, 16.407707006073011 ], [ 80.809899624779092, 16.407618205354193 ], [ 80.810026923628627, 16.408334105950452 ], [ 80.810362810985566, 16.408162467097679 ], [ 80.810512756675791, 16.408162650221652 ], [ 80.810569549395495, 16.408355414941333 ], [ 80.810848149560883, 16.408280053069809 ] ] ] } },
{ "type": "Feature", "properties": { "FID": "99", "Village": "Neppalle" }, "geometry": { "type": "Polygon", "coordinates": [ [ [ 80.804022839547855, 16.407817409556156 ], [ 80.803710040227926, 16.407087509150994 ], [ 80.803667186846852, 16.407094337418037 ], [ 80.803309922963336, 16.407238410812703 ], [ 80.802645479490494, 16.407478444954666 ], [ 80.802666755696805, 16.407561055438038 ], [ 80.802758940720068, 16.407925935246372 ], [ 80.803007899276466, 16.408469924318382 ], [ 80.803243725074395, 16.408346344972959 ], [ 80.803908538629315, 16.407906732136375 ], [ 80.804022839547855, 16.407817409556156 ] ] ] } },
{ "type": "Feature", "properties": { "FID": "100", "Village": "Neppalle" }, "geometry": { "type": "Polygon", "coordinates": [ [ [ 80.812475968657651, 16.408378379301695 ], [ 80.812813455130183, 16.407263888180353 ], [ 80.811498923729786, 16.407688976285389 ], [ 80.811413733593596, 16.407399829546385 ], [ 80.810592099715819, 16.40769475343096 ], [ 80.810848149560883, 16.408280053069809 ], [ 80.811047278287049, 16.408748289407974 ], [ 80.812125825561751, 16.408536259406667 ], [ 80.812125989554076, 16.40843989278985 ], [ 80.812475968657651, 16.408378379301695 ] ] ] } },
{ "type": "Feature", "properties": { "FID": "101", "Village": "Neppalle" }, "geometry": { "type": "Polygon", "coordinates": [ [ [ 80.80791983045826, 16.408744455665936 ], [ 80.807934324499797, 16.408620597954265 ], [ 80.807998587079283, 16.408620677193305 ], [ 80.807992336076325, 16.408104502076135 ], [ 80.807993154202109, 16.407629627515711 ], [ 80.808414582925224, 16.407540680950138 ], [ 80.808365157819708, 16.407217167141958 ], [ 80.807936625109036, 16.407285458923656 ], [ 80.807844335808255, 16.406975636971961 ], [ 80.80734429422651, 16.407105796245659 ], [ 80.807401071645145, 16.407305443767878 ], [ 80.807058185648586, 16.407394485500078 ], [ 80.807164647460766, 16.407766243984106 ], [ 80.807207500875421, 16.407759415004559 ], [ 80.807412774780644, 16.408798885527474 ], [ 80.80791983045826, 16.408744455665936 ] ] ] } },
{ "type": "Feature", "properties": { "FID": "102", "Village": "Neppalle" }, "geometry": { "type": "Polygon", "coordinates": [ [ [ 80.812554546823407, 16.408357828554504 ], [ 80.812934909291485, 16.407222743217755 ], [ 80.812813455130183, 16.407263888180353 ], [ 80.812475968657651, 16.408378379301695 ], [ 80.812310946256233, 16.408846172953151 ], [ 80.812410793394477, 16.408915113766234 ], [ 80.812554546823407, 16.408357828554504 ] ] ] } },
{ "type": "Feature", "properties": { "FID": "103", "Village": "Neppalle" }, "geometry": { "type": "Polygon", "coordinates": [ [ [ 80.815794994459836, 16.409098119340385 ], [ 80.81556750141759, 16.408505996948175 ], [ 80.815439648810596, 16.408106669947362 ], [ 80.815375954653433, 16.407769357534129 ], [ 80.81507712004904, 16.407142739200424 ], [ 80.815084306712038, 16.407115219896767 ], [ 80.815055838667803, 16.407060110799037 ], [ 80.814898718709216, 16.407080568256468 ], [ 80.815147431562025, 16.407789729635937 ], [ 80.815645001654545, 16.409125467839718 ], [ 80.815794994459836, 16.409098119340385 ] ] ] } },
{ "type": "Feature", "properties": { "FID": "104", "Village": "Neppalle" }, "geometry": { "type": "Polygon", "coordinates": [ [ [ 80.801471236300088, 16.409335154713112 ], [ 80.80124350836013, 16.408901283232836 ], [ 80.802408393075623, 16.408310884665855 ], [ 80.802181291364178, 16.407519152201477 ], [ 80.801509366946235, 16.407951887720095 ], [ 80.800293905520235, 16.408879433860918 ], [ 80.800678080445238, 16.409664485424425 ], [ 80.801471236300088, 16.409335154713112 ] ] ] } },
{ "type": "Feature", "properties": { "FID": "105", "Village": "Neppalle" }, "geometry": { "type": "Polygon", "coordinates": [ [ [ 80.802863805657381, 16.409206152777362 ], [ 80.802408393075623, 16.408310884665855 ], [ 80.80124350836013, 16.408901283232836 ], [ 80.801471236300088, 16.409335154713112 ], [ 80.801677665090267, 16.409700160179025 ], [ 80.802863805657381, 16.409206152777362 ] ] ] } },
{ "type": "Feature", "properties": { "FID": "106", "Village": "Neppalle" }, "geometry": { "type": "Polygon", "coordinates": [ [ [ 80.811417141606711, 16.409588360135363 ], [ 80.811047278287049, 16.408748289407974 ], [ 80.810848149560883, 16.408280053069809 ], [ 80.810569549395495, 16.408355414941333 ], [ 80.810512756675791, 16.408162650221652 ], [ 80.810362810985566, 16.408162467097679 ], [ 80.810026923628627, 16.408334105950452 ], [ 80.81019737146498, 16.408871127764616 ], [ 80.81030355737434, 16.409408070905723 ], [ 80.810210662587295, 16.40944924923458 ], [ 80.810260032381294, 16.409807172391442 ], [ 80.810981429108523, 16.409677295269301 ], [ 80.811052879371772, 16.409649854427755 ], [ 80.811188557301207, 16.409643137718039 ], [ 80.811417141606711, 16.409588360135363 ] ] ] } },
{ "type": "Feature", "properties": { "FID": "107", "Village": "Neppalle" }, "geometry": { "type": "Polygon", "coordinates": [ [ [ 80.806118915278702, 16.409643784902062 ], [ 80.806147643480358, 16.409547472915786 ], [ 80.80599109318679, 16.409237589544862 ], [ 80.805741862790711, 16.408844987980967 ], [ 80.805670483729628, 16.40883113524605 ], [ 80.805299618736626, 16.408582922426689 ], [ 80.804758202101809, 16.407866502616578 ], [ 80.804637260804142, 16.407611699364317 ], [ 80.804537237438552, 16.407645984309703 ], [ 80.804022839547855, 16.407817409556156 ], [ 80.803908538629315, 16.407906732136375 ], [ 80.803243725074395, 16.408346344972959 ], [ 80.803007899276466, 16.408469924318382 ], [ 80.80335709199646, 16.408848890607658 ], [ 80.804160979816174, 16.410494728233676 ], [ 80.805039578218697, 16.410303130446643 ], [ 80.805275233567954, 16.410289660240984 ], [ 80.805275675829122, 16.410035027710677 ], [ 80.806118915278702, 16.409643784902062 ] ] ] } },
{ "type": "Feature", "properties": { "FID": "108", "Village": "Neppalle" }, "geometry": { "type": "Polygon", "coordinates": [ [ [ 80.808930795716179, 16.410466232455377 ], [ 80.808895354113261, 16.410314785433776 ], [ 80.808773790732502, 16.410417865675296 ], [ 80.808488188474996, 16.410410632415861 ], [ 80.808481166526931, 16.410341804013225 ], [ 80.807852720874536, 16.410396085462843 ], [ 80.807688658950667, 16.410299535337433 ], [ 80.807652838517058, 16.410368310874212 ], [ 80.807945414990073, 16.410471901531679 ], [ 80.808409443271486, 16.410527529085218 ], [ 80.808930795716179, 16.410466232455377 ] ] ] } },
{ "type": "Feature", "properties": { "FID": "109", "Village": "Neppalle" }, "geometry": { "type": "Polygon", "coordinates": [ [ [ 80.812310946256233, 16.408846172953151 ], [ 80.812475968657651, 16.408378379301695 ], [ 80.812125989554076, 16.40843989278985 ], [ 80.812125825561751, 16.408536259406667 ], [ 80.811047278287049, 16.408748289407974 ], [ 80.811417141606711, 16.409588360135363 ], [ 80.811651974698407, 16.410056639305466 ], [ 80.812008148152813, 16.410552574325372 ], [ 80.812072551952625, 16.410470068769655 ], [ 80.812194301007807, 16.410256875192069 ], [ 80.812316295609278, 16.40989916030518 ], [ 80.812345840135521, 16.409321090867142 ], [ 80.812310946256233, 16.408846172953151 ] ] ] } },
{ "type": "Feature", "properties": { "FID": "110", "Village": "Neppalle" }, "geometry": { "type": "Polygon", "coordinates": [ [ [ 80.804160979816174, 16.410494728233676 ], [ 80.80335709199646, 16.408848890607658 ], [ 80.803235358317039, 16.409048315079996 ], [ 80.80404663819273, 16.410549640928558 ], [ 80.804160979816174, 16.410494728233676 ] ] ] } },
{ "type": "Feature", "properties": { "FID": "111", "Village": "Neppalle" }, "geometry": { "type": "Polygon", "coordinates": [ [ [ 80.80404663819273, 16.410549640928558 ], [ 80.803235358317039, 16.409048315079996 ], [ 80.802863805657381, 16.409206152777362 ], [ 80.803596882977658, 16.41055595941841 ], [ 80.80404663819273, 16.410549640928558 ] ] ] } },
{ "type": "Feature", "properties": { "FID": "112", "Village": "Neppalle" }, "geometry": { "type": "Polygon", "coordinates": [ [ [ 80.806910123156314, 16.410436212340645 ], [ 80.807652838517058, 16.410368310874212 ], [ 80.807688658950667, 16.410299535337433 ], [ 80.807338758155154, 16.410312867061432 ], [ 80.807138768972919, 16.410347029634195 ], [ 80.806795972716102, 16.410381015168415 ], [ 80.806553236532039, 16.410360068423103 ], [ 80.806531755939048, 16.410394451666324 ], [ 80.806224697023225, 16.410407834650641 ], [ 80.806281474182612, 16.410607501527359 ], [ 80.806302919091834, 16.410593764192491 ], [ 80.806402955616619, 16.410552577351996 ], [ 80.806910123156314, 16.410436212340645 ] ] ] } },
{ "type": "Feature", "properties": { "FID": "113", "Village": "Neppalle" }, "geometry": { "type": "Polygon", "coordinates": [ [ [ 80.806224697023225, 16.410407834650641 ], [ 80.806531755939048, 16.410394451666324 ], [ 80.806553236532039, 16.410360068423103 ], [ 80.806795972716102, 16.410381015168415 ], [ 80.807138768972919, 16.410347029634195 ], [ 80.807338758155154, 16.410312867061432 ], [ 80.807688658950667, 16.410299535337433 ], [ 80.807852720874536, 16.410396085462843 ], [ 80.808481166526931, 16.410341804013225 ], [ 80.808488188474996, 16.410410632415861 ], [ 80.808773790732502, 16.410417865675296 ], [ 80.808895354113261, 16.410314785433776 ], [ 80.808853753902198, 16.409592107666729 ], [ 80.808789644779864, 16.409502563177305 ], [ 80.808675506172619, 16.409440485059196 ], [ 80.808611444522683, 16.409323412666446 ], [ 80.80835434589666, 16.409350624180924 ], [ 80.808269218992933, 16.409027047325843 ], [ 80.80809786360966, 16.409019954232775 ], [ 80.808134086600333, 16.408717191886044 ], [ 80.80791983045826, 16.408744455665936 ], [ 80.807412774780644, 16.408798885527474 ], [ 80.807277085452696, 16.40881248176656 ], [ 80.806455522951026, 16.409059215578427 ], [ 80.806476777113005, 16.409155589605742 ], [ 80.80599109318679, 16.409237589544862 ], [ 80.806147643480358, 16.409547472915786 ], [ 80.806118915278702, 16.409643784902062 ], [ 80.806211274569691, 16.409912315752322 ], [ 80.80601711394587, 16.410703520897638 ], [ 80.806052911161885, 16.410648509569299 ], [ 80.806224697023225, 16.410407834650641 ] ] ] } },
{ "type": "Feature", "properties": { "FID": "114", "Village": "Neppalle" }, "geometry": { "type": "Polygon", "coordinates": [ [ [ 80.815758203983208, 16.409745000490791 ], [ 80.815645001654545, 16.409125467839718 ], [ 80.815147431562025, 16.407789729635937 ], [ 80.814690257381457, 16.407906193832606 ], [ 80.81433305807785, 16.408015876198426 ], [ 80.813504530517349, 16.408166281616893 ], [ 80.812554546823407, 16.408357828554504 ], [ 80.812410793394477, 16.408915113766234 ], [ 80.812438395098937, 16.409479488540224 ], [ 80.812437646203151, 16.40991995332989 ], [ 80.812208195294986, 16.410483997296691 ], [ 80.811993492457248, 16.410772798916394 ], [ 80.812629066981501, 16.410725395694122 ], [ 80.814057046965289, 16.410782175889651 ], [ 80.81401598662849, 16.409729145580538 ], [ 80.814601296043179, 16.409846843294897 ], [ 80.815758203983208, 16.409745000490791 ] ] ] } },
{ "type": "Feature", "properties": { "FID": "115", "Village": "Neppalle" }, "geometry": { "type": "Polygon", "coordinates": [ [ [ 80.80902369125107, 16.410425054704241 ], [ 80.80900251845587, 16.410280507198863 ], [ 80.808895354113261, 16.410314785433776 ], [ 80.808930795716179, 16.410466232455377 ], [ 80.808973141234816, 16.410755346587557 ], [ 80.809080140333009, 16.410817415778101 ], [ 80.80902369125107, 16.410425054704241 ] ] ] } },
{ "type": "Feature", "properties": { "FID": "116", "Village": "Neppalle" }, "geometry": { "type": "Polygon", "coordinates": [ [ [ 80.81587034154731, 16.410997692895691 ], [ 80.814763850459656, 16.410838081632523 ], [ 80.814057046965289, 16.410782175889651 ], [ 80.814099749456744, 16.410864811037641 ], [ 80.814806564881266, 16.410913834675782 ], [ 80.815848827764, 16.411052722998207 ], [ 80.815905939213678, 16.411059673253845 ], [ 80.81587034154731, 16.410997692895691 ] ] ] } },
{ "type": "Feature", "properties": { "FID": "117", "Village": "Neppalle" }, "geometry": { "type": "Polygon", "coordinates": [ [ [ 80.812928494959493, 16.411001037164858 ], [ 80.814170978558522, 16.410968126446768 ], [ 80.814149603999439, 16.410940572808364 ], [ 80.814128241088468, 16.410906137204218 ], [ 80.814099749456744, 16.410864811037641 ], [ 80.812650406219674, 16.410773595374437 ], [ 80.811964790372429, 16.41085534779376 ], [ 80.811679105212761, 16.410896292602111 ], [ 80.811778859364821, 16.411020289410708 ], [ 80.811828713042047, 16.411096051722151 ], [ 80.812493049053401, 16.41093169025087 ], [ 80.812928494959493, 16.411001037164858 ] ] ] } },
{ "type": "Feature", "properties": { "FID": "118", "Village": "Neppalle" }, "geometry": { "type": "Polygon", "coordinates": [ [ [ 80.815963062245245, 16.411059741529765 ], [ 80.81599970185033, 16.410502325960074 ], [ 80.815957288068844, 16.410247642070718 ], [ 80.815907722475032, 16.409999831597759 ], [ 80.815809228745664, 16.409125664278633 ], [ 80.815794994459836, 16.409098119340385 ], [ 80.815645001654545, 16.409125467839718 ], [ 80.815758203983208, 16.409745000490791 ], [ 80.81587034154731, 16.410997692895691 ], [ 80.815905939213678, 16.411059673253845 ], [ 80.815955840820763, 16.411107906745528 ], [ 80.815963062245245, 16.411059741529765 ] ] ] } },
{ "type": "Feature", "properties": { "FID": "119", "Village": "Neppalle" }, "geometry": { "type": "Polygon", "coordinates": [ [ [ 80.803596882977658, 16.41055595941841 ], [ 80.802863805657381, 16.409206152777362 ], [ 80.801677665090267, 16.409700160179025 ], [ 80.801471236300088, 16.409335154713112 ], [ 80.800678080445238, 16.409664485424425 ], [ 80.801054980586784, 16.4105389927029 ], [ 80.801353593736735, 16.411268878839042 ], [ 80.801946563454095, 16.411076932647656 ], [ 80.803596882977658, 16.41055595941841 ] ] ] } },
{ "type": "Feature", "properties": { "FID": "120", "Village": "Neppalle" }, "geometry": { "type": "Polygon", "coordinates": [ [ [ 80.8159341996828, 16.411238638461597 ], [ 80.815941432696235, 16.411183591283162 ], [ 80.815948607814391, 16.411162953924926 ], [ 80.815948619392614, 16.411156071960775 ], [ 80.815955829242824, 16.41111478870971 ], [ 80.815955840820763, 16.411107906745528 ], [ 80.815905939213678, 16.411059673253845 ], [ 80.815848827764, 16.411052722998207 ], [ 80.814806564881266, 16.410913834675782 ], [ 80.814099749456744, 16.410864811037641 ], [ 80.814128241088468, 16.410906137204218 ], [ 80.814149603999439, 16.410940572808364 ], [ 80.814170978558522, 16.410968126446768 ], [ 80.814941779042925, 16.411182394102948 ], [ 80.815655481259299, 16.411382845787983 ], [ 80.815784124131838, 16.411314179902782 ], [ 80.815927059297323, 16.411238629926913 ], [ 80.8159341996828, 16.411238638461597 ] ] ] } },
{ "type": "Feature", "properties": { "FID": "121", "Village": "Neppalle" }, "geometry": { "type": "Polygon", "coordinates": [ [ [ 80.810192494366063, 16.411720336625223 ], [ 80.810156969094152, 16.411617063551933 ], [ 80.809435139584124, 16.411994707449562 ], [ 80.808784747071229, 16.412351771618599 ], [ 80.8088632207578, 16.412393159923809 ], [ 80.810192494366063, 16.411720336625223 ] ] ] } },
{ "type": "Feature", "properties": { "FID": "122", "Village": "Neppalle" }, "geometry": { "type": "Polygon", "coordinates": [ [ [ 80.806219237234231, 16.413559867683251 ], [ 80.806397772716224, 16.413546325331072 ], [ 80.806005774803893, 16.413126019102176 ], [ 80.805970000973559, 16.413167266487328 ], [ 80.805463877237671, 16.412677997651368 ], [ 80.804942529839238, 16.412732422749006 ], [ 80.805320160128517, 16.413200867744763 ], [ 80.805448353686842, 16.413393741783338 ], [ 80.805926024722893, 16.413821018402029 ], [ 80.806219237234231, 16.413559867683251 ] ] ] } },
{ "type": "Feature", "properties": { "FID": "123", "Village": "Neppalle" }, "geometry": { "type": "Polygon", "coordinates": [ [ [ 80.808542612840625, 16.416129772898714 ], [ 80.807744365551898, 16.41526164136971 ], [ 80.807359537450964, 16.414820719724325 ], [ 80.806846396376272, 16.414255743844876 ], [ 80.806219237234231, 16.413559867683251 ], [ 80.805926024722893, 16.413821018402029 ], [ 80.806838446681454, 16.414723708152611 ], [ 80.807237518767096, 16.415185313396023 ], [ 80.807913935130173, 16.416307891306463 ], [ 80.808542612840625, 16.416129772898714 ] ] ] } },
{ "type": "Feature", "properties": { "FID": "124", "Village": "Neppalle" }, "geometry": { "type": "Polygon", "coordinates": [ [ [ 80.812523348419262, 16.418309490516513 ], [ 80.812117222573235, 16.417785776915895 ], [ 80.811903519720303, 16.417482710642048 ], [ 80.810688627112285, 16.418059508175574 ], [ 80.811444254494006, 16.418810564015608 ], [ 80.812523348419262, 16.418309490516513 ] ] ] } },
{ "type": "Feature", "properties": { "FID": "125", "Village": "Neppalle" }, "geometry": { "type": "Polygon", "coordinates": [ [ [ 80.806187624295802, 16.411199234872438 ], [ 80.806116792841422, 16.410868812118931 ], [ 80.806145664302989, 16.410689916622676 ], [ 80.806281474182612, 16.410607501527359 ], [ 80.806224697023225, 16.410407834650641 ], [ 80.806052911161885, 16.410648509569299 ], [ 80.80601711394587, 16.410703520897638 ], [ 80.805852491837328, 16.410930421474898 ], [ 80.805573671067592, 16.411129651920017 ], [ 80.805230538420503, 16.411356348864352 ], [ 80.804737504646525, 16.41155531111572 ], [ 80.804808705077662, 16.411672393560792 ], [ 80.805530410713018, 16.411370486301191 ], [ 80.806180483915909, 16.411199226006534 ], [ 80.806187624295802, 16.411199234872438 ] ] ] } },
{ "type": "Feature", "properties": { "FID": "126", "Village": "Neppalle" }, "geometry": { "type": "Polygon", "coordinates": [ [ [ 80.811828713042047, 16.411096051722151 ], [ 80.811778859364821, 16.411020289410708 ], [ 80.811164516894308, 16.411177827533351 ], [ 80.810156969094152, 16.411617063551933 ], [ 80.810192494366063, 16.411720336625223 ], [ 80.811107217617433, 16.411280987383677 ], [ 80.811828713042047, 16.411096051722151 ] ] ] } },
{ "type": "Feature", "properties": { "FID": "127", "Village": "Neppalle" }, "geometry": { "type": "Polygon", "coordinates": [ [ [ 80.808784747071229, 16.412351771618599 ], [ 80.809435139584124, 16.411994707449562 ], [ 80.809363841804853, 16.41193266311587 ], [ 80.807905941288439, 16.412660378287711 ], [ 80.807834489492393, 16.41268781803501 ], [ 80.807905502370943, 16.412915029913062 ], [ 80.808134233630909, 16.412777672451796 ], [ 80.808784747071229, 16.412351771618599 ] ] ] } },
{ "type": "Feature", "properties": { "FID": "128", "Village": "Neppalle" }, "geometry": { "type": "Polygon", "coordinates": [ [ [ 80.812118739302221, 16.412699961665673 ], [ 80.812118961891898, 16.412569185278947 ], [ 80.811956384362531, 16.411598610184459 ], [ 80.811828713042047, 16.411096051722151 ], [ 80.811107217617433, 16.411280987383677 ], [ 80.810192494366063, 16.411720336625223 ], [ 80.810369709125482, 16.412477589644915 ], [ 80.810462110877822, 16.412725472747617 ], [ 80.810718790215773, 16.412946009297666 ], [ 80.810904383019761, 16.4129806455439 ], [ 80.811490087450167, 16.412871247255453 ], [ 80.811811641884461, 16.412733998662542 ], [ 80.812118739302221, 16.412699961665673 ] ] ] } },
{ "type": "Feature", "properties": { "FID": "129", "Village": "Neppalle" }, "geometry": { "type": "Polygon", "coordinates": [ [ [ 80.804751522044683, 16.411706732045623 ], [ 80.804808705077662, 16.411672393560792 ], [ 80.804737504646525, 16.41155531111572 ], [ 80.804160979816174, 16.410494728233676 ], [ 80.80404663819273, 16.410549640928558 ], [ 80.804715772162211, 16.411734215304701 ], [ 80.804751522044683, 16.411706732045623 ] ] ] } },
{ "type": "Feature", "properties": { "FID": "130", "Village": "Neppalle" }, "geometry": { "type": "Polygon", "coordinates": [ [ [ 80.804715772162211, 16.411734215304701 ], [ 80.80404663819273, 16.410549640928558 ], [ 80.803596882977658, 16.41055595941841 ], [ 80.804237305501474, 16.411768027180933 ], [ 80.804715772162211, 16.411734215304701 ] ] ] } },
{ "type": "Feature", "properties": { "FID": "131", "Village": "Neppalle" }, "geometry": { "type": "Polygon", "coordinates": [ [ [ 80.801353593736735, 16.411268878839042 ], [ 80.801054980586784, 16.4105389927029 ], [ 80.799926266071324, 16.410854150551952 ], [ 80.800324428593981, 16.41181815170691 ], [ 80.800688762998305, 16.411708502380609 ], [ 80.801389126342215, 16.411365290512478 ], [ 80.801353593736735, 16.411268878839042 ] ] ] } },
{ "type": "Feature", "properties": { "FID": "132", "Village": "Neppalle" }, "geometry": { "type": "Polygon", "coordinates": [ [ [ 80.810100034464, 16.411506882312789 ], [ 80.809979119347616, 16.411231436240719 ], [ 80.81022915053758, 16.411162922267884 ], [ 80.810116495202237, 16.4102336985944 ], [ 80.809866571289817, 16.410240274791622 ], [ 80.80902369125107, 16.410425054704241 ], [ 80.809080140333009, 16.410817415778101 ], [ 80.808894408003923, 16.410865361475057 ], [ 80.809122107958743, 16.411326752633538 ], [ 80.809478194588067, 16.41187086556625 ], [ 80.810100034464, 16.411506882312789 ] ] ] } },
{ "type": "Feature", "properties": { "FID": "133", "Village": "Neppalle" }, "geometry": { "type": "Polygon", "coordinates": [ [ [ 80.813148643867592, 16.411710166074439 ], [ 80.813099163236529, 16.411414181266508 ], [ 80.813013443503849, 16.411434723565527 ], [ 80.812928494959493, 16.411001037164858 ], [ 80.812493049053401, 16.41093169025087 ], [ 80.811828713042047, 16.411096051722151 ], [ 80.811956384362531, 16.411598610184459 ], [ 80.812118961891898, 16.412569185278947 ], [ 80.812854683575523, 16.412418673295004 ], [ 80.81277006230934, 16.41179229192414 ], [ 80.813148643867592, 16.411710166074439 ] ] ] } },
{ "type": "Feature", "properties": { "FID": "134", "Village": "Neppalle" }, "geometry": { "type": "Polygon", "coordinates": [ [ [ 80.809841022598533, 16.412648992410411 ], [ 80.810369709125482, 16.412477589644915 ], [ 80.810192494366063, 16.411720336625223 ], [ 80.8088632207578, 16.412393159923809 ], [ 80.809026871203528, 16.412730596864357 ], [ 80.809069713825522, 16.41273064947929 ], [ 80.809734258206603, 16.412449284391997 ], [ 80.809841034392164, 16.412642110449799 ], [ 80.809841022598533, 16.412648992410411 ] ] ] } },
{ "type": "Feature", "properties": { "FID": "135", "Village": "Neppalle" }, "geometry": { "type": "Polygon", "coordinates": [ [ [ 80.805463877237671, 16.412677997651368 ], [ 80.804715772162211, 16.411734215304701 ], [ 80.804237305501474, 16.411768027180933 ], [ 80.804942529839238, 16.412732422749006 ], [ 80.805463877237671, 16.412677997651368 ] ] ] } },
{ "type": "Feature", "properties": { "FID": "136", "Village": "Neppalle" }, "geometry": { "type": "Polygon", "coordinates": [ [ [ 80.800679914282483, 16.412678868371195 ], [ 80.800544839987609, 16.41234148043343 ], [ 80.800324428593981, 16.41181815170691 ], [ 80.799926266071324, 16.410854150551952 ], [ 80.799797727364364, 16.410860869058215 ], [ 80.800202981135882, 16.41185240734665 ], [ 80.800565582507687, 16.412726916295615 ], [ 80.800679914282483, 16.412678868371195 ] ] ] } },
{ "type": "Feature", "properties": { "FID": "137", "Village": "Neppalle" }, "geometry": { "type": "Polygon", "coordinates": [ [ [ 80.803508398970052, 16.412159405690726 ], [ 80.803458632394168, 16.412035467736324 ], [ 80.802187213132953, 16.412288501671878 ], [ 80.801015732434777, 16.412555418397808 ], [ 80.800679914282483, 16.412678868371195 ], [ 80.800943516992703, 16.413016438177433 ], [ 80.800971981922871, 16.413071530006427 ], [ 80.802065198548519, 16.412646210382832 ], [ 80.803144033382239, 16.412275941843124 ], [ 80.803508398970052, 16.412159405690726 ] ] ] } },
{ "type": "Feature", "properties": { "FID": "138", "Village": "Neppalle" }, "geometry": { "type": "Polygon", "coordinates": [ [ [ 80.807063381998361, 16.412652455300258 ], [ 80.806636527648919, 16.411743486892874 ], [ 80.806750893066976, 16.411674808874608 ], [ 80.806608561389268, 16.411399353491248 ], [ 80.80675145244922, 16.411351356752995 ], [ 80.806652022812443, 16.411041525550157 ], [ 80.806573466787114, 16.411048310146384 ], [ 80.806187624295802, 16.411199234872438 ], [ 80.806180483915909, 16.411199226006534 ], [ 80.805530410713018, 16.411370486301191 ], [ 80.804808705077662, 16.411672393560792 ], [ 80.805043919499269, 16.411913556121025 ], [ 80.805670997572349, 16.412650727551899 ], [ 80.806105824581962, 16.413077969585416 ], [ 80.807063381998361, 16.412652455300258 ] ] ] } },
{ "type": "Feature", "properties": { "FID": "139", "Village": "Neppalle" }, "geometry": { "type": "Polygon", "coordinates": [ [ [ 80.813889125074468, 16.41296361763316 ], [ 80.813797616247697, 16.412185824891601 ], [ 80.814369105741093, 16.412035109534493 ], [ 80.81436210497202, 16.411952498274424 ], [ 80.814206179936434, 16.41126409384421 ], [ 80.813613434620819, 16.411318454585537 ], [ 80.813099163236529, 16.411414181266508 ], [ 80.813148643867592, 16.411710166074439 ], [ 80.81277006230934, 16.41179229192414 ], [ 80.812854683575523, 16.412418673295004 ], [ 80.812118961891898, 16.412569185278947 ], [ 80.812118739302221, 16.412699961665673 ], [ 80.812253400639818, 16.413291974933866 ], [ 80.813889125074468, 16.41296361763316 ] ] ] } },
{ "type": "Feature", "properties": { "FID": "140", "Village": "Neppalle" }, "geometry": { "type": "Polygon", "coordinates": [ [ [ 80.815639971978968, 16.412112335961243 ], [ 80.815905533922901, 16.411300541997914 ], [ 80.8159341996828, 16.411238638461597 ], [ 80.815927059297323, 16.411238629926913 ], [ 80.815784124131838, 16.411314179902782 ], [ 80.815655481259299, 16.411382845787983 ], [ 80.815533375853278, 16.411809382252148 ], [ 80.815476264199475, 16.411802431893648 ], [ 80.815273791820388, 16.413309380509411 ], [ 80.815423729899067, 16.413316442131791 ], [ 80.815423706703797, 16.41333020605682 ], [ 80.815437987626936, 16.413330223161719 ], [ 80.815481989974288, 16.412642059078113 ], [ 80.815639971978968, 16.412112335961243 ] ] ] } },
{ "type": "Feature", "properties": { "FID": "141", "Village": "Neppalle" }, "geometry": { "type": "Polygon", "coordinates": [ [ [ 80.815273791820388, 16.413309380509411 ], [ 80.815476264199475, 16.411802431893648 ], [ 80.81436210497202, 16.411952498274424 ], [ 80.814369105741093, 16.412035109534493 ], [ 80.813797616247697, 16.412185824891601 ], [ 80.813889125074468, 16.41296361763316 ], [ 80.814002428751039, 16.41352121331429 ], [ 80.815273791820388, 16.413309380509411 ] ] ] } },
{ "type": "Feature", "properties": { "FID": "142", "Village": "Neppalle" }, "geometry": { "type": "Polygon", "coordinates": [ [ [ 80.800565582507687, 16.412726916295615 ], [ 80.800202981135882, 16.41185240734665 ], [ 80.799395665861908, 16.412106032458379 ], [ 80.798267061752767, 16.412352342542906 ], [ 80.798251414352038, 16.413123122402691 ], [ 80.798236315891145, 16.41358421423638 ], [ 80.798243407547005, 16.413611751192914 ], [ 80.799372310888415, 16.413200255294154 ], [ 80.800565582507687, 16.412726916295615 ] ] ] } },
{ "type": "Feature", "properties": { "FID": "143", "Village": "Neppalle" }, "geometry": { "type": "Polygon", "coordinates": [ [ [ 80.807905502370943, 16.412915029913062 ], [ 80.807834489492393, 16.41268781803501 ], [ 80.807692025000847, 16.41248806494627 ], [ 80.806248418987352, 16.413202022180364 ], [ 80.806497894085652, 16.413456983878973 ], [ 80.806733136536607, 16.413684380635189 ], [ 80.807905502370943, 16.412915029913062 ] ] ] } },
{ "type": "Feature", "properties": { "FID": "144", "Village": "Neppalle" }, "geometry": { "type": "Polygon", "coordinates": [ [ [ 80.80823406941542, 16.412853497189381 ], [ 80.8088632207578, 16.412393159923809 ], [ 80.808784747071229, 16.412351771618599 ], [ 80.808134233630909, 16.412777672451796 ], [ 80.807905502370943, 16.412915029913062 ], [ 80.806733136536607, 16.413684380635189 ], [ 80.806840160301434, 16.413732687041509 ], [ 80.80823406941542, 16.412853497189381 ] ] ] } },
{ "type": "Feature", "properties": { "FID": "145", "Village": "Neppalle" }, "geometry": { "type": "Polygon", "coordinates": [ [ [ 80.800708015611008, 16.412940438048469 ], [ 80.800565582507687, 16.412726916295615 ], [ 80.799372310888415, 16.413200255294154 ], [ 80.798243407547005, 16.413611751192914 ], [ 80.798271139701896, 16.414079779778906 ], [ 80.800708015611008, 16.412940438048469 ] ] ] } },
{ "type": "Feature", "properties": { "FID": "146", "Village": "Neppalle" }, "geometry": { "type": "Polygon", "coordinates": [ [ [ 80.800086881257528, 16.416951876563161 ], [ 80.800165476259266, 16.416924448563794 ], [ 80.800172628981016, 16.41691757568281 ], [ 80.801166070260663, 16.41639580586893 ], [ 80.801144709064772, 16.416361368980308 ], [ 80.801109151463677, 16.416278740328099 ], [ 80.800015766773953, 16.416786618911008 ], [ 80.799901444607357, 16.41682776535686 ], [ 80.799858528232733, 16.416869002583496 ], [ 80.799937001793054, 16.416910394204681 ], [ 80.800065459496295, 16.416951849335785 ], [ 80.800079740670441, 16.416951867487612 ], [ 80.800086881257528, 16.416951876563161 ] ] ] } },
{ "type": "Feature", "properties": { "FID": "147", "Village": "Neppalle" }, "geometry": { "type": "Polygon", "coordinates": [ [ [ 80.806606544508838, 16.416691664754254 ], [ 80.806186883762223, 16.41574835212834 ], [ 80.806294134987823, 16.415665901629662 ], [ 80.805282772234378, 16.414171217569251 ], [ 80.804953938840598, 16.414384148699131 ], [ 80.805808184161208, 16.415892402898521 ], [ 80.804957764606186, 16.416290459628978 ], [ 80.805227862483719, 16.417006521443035 ], [ 80.805749316694289, 16.416897059248861 ], [ 80.806606544508838, 16.416691664754254 ] ] ] } },
{ "type": "Feature", "properties": { "FID": "148", "Village": "Neppalle" }, "geometry": { "type": "Polygon", "coordinates": [ [ [ 80.813897273639526, 16.420802424776753 ], [ 80.814112695284209, 16.420093841285933 ], [ 80.814263488327455, 16.41959852086875 ], [ 80.814227808163352, 16.419584713977546 ], [ 80.814227819805822, 16.41957783201963 ], [ 80.814092228245073, 16.419529494952865 ], [ 80.813962996764204, 16.419942257571474 ], [ 80.813718743639242, 16.420809091473586 ], [ 80.81386862911539, 16.420850564044045 ], [ 80.813868617459704, 16.420857446000976 ], [ 80.813882887275739, 16.420864345174163 ], [ 80.813897273639526, 16.420802424776753 ] ] ] } },
{ "type": "Feature", "properties": { "FID": "149", "Village": "Neppalle" }, "geometry": { "type": "Polygon", "coordinates": [ [ [ 80.808680573045578, 16.423101531302883 ], [ 80.809216453354296, 16.422916376796543 ], [ 80.809402232521748, 16.42284778512812 ], [ 80.80943087843626, 16.422799646493711 ], [ 80.809595211398957, 16.422744792278575 ], [ 80.809203944816105, 16.421884066167372 ], [ 80.807511166362858, 16.422122849852521 ], [ 80.808016156942827, 16.423286525917408 ], [ 80.808680573045578, 16.423101531302883 ] ] ] } },
{ "type": "Feature", "properties": { "FID": "150", "Village": "Neppalle" }, "geometry": { "type": "Polygon", "coordinates": [ [ [ 80.809241501650604, 16.416646741533029 ], [ 80.808493126302949, 16.415840669149262 ], [ 80.807673565684169, 16.414910573350323 ], [ 80.807025063283405, 16.414166499424596 ], [ 80.806740062750308, 16.413808264737504 ], [ 80.806654305609399, 16.413849450294602 ], [ 80.807039094509875, 16.414311038226931 ], [ 80.807687633048545, 16.415034466230406 ], [ 80.808621230038341, 16.416088577801194 ], [ 80.809191458499356, 16.41668108996701 ], [ 80.809241501650604, 16.416646741533029 ] ] ] } },
{ "type": "Feature", "properties": { "FID": "151", "Village": "Neppalle" }, "geometry": { "type": "Polygon", "coordinates": [ [ [ 80.807556716772211, 16.416417561863881 ], [ 80.807913935130173, 16.416307891306463 ], [ 80.807237518767096, 16.415185313396023 ], [ 80.806923026302698, 16.415363855467323 ], [ 80.806294134987823, 16.415665901629662 ], [ 80.806186883762223, 16.41574835212834 ], [ 80.806606544508838, 16.416691664754254 ], [ 80.807556716772211, 16.416417561863881 ] ] ] } },
{ "type": "Feature", "properties": { "FID": "152", "Village": "Neppalle" }, "geometry": { "type": "Polygon", "coordinates": [ [ [ 80.807242293921249, 16.416554812632629 ], [ 80.807592336505522, 16.416465779667423 ], [ 80.807556716772211, 16.416417561863881 ], [ 80.806606544508838, 16.416691664754254 ], [ 80.806627870982283, 16.416746746966805 ], [ 80.807242293921249, 16.416554812632629 ] ] ] } },
{ "type": "Feature", "properties": { "FID": "153", "Village": "Neppalle" }, "geometry": { "type": "Polygon", "coordinates": [ [ [ 80.801109151463677, 16.416278740328099 ], [ 80.802173883829369, 16.415819031872505 ], [ 80.802053182496451, 16.415426588200731 ], [ 80.799866336863232, 16.416490504216874 ], [ 80.800015766773953, 16.416786618911008 ], [ 80.801109151463677, 16.416278740328099 ] ] ] } },
{ "type": "Feature", "properties": { "FID": "154", "Village": "Neppalle" }, "geometry": { "type": "Polygon", "coordinates": [ [ [ 80.79658995865779, 16.415866972229608 ], [ 80.796146847243179, 16.416100388151023 ], [ 80.796302675541341, 16.416809393531661 ], [ 80.796567139209344, 16.416651448989974 ], [ 80.796895801653093, 16.416541760463787 ], [ 80.797581418720185, 16.416473821457462 ], [ 80.798159687296376, 16.416529618252689 ], [ 80.799166349594458, 16.416620370082679 ], [ 80.798604182423531, 16.415525457537335 ], [ 80.79846188396364, 16.415236213805365 ], [ 80.797275854901457, 16.415640749270747 ], [ 80.797140086747234, 16.415695630612799 ], [ 80.79658995865779, 16.415866972229608 ], [ 80.79658995865779, 16.415866972229608 ] ] ] } },
{ "type": "Feature", "properties": { "FID": "155", "Village": "Neppalle" }, "geometry": { "type": "Polygon", "coordinates": [ [ [ 80.806195500729316, 16.419017451873277 ], [ 80.806988519076896, 16.418784448307832 ], [ 80.806675961840256, 16.417841039970483 ], [ 80.805775825241341, 16.418080982324621 ], [ 80.806095435990798, 16.419072383328182 ], [ 80.806195500729316, 16.419017451873277 ] ] ] } },
{ "type": "Feature", "properties": { "FID": "156", "Village": "Neppalle" }, "geometry": { "type": "Polygon", "coordinates": [ [ [ 80.804677893232522, 16.417088418837547 ], [ 80.804350241137726, 16.416620035314406 ], [ 80.80422919912192, 16.416420306749036 ], [ 80.803951848223463, 16.415828148281562 ], [ 80.803823426423989, 16.415766049653993 ], [ 80.803894375717633, 16.416027653446257 ], [ 80.804278763422701, 16.416661237732303 ], [ 80.804620624728344, 16.417170930939751 ], [ 80.804677893232522, 16.417088418837547 ] ] ] } },
{ "type": "Feature", "properties": { "FID": "157", "Village": "Neppalle" }, "geometry": { "type": "Polygon", "coordinates": [ [ [ 80.805406257752651, 16.417075563442392 ], [ 80.805949157688502, 16.416952363524217 ], [ 80.806627870982283, 16.416746746966805 ], [ 80.806606544508838, 16.416691664754254 ], [ 80.805749316694289, 16.416897059248861 ], [ 80.805227862483719, 16.417006521443035 ], [ 80.804677893232522, 16.417088418837547 ], [ 80.804620624728344, 16.417170930939751 ], [ 80.805406257752651, 16.417075563442392 ] ] ] } },
{ "type": "Feature", "properties": { "FID": "158", "Village": "Neppalle" }, "geometry": { "type": "Polygon", "coordinates": [ [ [ 80.802942027138812, 16.413473189458152 ], [ 80.803313720134852, 16.413239650242581 ], [ 80.803678195520689, 16.413061176205947 ], [ 80.803878200051059, 16.413020135014545 ], [ 80.803508398970052, 16.412159405690726 ], [ 80.803144033382239, 16.412275941843124 ], [ 80.802065198548519, 16.412646210382832 ], [ 80.800971981922871, 16.413071530006427 ], [ 80.801142929135068, 16.413312615464218 ], [ 80.801719771795661, 16.414187393444113 ], [ 80.802942027138812, 16.413473189458152 ] ] ] } },
{ "type": "Feature", "properties": { "FID": "159", "Village": "Neppalle" }, "geometry": { "type": "Polygon", "coordinates": [ [ [ 80.801719771795661, 16.414187393444113 ], [ 80.801142929135068, 16.413312615464218 ], [ 80.800971981922871, 16.413071530006427 ], [ 80.800943516992703, 16.413016438177433 ], [ 80.800679914282483, 16.412678868371195 ], [ 80.800565582507687, 16.412726916295615 ], [ 80.800708015611008, 16.412940438048469 ], [ 80.801156883328957, 16.413498465477804 ], [ 80.801413154066836, 16.413946117833209 ], [ 80.801555504339845, 16.414207831815222 ], [ 80.801719771795661, 16.414187393444113 ] ] ] } },
{ "type": "Feature", "properties": { "FID": "160", "Village": "Neppalle" }, "geometry": { "type": "Polygon", "coordinates": [ [ [ 80.809059878032656, 16.414299765759047 ], [ 80.80823406941542, 16.412853497189381 ], [ 80.806840160301434, 16.413732687041509 ], [ 80.807766463597346, 16.41486939619762 ], [ 80.809059878032656, 16.414299765759047 ] ] ] } },
{ "type": "Feature", "properties": { "FID": "161", "Village": "Neppalle" }, "geometry": { "type": "Polygon", "coordinates": [ [ [ 80.807766463597346, 16.41486939619762 ], [ 80.806840160301434, 16.413732687041509 ], [ 80.806733136536607, 16.413684380635189 ], [ 80.806497894085652, 16.413456983878973 ], [ 80.806397772716224, 16.413546325331072 ], [ 80.806654305609399, 16.413849450294602 ], [ 80.806740062750308, 16.413808264737504 ], [ 80.807025063283405, 16.414166499424596 ], [ 80.807673565684169, 16.414910573350323 ], [ 80.807766463597346, 16.41486939619762 ] ] ] } },
{ "type": "Feature", "properties": { "FID": "162", "Village": "Neppalle" }, "geometry": { "type": "Polygon", "coordinates": [ [ [ 80.811102130026569, 16.4142609721101 ], [ 80.810788995060477, 16.413648075507194 ], [ 80.810396092530013, 16.413750825473802 ], [ 80.810047352616394, 16.41308282846348 ], [ 80.809841022598533, 16.412648992410411 ], [ 80.809841034392164, 16.412642110449799 ], [ 80.809734258206603, 16.412449284391997 ], [ 80.809069713825522, 16.41273064947929 ], [ 80.809055326559744, 16.412792569583811 ], [ 80.809603488046136, 16.41375673760389 ], [ 80.810059005068837, 16.414617561229367 ], [ 80.810350953204406, 16.415092793496129 ], [ 80.81050845672047, 16.414852116826342 ], [ 80.81072288395022, 16.414728483938042 ], [ 80.810616211680554, 16.414473720708095 ], [ 80.811102130026569, 16.4142609721101 ] ] ] } },
{ "type": "Feature", "properties": { "FID": "163", "Village": "Neppalle" }, "geometry": { "type": "Polygon", "coordinates": [ [ [ 80.813614172902476, 16.415096755831907 ], [ 80.813500682818656, 16.414649271400972 ], [ 80.814257821202503, 16.414505662418044 ], [ 80.814066157268684, 16.413837860953144 ], [ 80.812444905720781, 16.414049243508764 ], [ 80.812899828212338, 16.415267942138765 ], [ 80.813614172902476, 16.415096755831907 ] ] ] } },
{ "type": "Feature", "properties": { "FID": "164", "Village": "Neppalle" }, "geometry": { "type": "Polygon", "coordinates": [ [ [ 80.810350953204406, 16.415092793496129 ], [ 80.810059005068837, 16.414617561229367 ], [ 80.809603488046136, 16.41375673760389 ], [ 80.809055326559744, 16.412792569583811 ], [ 80.809069713825522, 16.41273064947929 ], [ 80.809026871203528, 16.412730596864357 ], [ 80.8088632207578, 16.412393159923809 ], [ 80.80823406941542, 16.412853497189381 ], [ 80.809059878032656, 16.414299765759047 ], [ 80.809750783485356, 16.415305400400392 ], [ 80.810350953204406, 16.415092793496129 ] ] ] } },
{ "type": "Feature", "properties": { "FID": "165", "Village": "Neppalle" }, "geometry": { "type": "Polygon", "coordinates": [ [ [ 80.81522024570522, 16.415422140205642 ], [ 80.815384559275202, 16.415374163302296 ], [ 80.815384547675279, 16.415381045263445 ], [ 80.815391688211648, 16.415381053818109 ], [ 80.815407616364183, 16.414403813279879 ], [ 80.815401171825357, 16.413990867893567 ], [ 80.815437987626936, 16.413330223161719 ], [ 80.815423706703797, 16.41333020605682 ], [ 80.815423729899067, 16.413316442131791 ], [ 80.815273791820388, 16.413309380509411 ], [ 80.815236430022523, 16.41429349653443 ], [ 80.81522024570522, 16.415422140205642 ] ] ] } },
{ "type": "Feature", "properties": { "FID": "166", "Village": "Neppalle" }, "geometry": { "type": "Polygon", "coordinates": [ [ [ 80.804953938840598, 16.414384148699131 ], [ 80.804633622681607, 16.413805644009901 ], [ 80.803354098217014, 16.414650543434568 ], [ 80.803723963246284, 16.415476863089403 ], [ 80.804102684322899, 16.41526399639077 ], [ 80.804395685670158, 16.415126723522619 ], [ 80.804910449601522, 16.414755720931733 ], [ 80.804953938840598, 16.414384148699131 ] ] ] } },
{ "type": "Feature", "properties": { "FID": "167", "Village": "Neppalle" }, "geometry": { "type": "Polygon", "coordinates": [ [ [ 80.80352390806668, 16.415545451037374 ], [ 80.803688236515953, 16.415490601359128 ], [ 80.803723963246284, 16.415476863089403 ], [ 80.803354098217014, 16.414650543434568 ], [ 80.803075818862837, 16.414546964354344 ], [ 80.803410320660646, 16.41516678097776 ], [ 80.80273848086506, 16.415537582255276 ], [ 80.803073917630471, 16.415634351649885 ], [ 80.803166676701423, 16.41566199608118 ], [ 80.80352390806668, 16.415545451037374 ] ] ] } },
{ "type": "Feature", "properties": { "FID": "168", "Village": "Neppalle" }, "geometry": { "type": "Polygon", "coordinates": [ [ [ 80.807237518767096, 16.415185313396023 ], [ 80.806838446681454, 16.414723708152611 ], [ 80.805926024722893, 16.413821018402029 ], [ 80.805282772234378, 16.414171217569251 ], [ 80.806294134987823, 16.415665901629662 ], [ 80.806923026302698, 16.415363855467323 ], [ 80.807237518767096, 16.415185313396023 ] ] ] } },
{ "type": "Feature", "properties": { "FID": "169", "Village": "Neppalle" }, "geometry": { "type": "Polygon", "coordinates": [ [ [ 80.803166676701423, 16.41566199608118 ], [ 80.803073917630471, 16.415634351649885 ], [ 80.80273848086506, 16.415537582255276 ], [ 80.802517377365888, 16.415392763428091 ], [ 80.801719771795661, 16.414187393444113 ], [ 80.801555504339845, 16.414207831815222 ], [ 80.801819163259964, 16.414504089635859 ], [ 80.802203736846451, 16.415082679534652 ], [ 80.802481542118656, 16.415468419975841 ], [ 80.802652710091081, 16.415585648110316 ], [ 80.802745344377641, 16.415695876218731 ], [ 80.8027881153739, 16.415737221855014 ], [ 80.803088090418683, 16.415696307197603 ], [ 80.803166676701423, 16.41566199608118 ] ] ] } },
{ "type": "Feature", "properties": { "FID": "170", "Village": "Neppalle" }, "geometry": { "type": "Polygon", "coordinates": [ [ [ 80.809750783485356, 16.415305400400392 ], [ 80.809059878032656, 16.414299765759047 ], [ 80.807766463597346, 16.41486939619762 ], [ 80.808571755233743, 16.415792592109998 ], [ 80.809750783485356, 16.415305400400392 ] ] ] } },
{ "type": "Feature", "properties": { "FID": "171", "Village": "Neppalle" }, "geometry": { "type": "Polygon", "coordinates": [ [ [ 80.802652710091081, 16.415585648110316 ], [ 80.802481542118656, 16.415468419975841 ], [ 80.802203736846451, 16.415082679534652 ], [ 80.801819163259964, 16.414504089635859 ], [ 80.802259618636569, 16.415791612082288 ], [ 80.802652710091081, 16.415585648110316 ] ] ] } },
{ "type": "Feature", "properties": { "FID": "172", "Village": "Neppalle" }, "geometry": { "type": "Polygon", "coordinates": [ [ [ 80.802259618636569, 16.415791612082288 ], [ 80.801819163259964, 16.414504089635859 ], [ 80.801555504339845, 16.414207831815222 ], [ 80.801655120781703, 16.414407534856473 ], [ 80.801669353444396, 16.414435080721823 ], [ 80.802053182496451, 16.415426588200731 ], [ 80.802173883829369, 16.415819031872505 ], [ 80.802259618636569, 16.415791612082288 ] ] ] } },
{ "type": "Feature", "properties": { "FID": "173", "Village": "Neppalle" }, "geometry": { "type": "Polygon", "coordinates": [ [ [ 80.811356111478631, 16.416064396801819 ], [ 80.812313438241389, 16.415776517048247 ], [ 80.812199739948056, 16.415452907246827 ], [ 80.811809144446343, 16.414199894570125 ], [ 80.811187510527901, 16.41444000745366 ], [ 80.811102130026569, 16.4142609721101 ], [ 80.810616211680554, 16.414473720708095 ], [ 80.81072288395022, 16.414728483938042 ], [ 80.81050845672047, 16.414852116826342 ], [ 80.810350953204406, 16.415092793496129 ], [ 80.810899280281163, 16.415967492593865 ], [ 80.810949287684807, 16.415953789622396 ], [ 80.811070324568846, 16.416160396352556 ], [ 80.811356111478631, 16.416064396801819 ] ] ] } },
{ "type": "Feature", "properties": { "FID": "174", "Village": "Neppalle" }, "geometry": { "type": "Polygon", "coordinates": [ [ [ 80.802053182496451, 16.415426588200731 ], [ 80.801669353444396, 16.414435080721823 ], [ 80.801369247046793, 16.414551694888868 ], [ 80.801483132394765, 16.414758298022004 ], [ 80.800997020987097, 16.415074272678872 ], [ 80.799581601388411, 16.415987796319417 ], [ 80.799866336863232, 16.416490504216874 ], [ 80.802053182496451, 16.415426588200731 ] ] ] } },
{ "type": "Feature", "properties": { "FID": "175", "Village": "Neppalle" }, "geometry": { "type": "Polygon", "coordinates": [ [ [ 80.810899280281163, 16.415967492593865 ], [ 80.810350953204406, 16.415092793496129 ], [ 80.809750783485356, 16.415305400400392 ], [ 80.808571755233743, 16.415792592109998 ], [ 80.809305873198852, 16.416584882779883 ], [ 80.809834877535167, 16.416234550628467 ], [ 80.810106454667149, 16.416097281780655 ], [ 80.810763527380857, 16.416015500819778 ], [ 80.810899280281163, 16.415967492593865 ] ] ] } },
{ "type": "Feature", "properties": { "FID": "176", "Village": "Neppalle" }, "geometry": { "type": "Polygon", "coordinates": [ [ [ 80.815183034112081, 16.416316733181503 ], [ 80.815240924561323, 16.415862630501234 ], [ 80.81522024570522, 16.415422140205642 ], [ 80.814641664477733, 16.415538458468077 ], [ 80.814364963668524, 16.414485145398181 ], [ 80.814264973345374, 16.414498789049414 ], [ 80.814257821202503, 16.414505662418044 ], [ 80.813500682818656, 16.414649271400972 ], [ 80.813614172902476, 16.415096755831907 ], [ 80.813805789852481, 16.415792085467093 ], [ 80.813841492606102, 16.415792128507075 ], [ 80.814118867900888, 16.416446211991239 ], [ 80.814204275391162, 16.416611482190095 ], [ 80.815183034112081, 16.416316733181503 ] ] ] } },
{ "type": "Feature", "properties": { "FID": "177", "Village": "Neppalle" }, "geometry": { "type": "Polygon", "coordinates": [ [ [ 80.805227862483719, 16.417006521443035 ], [ 80.804957764606186, 16.416290459628978 ], [ 80.805808184161208, 16.415892402898521 ], [ 80.804953938840598, 16.414384148699131 ], [ 80.804910449601522, 16.414755720931733 ], [ 80.804395685670158, 16.415126723522619 ], [ 80.804102684322899, 16.41526399639077 ], [ 80.803723963246284, 16.415476863089403 ], [ 80.803823426423989, 16.415766049653993 ], [ 80.803951848223463, 16.415828148281562 ], [ 80.80422919912192, 16.416420306749036 ], [ 80.804350241137726, 16.416620035314406 ], [ 80.804677893232522, 16.417088418837547 ], [ 80.805227862483719, 16.417006521443035 ] ] ] } },
{ "type": "Feature", "properties": { "FID": "178", "Village": "Neppalle" }, "geometry": { "type": "Polygon", "coordinates": [ [ [ 80.804620624728344, 16.417170930939751 ], [ 80.804278763422701, 16.416661237732303 ], [ 80.803894375717633, 16.416027653446257 ], [ 80.804270699500108, 16.417191139366277 ], [ 80.804284884766361, 16.417246212874193 ], [ 80.804620624728344, 16.417170930939751 ] ] ] } },
{ "type": "Feature", "properties": { "FID": "179", "Village": "Neppalle" }, "geometry": { "type": "Polygon", "coordinates": [ [ [ 80.809076476208858, 16.417107631048754 ], [ 80.808313877983323, 16.416267092489367 ], [ 80.807592336505522, 16.416465779667423 ], [ 80.807242293921249, 16.416554812632629 ], [ 80.807583295932844, 16.417566883933855 ], [ 80.807633102119425, 16.417670175019889 ], [ 80.808347471857928, 16.417492124846909 ], [ 80.809076476208858, 16.417107631048754 ] ] ] } },
{ "type": "Feature", "properties": { "FID": "180", "Village": "Neppalle" }, "geometry": { "type": "Polygon", "coordinates": [ [ [ 80.814723654720282, 16.417726986477525 ], [ 80.814902228353688, 16.417692791057593 ], [ 80.814909368974227, 16.417692799629517 ], [ 80.815016989290839, 16.417390121957389 ], [ 80.81529699315314, 16.416488919153302 ], [ 80.815347278834636, 16.416310048082341 ], [ 80.815368828155073, 16.416234372184249 ], [ 80.815384118443433, 16.415635696939532 ], [ 80.815391688211648, 16.415381053818109 ], [ 80.815384547675279, 16.415381045263445 ], [ 80.815384559275202, 16.415374163302296 ], [ 80.81522024570522, 16.415422140205642 ], [ 80.815240924561323, 16.415862630501234 ], [ 80.815183034112081, 16.416316733181503 ], [ 80.815017604814486, 16.417025378087782 ], [ 80.814723654720282, 16.417726986477525 ] ] ] } },
{ "type": "Feature", "properties": { "FID": "181", "Village": "Neppalle" }, "geometry": { "type": "Polygon", "coordinates": [ [ [ 80.79865761359558, 16.417610724106996 ], [ 80.799379610409602, 16.417150553548236 ], [ 80.799858528232733, 16.416869002583496 ], [ 80.799508822006999, 16.416765327916689 ], [ 80.799244742230528, 16.416696171702206 ], [ 80.798159553027489, 16.416605319735019 ], [ 80.797595565370429, 16.416549541257726 ], [ 80.797274202954355, 16.416569774671459 ], [ 80.797565548034356, 16.417368456953394 ], [ 80.79824425143353, 16.417162867581609 ], [ 80.798507477857896, 16.417713761729217 ], [ 80.79865761359558, 16.417610724106996 ] ] ] } },
{ "type": "Feature", "properties": { "FID": "182", "Village": "Neppalle" }, "geometry": { "type": "Polygon", "coordinates": [ [ [ 80.813002729929806, 16.417745557975884 ], [ 80.812910182359786, 16.417580278671998 ], [ 80.812611516526928, 16.416850427957208 ], [ 80.812320555375194, 16.415790289626678 ], [ 80.812313438241389, 16.415776517048247 ], [ 80.811356111478631, 16.416064396801819 ], [ 80.811070324568846, 16.416160396352556 ], [ 80.811590072069478, 16.417048765380063 ], [ 80.811903519720303, 16.417482710642048 ], [ 80.812117222573235, 16.417785776915895 ], [ 80.812545695047433, 16.417765650609173 ], [ 80.812638265789005, 16.417917166151785 ], [ 80.813002729929806, 16.417745557975884 ] ] ] } },
{ "type": "Feature", "properties": { "FID": "183", "Village": "Neppalle" }, "geometry": { "type": "Polygon", "coordinates": [ [ [ 80.811903519720303, 16.417482710642048 ], [ 80.811590072069478, 16.417048765380063 ], [ 80.811070324568846, 16.416160396352556 ], [ 80.810949287684807, 16.415953789622396 ], [ 80.810899280281163, 16.415967492593865 ], [ 80.810763527380857, 16.416015500819778 ], [ 80.810106454667149, 16.416097281780655 ], [ 80.809834877535167, 16.416234550628467 ], [ 80.809305873198852, 16.416584882779883 ], [ 80.809947334234451, 16.417280748109189 ], [ 80.810688627112285, 16.418059508175574 ], [ 80.811903519720303, 16.417482710642048 ] ] ] } },
{ "type": "Feature", "properties": { "FID": "184", "Village": "Neppalle" }, "geometry": { "type": "Polygon", "coordinates": [ [ [ 80.806675961840256, 16.417841039970483 ], [ 80.807583295932844, 16.417566883933855 ], [ 80.807242293921249, 16.416554812632629 ], [ 80.806627870982283, 16.416746746966805 ], [ 80.805949157688502, 16.416952363524217 ], [ 80.805406257752651, 16.417075563442392 ], [ 80.805775825241341, 16.418080982324621 ], [ 80.806675961840256, 16.417841039970483 ] ] ] } },
{ "type": "Feature", "properties": { "FID": "185", "Village": "Neppalle" }, "geometry": { "type": "Polygon", "coordinates": [ [ [ 80.798507477857896, 16.417713761729217 ], [ 80.79824425143353, 16.417162867581609 ], [ 80.797565548034356, 16.417368456953394 ], [ 80.797274202954355, 16.416569774671459 ], [ 80.796774228127191, 16.416644833589523 ], [ 80.796502709904686, 16.41675459553257 ], [ 80.796316809447177, 16.416891995362263 ], [ 80.796323937759382, 16.416898886517608 ], [ 80.796402287885485, 16.417009098969835 ], [ 80.796651587895681, 16.417346636461613 ], [ 80.797371479074712, 16.418084123664691 ], [ 80.797407182210648, 16.418084169502663 ], [ 80.797814479006036, 16.417926406734185 ], [ 80.798507477857896, 16.417713761729217 ] ] ] } },
{ "type": "Feature", "properties": { "FID": "186", "Village": "Neppalle" }, "geometry": { "type": "Polygon", "coordinates": [ [ [ 80.810688627112285, 16.418059508175574 ], [ 80.809947334234451, 16.417280748109189 ], [ 80.809305873198852, 16.416584882779883 ], [ 80.808571755233743, 16.415792592109998 ], [ 80.808493126302949, 16.415840669149262 ], [ 80.809241501650604, 16.416646741533029 ], [ 80.809854482799878, 16.417294398379479 ], [ 80.810332043430023, 16.41779736655511 ], [ 80.810631419677051, 16.418107612146109 ], [ 80.810688627112285, 16.418059508175574 ] ] ] } },
{ "type": "Feature", "properties": { "FID": "187", "Village": "Neppalle" }, "geometry": { "type": "Polygon", "coordinates": [ [ [ 80.814723654720282, 16.417726986477525 ], [ 80.815017604814486, 16.417025378087782 ], [ 80.815183034112081, 16.416316733181503 ], [ 80.814204275391162, 16.416611482190095 ], [ 80.814118867900888, 16.416446211991239 ], [ 80.812611516526928, 16.416850427957208 ], [ 80.812910182359786, 16.417580278671998 ], [ 80.813002729929806, 16.417745557975884 ], [ 80.813244880223479, 16.418117668410744 ], [ 80.814723654720282, 16.417726986477525 ] ] ] } },
{ "type": "Feature", "properties": { "FID": "188", "Village": "Neppalle" }, "geometry": { "type": "Polygon", "coordinates": [ [ [ 80.810631419677051, 16.418107612146109 ], [ 80.810332043430023, 16.41779736655511 ], [ 80.809854482799878, 16.417294398379479 ], [ 80.809241501650604, 16.416646741533029 ], [ 80.809191458499356, 16.41668108996701 ], [ 80.810282047292645, 16.417804187414415 ], [ 80.810602810064239, 16.418135105104021 ], [ 80.810631419677051, 16.418107612146109 ] ] ] } },
{ "type": "Feature", "properties": { "FID": "189", "Village": "Neppalle" }, "geometry": { "type": "Polygon", "coordinates": [ [ [ 80.797978314855754, 16.418139957674146 ], [ 80.798735880020956, 16.41776910936608 ], [ 80.799307729987092, 16.417418858706984 ], [ 80.800079740670441, 16.416951867487612 ], [ 80.800065459496295, 16.416951849335785 ], [ 80.799937001793054, 16.416910394204681 ], [ 80.799858528232733, 16.416869002583496 ], [ 80.799379610409602, 16.417150553548236 ], [ 80.79865761359558, 16.417610724106996 ], [ 80.798507477857896, 16.417713761729217 ], [ 80.797814479006036, 16.417926406734185 ], [ 80.797407182210648, 16.418084169502663 ], [ 80.797556731850406, 16.41831146635867 ], [ 80.797735345516671, 16.41825663971969 ], [ 80.797978314855754, 16.418139957674146 ] ] ] } },
{ "type": "Feature", "properties": { "FID": "190", "Village": "Neppalle" }, "geometry": { "type": "Polygon", "coordinates": [ [ [ 80.81135025156668, 16.419498646724403 ], [ 80.811271844989335, 16.419415967600226 ], [ 80.810402212806764, 16.418520250493945 ], [ 80.809780280257314, 16.418925525910467 ], [ 80.81029355981957, 16.419421655910181 ], [ 80.810936080086861, 16.419505024050661 ], [ 80.81135025156668, 16.419498646724403 ] ] ] } },
{ "type": "Feature", "properties": { "FID": "191", "Village": "Neppalle" }, "geometry": { "type": "Polygon", "coordinates": [ [ [ 80.814723654720282, 16.417726986477525 ], [ 80.813244880223479, 16.418117668410744 ], [ 80.814092228245073, 16.419529494952865 ], [ 80.814723654720282, 16.417726986477525 ] ] ] } },
{ "type": "Feature", "properties": { "FID": "192", "Village": "Neppalle" }, "geometry": { "type": "Polygon", "coordinates": [ [ [ 80.814399929433591, 16.419144474883115 ], [ 80.814844824510288, 16.417857889498183 ], [ 80.814909368974227, 16.417692799629517 ], [ 80.814902228353688, 16.417692791057593 ], [ 80.814723654720282, 16.417726986477525 ], [ 80.814092228245073, 16.419529494952865 ], [ 80.814227819805822, 16.41957783201963 ], [ 80.814227808163352, 16.419584713977546 ], [ 80.814263488327455, 16.41959852086875 ], [ 80.814399929433591, 16.419144474883115 ] ] ] } },
{ "type": "Feature", "properties": { "FID": "193", "Village": "Neppalle" }, "geometry": { "type": "Polygon", "coordinates": [ [ [ 80.814092228245073, 16.419529494952865 ], [ 80.813244880223479, 16.418117668410744 ], [ 80.813002729929806, 16.417745557975884 ], [ 80.812638265789005, 16.417917166151785 ], [ 80.812545695047433, 16.417765650609173 ], [ 80.812117222573235, 16.417785776915895 ], [ 80.812523348419262, 16.418309490516513 ], [ 80.813271387840928, 16.419328927546076 ], [ 80.813521533304424, 16.4191984721819 ], [ 80.813962996764204, 16.419942257571474 ], [ 80.814092228245073, 16.419529494952865 ] ] ] } },
{ "type": "Feature", "properties": { "FID": "194", "Village": "Neppalle" }, "geometry": { "type": "Polygon", "coordinates": [ [ [ 80.813739419581609, 16.421249562546176 ], [ 80.813653870544215, 16.421166875694439 ], [ 80.812805337778101, 16.420450125218625 ], [ 80.812733837011791, 16.420505094416519 ], [ 80.812697911162402, 16.420635808355488 ], [ 80.813717449253545, 16.421572988662433 ], [ 80.813745953998591, 16.421607432897606 ], [ 80.813739419581609, 16.421249562546176 ] ] ] } },
{ "type": "Feature", "properties": { "FID": "195", "Village": "Neppalle" }, "geometry": { "type": "Polygon", "coordinates": [ [ [ 80.813962996764204, 16.419942257571474 ], [ 80.813521533304424, 16.4191984721819 ], [ 80.813271387840928, 16.419328927546076 ], [ 80.812523348419262, 16.418309490516513 ], [ 80.811444254494006, 16.418810564015608 ], [ 80.81247782440235, 16.419885406862733 ], [ 80.813347437160928, 16.420801761289617 ], [ 80.813718743639242, 16.420809091473586 ], [ 80.813962996764204, 16.419942257571474 ] ] ] } },
{ "type": "Feature", "properties": { "FID": "196", "Village": "Neppalle" }, "geometry": { "type": "Polygon", "coordinates": [ [ [ 80.811526327238298, 16.420930310911984 ], [ 80.812433774500931, 16.420594196471047 ], [ 80.81135025156668, 16.419498646724403 ], [ 80.810936080086861, 16.419505024050661 ], [ 80.81029355981957, 16.419421655910181 ], [ 80.81040726899117, 16.419738365539864 ], [ 80.810720000501206, 16.420592111785286 ], [ 80.810861921123902, 16.421115314674761 ], [ 80.811526327238298, 16.420930310911984 ] ] ] } },
{ "type": "Feature", "properties": { "FID": "197", "Village": "Neppalle" }, "geometry": { "type": "Polygon", "coordinates": [ [ [ 80.813868617459704, 16.420857446000976 ], [ 80.81386862911539, 16.420850564044045 ], [ 80.813718743639242, 16.420809091473586 ], [ 80.813347437160928, 16.420801761289617 ], [ 80.81247782440235, 16.419885406862733 ], [ 80.811444254494006, 16.418810564015608 ], [ 80.810688627112285, 16.418059508175574 ], [ 80.810631419677051, 16.418107612146109 ], [ 80.810602810064239, 16.418135105104021 ], [ 80.811729059782934, 16.419292648428026 ], [ 80.812805337778101, 16.420450125218625 ], [ 80.813653870544215, 16.421166875694439 ], [ 80.813739419581609, 16.421249562546176 ], [ 80.813739442902431, 16.42123579863291 ], [ 80.813868617459704, 16.420857446000976 ] ] ] } },
{ "type": "Feature", "properties": { "FID": "198", "Village": "Neppalle" }, "geometry": { "type": "Polygon", "coordinates": [ [ [ 80.808520053451517, 16.420940395639398 ], [ 80.8080369503908, 16.419508350723703 ], [ 80.806993744347466, 16.419892451907028 ], [ 80.807385425086167, 16.420505431798073 ], [ 80.807819727217222, 16.421249220967294 ], [ 80.808520053451517, 16.420940395639398 ] ] ] } },
{ "type": "Feature", "properties": { "FID": "199", "Village": "Neppalle" }, "geometry": { "type": "Polygon", "coordinates": [ [ [ 80.812805337778101, 16.420450125218625 ], [ 80.811729059782934, 16.419292648428026 ], [ 80.811621855747134, 16.419347573848864 ], [ 80.812733837011791, 16.420505094416519 ], [ 80.812805337778101, 16.420450125218625 ] ] ] } },
{ "type": "Feature", "properties": { "FID": "200", "Village": "Neppalle" }, "geometry": { "type": "Polygon", "coordinates": [ [ [ 80.812733837011791, 16.420505094416519 ], [ 80.811621855747134, 16.419347573848864 ], [ 80.811271844989335, 16.419415967600226 ], [ 80.81135025156668, 16.419498646724403 ], [ 80.812433774500931, 16.420594196471047 ], [ 80.812733837011791, 16.420505094416519 ] ] ] } },
{ "type": "Feature", "properties": { "FID": "201", "Village": "Neppalle" }, "geometry": { "type": "Polygon", "coordinates": [ [ [ 80.810397560783898, 16.421238623161138 ], [ 80.810861921123902, 16.421115314674761 ], [ 80.810720000501206, 16.420592111785286 ], [ 80.81040726899117, 16.419738365539864 ], [ 80.810128652300577, 16.419813726572212 ], [ 80.810299216123326, 16.420288791107147 ], [ 80.810113427914402, 16.420364265570328 ], [ 80.810383444186115, 16.421142258334019 ], [ 80.809083060159324, 16.421587993050153 ], [ 80.809203944816105, 16.421884066167372 ], [ 80.809918399386731, 16.421664719141042 ], [ 80.810047133566684, 16.421547883243338 ], [ 80.810290390654629, 16.421272902011609 ], [ 80.810397560783898, 16.421238623161138 ] ] ] } },
{ "type": "Feature", "properties": { "FID": "202", "Village": "Neppalle" }, "geometry": { "type": "Polygon", "coordinates": [ [ [ 80.809203944816105, 16.421884066167372 ], [ 80.809083060159324, 16.421587993050153 ], [ 80.810383444186115, 16.421142258334019 ], [ 80.810113427914402, 16.420364265570328 ], [ 80.810299216123326, 16.420288791107147 ], [ 80.810128652300577, 16.419813726572212 ], [ 80.809121329494317, 16.420094652680852 ], [ 80.808950709566005, 16.419653996990618 ], [ 80.809750962419713, 16.419365936126709 ], [ 80.81029355981957, 16.419421655910181 ], [ 80.809780280257314, 16.418925525910467 ], [ 80.810402212806764, 16.418520250493945 ], [ 80.809689363822642, 16.417810344015415 ], [ 80.809076476208858, 16.417107631048754 ], [ 80.808347471857928, 16.417492124846909 ], [ 80.807633102119425, 16.417670175019889 ], [ 80.807583295932844, 16.417566883933855 ], [ 80.806675961840256, 16.417841039970483 ], [ 80.806988519076896, 16.418784448307832 ], [ 80.806195500729316, 16.419017451873277 ], [ 80.806629366312634, 16.420008993887247 ], [ 80.806993744347466, 16.419892451907028 ], [ 80.8080369503908, 16.419508350723703 ], [ 80.808520053451517, 16.420940395639398 ], [ 80.807819727217222, 16.421249220967294 ], [ 80.80765538315913, 16.421310955762738 ], [ 80.807584118187734, 16.42122828410438 ], [ 80.807148175889381, 16.421434204111559 ], [ 80.807468523672227, 16.42200580368954 ], [ 80.807475569397923, 16.422060868143536 ], [ 80.807511166362858, 16.422122849852521 ], [ 80.809203944816105, 16.421884066167372 ] ] ] } },
{ "type": "Feature", "properties": { "FID": "203", "Village": "Neppalle" }, "geometry": { "type": "Polygon", "coordinates": [ [ [ 80.813066506572738, 16.422239753527744 ], [ 80.813187970012208, 16.422198608572753 ], [ 80.813617198633267, 16.42173803499729 ], [ 80.813717449253545, 16.421572988662433 ], [ 80.812697911162402, 16.420635808355488 ], [ 80.812733837011791, 16.420505094416519 ], [ 80.812433774500931, 16.420594196471047 ], [ 80.811526327238298, 16.420930310911984 ], [ 80.812288090675665, 16.422280102476225 ], [ 80.813066506572738, 16.422239753527744 ] ] ] } },
{ "type": "Feature", "properties": { "FID": "204", "Village": "Neppalle" }, "geometry": { "type": "Polygon", "coordinates": [ [ [ 80.813194737035232, 16.422418839787234 ], [ 80.813752593374545, 16.421903365631255 ], [ 80.81375262835526, 16.421882719762621 ], [ 80.813802648741657, 16.421862134176774 ], [ 80.813881337104803, 16.421779645407145 ], [ 80.813745953998591, 16.421607432897606 ], [ 80.813717449253545, 16.421572988662433 ], [ 80.813617198633267, 16.42173803499729 ], [ 80.813187970012208, 16.422198608572753 ], [ 80.813066506572738, 16.422239753527744 ], [ 80.812471199274981, 16.423780593797787 ], [ 80.812599722725182, 16.423787631538616 ], [ 80.812743065911306, 16.423478116583087 ], [ 80.812994467610324, 16.422611292753501 ], [ 80.813194737035232, 16.422418839787234 ] ] ] } },
{ "type": "Feature", "properties": { "FID": "205", "Village": "Neppalle" }, "geometry": { "type": "Polygon", "coordinates": [ [ [ 80.812471199274981, 16.423780593797787 ], [ 80.813066506572738, 16.422239753527744 ], [ 80.812288090675665, 16.422280102476225 ], [ 80.810924094602811, 16.422340381074672 ], [ 80.811023266196614, 16.422808475891696 ], [ 80.811243009793202, 16.423758455342764 ], [ 80.811242845301635, 16.423854802697427 ], [ 80.812471199274981, 16.423780593797787 ] ] ] } },
{ "type": "Feature", "properties": { "FID": "206", "Village": "Neppalle" }, "geometry": { "type": "Polygon", "coordinates": [ [ [ 80.811242845301635, 16.423854802697427 ], [ 80.811243009793202, 16.423758455342764 ], [ 80.811023266196614, 16.422808475891696 ], [ 80.810924094602811, 16.422340381074672 ], [ 80.810724070157036, 16.422388310808447 ], [ 80.810716929366876, 16.422388302092454 ], [ 80.810188286972021, 16.422518413567619 ], [ 80.809595211398957, 16.422744792278575 ], [ 80.80943087843626, 16.422799646493711 ], [ 80.809402232521748, 16.42284778512812 ], [ 80.809757514431908, 16.423873633956116 ], [ 80.811242845301635, 16.423854802697427 ] ] ] } },
{ "type": "Feature", "properties": { "FID": "207", "Village": "Neppalle" }, "geometry": { "type": "Polygon", "coordinates": [ [ [ 80.809757514431908, 16.423873633956116 ], [ 80.809402232521748, 16.42284778512812 ], [ 80.809216453354296, 16.422916376796543 ], [ 80.809230687692704, 16.422943922145247 ], [ 80.809266202644579, 16.423054077234081 ], [ 80.809507750241039, 16.423776980237331 ], [ 80.809543265495435, 16.423887135273816 ], [ 80.809564699837097, 16.423880279589383 ], [ 80.809757514431908, 16.423873633956116 ] ] ] } },
{ "type": "Feature", "properties": { "FID": "208", "Village": "Neppalle" }, "geometry": { "type": "Polygon", "coordinates": [ [ [ 80.810924094602811, 16.422340381074672 ], [ 80.812288090675665, 16.422280102476225 ], [ 80.811526327238298, 16.420930310911984 ], [ 80.810861921123902, 16.421115314674761 ], [ 80.810397560783898, 16.421238623161138 ], [ 80.810724070157036, 16.422388310808447 ], [ 80.810924094602811, 16.422340381074672 ] ] ] } },
{ "type": "Feature", "properties": { "FID": "209", "Village": "Neppalle" }, "geometry": { "type": "Polygon", "coordinates": [ [ [ 80.810724070157036, 16.422388310808447 ], [ 80.810397560783898, 16.421238623161138 ], [ 80.810290390654629, 16.421272902011609 ], [ 80.810047133566684, 16.421547883243338 ], [ 80.809918399386731, 16.421664719141042 ], [ 80.809203944816105, 16.421884066167372 ], [ 80.809595211398957, 16.422744792278575 ], [ 80.810188286972021, 16.422518413567619 ], [ 80.810716929366876, 16.422388302092454 ], [ 80.810724070157036, 16.422388310808447 ] ] ] } },
{ "type": "Feature", "properties": { "FID": "210", "Village": "Neppalle" }, "geometry": { "type": "Polygon", "coordinates": [ [ [ 80.810055708337671, 16.424878766355199 ], [ 80.809778724546362, 16.423997535360549 ], [ 80.809607214305345, 16.424073026807033 ], [ 80.809649870523074, 16.424183190577949 ], [ 80.809834683216692, 16.424678918684922 ], [ 80.809962569890459, 16.425057774653506 ], [ 80.809969746162068, 16.425037137538514 ], [ 80.810041379407366, 16.42490627668635 ], [ 80.810055708337671, 16.424878766355199 ] ] ] } },
{ "type": "Feature", "properties": { "FID": "211", "Village": "Neppalle" }, "geometry": { "type": "Polygon", "coordinates": [ [ [ 80.809976863459596, 16.425050910186044 ], [ 80.812141115197264, 16.424723023016618 ], [ 80.812155408666982, 16.424716158399569 ], [ 80.812198488244789, 16.42457857132851 ], [ 80.812098469175879, 16.424605977787895 ], [ 80.811869855733192, 16.42466763780714 ], [ 80.811077101197512, 16.42473549261107 ], [ 80.810884250496557, 16.42476278530663 ], [ 80.810055708337671, 16.424878766355199 ], [ 80.810041379407366, 16.42490627668635 ], [ 80.809969746162068, 16.425037137538514 ], [ 80.809962569890459, 16.425057774653506 ], [ 80.809976863459596, 16.425050910186044 ] ] ] } },
{ "type": "Feature", "properties": { "FID": "212", "Village": "Neppalle" }, "geometry": { "type": "Polygon", "coordinates": [ [ [ 80.812406685821699, 16.423925036916774 ], [ 80.812528080220943, 16.423925184088606 ], [ 80.812549572982888, 16.423883918326474 ], [ 80.812571065735682, 16.423842652561888 ], [ 80.812599722725182, 16.423787631538616 ], [ 80.812471199274981, 16.423780593797787 ], [ 80.811242845301635, 16.423854802697427 ], [ 80.811249927399686, 16.423889221165421 ], [ 80.81124986865369, 16.423923630934638 ], [ 80.812406685821699, 16.423925036916774 ] ] ] } },
{ "type": "Feature", "properties": { "FID": "213", "Village": "Neppalle" }, "geometry": { "type": "Polygon", "coordinates": [ [ [ 80.809778724546362, 16.423997535360549 ], [ 80.81124986865369, 16.423923630934638 ], [ 80.811249927399686, 16.423889221165421 ], [ 80.811242845301635, 16.423854802697427 ], [ 80.809757514431908, 16.423873633956116 ], [ 80.809564699837097, 16.423880279589383 ], [ 80.809543265495435, 16.423887135273816 ], [ 80.809550370912859, 16.423907789889679 ], [ 80.809571698982211, 16.423962871782582 ], [ 80.809607214305345, 16.424073026807033 ], [ 80.809778724546362, 16.423997535360549 ] ] ] } },
{ "type": "Feature", "properties": { "FID": "214", "Village": "Neppalle" }, "geometry": { "type": "Polygon", "coordinates": [ [ [ 80.812262545231704, 16.424702524485888 ], [ 80.812420452360328, 16.424227860220611 ], [ 80.812528080220943, 16.423925184088606 ], [ 80.812406685821699, 16.423925036916774 ], [ 80.812198488244789, 16.42457857132851 ], [ 80.812248263481081, 16.424702507156553 ], [ 80.812262545231704, 16.424702524485888 ] ] ] } },
{ "type": "Feature", "properties": { "FID": "215", "Village": "Neppalle" }, "geometry": { "type": "Polygon", "coordinates": [ [ [ 80.812198488244789, 16.42457857132851 ], [ 80.812406685821699, 16.423925036916774 ], [ 80.81124986865369, 16.423923630934638 ], [ 80.809778724546362, 16.423997535360549 ], [ 80.810055708337671, 16.424878766355199 ], [ 80.810884250496557, 16.42476278530663 ], [ 80.811077101197512, 16.42473549261107 ], [ 80.811869855733192, 16.42466763780714 ], [ 80.812098469175879, 16.424605977787895 ], [ 80.812198488244789, 16.42457857132851 ], [ 80.812198488244789, 16.42457857132851 ] ] ] } }

    ]}    